[2026-05-06 18:33:16.566] schedule_alarm_tick took 195.8ms | second=18:33:16
[2026-05-06 18:33:17.273] schedule_alarm_tick took 237.3ms | second=18:33:17
[2026-05-06 18:33:18.202] schedule_alarm_tick took 157.8ms | second=18:33:18
[2026-05-06 18:33:19.187] schedule_alarm_tick took 138.3ms | second=18:33:19
[2026-05-06 18:33:20.176] schedule_alarm_tick took 130.6ms | second=18:33:20
[2026-05-06 18:33:21.175] schedule_alarm_tick took 139.1ms | second=18:33:21
[2026-05-06 18:33:22.174] schedule_alarm_tick took 132.7ms | second=18:33:22
[2026-05-06 18:33:22.714] timer_update_gap 70.5ms running=1 schedule_window=0 alarm=1
[2026-05-06 18:33:23.181] schedule_alarm_tick took 144.8ms | second=18:33:23
[2026-05-06 18:33:23.584] timer_update_gap 65.4ms running=1 schedule_window=0 alarm=1
[2026-05-06 18:33:23.835] timer_update_gap 85.5ms running=1 schedule_window=0 alarm=1
[2026-05-06 18:33:24.161] schedule_alarm_tick took 124.6ms | second=18:33:24
[2026-05-06 18:33:25.165] schedule_alarm_tick took 128.4ms | second=18:33:25
[2026-05-06 18:33:26.173] schedule_alarm_tick took 137.2ms | second=18:33:26
[2026-05-06 18:33:27.160] schedule_alarm_tick took 124.9ms | second=18:33:27
[2026-05-06 18:45:56.468] schedule_summary_tick took 22.3ms | second_changed=1 blink=0
[2026-05-06 18:45:57.243] schedule_summary_tick took 22.4ms | second_changed=1 blink=0
[2026-05-06 18:45:58.253] schedule_summary_tick took 21.8ms | second_changed=1 blink=0
[2026-05-06 18:45:59.310] timer_update_gap 68.0ms running=1 schedule_window=1 alarm=1
[2026-05-06 18:46:01.247] schedule_summary_tick took 20.6ms | second_changed=1 blink=0
[2026-05-06 18:46:02.241] schedule_summary_tick took 21.3ms | second_changed=1 blink=0
[2026-05-06 18:46:04.242] schedule_summary_tick took 21.1ms | second_changed=1 blink=0
[2026-05-06 18:46:05.250] schedule_summary_tick took 21.1ms | second_changed=1 blink=0
[2026-05-06 18:46:06.243] schedule_summary_tick took 21.9ms | second_changed=1 blink=0
[2026-05-06 18:46:07.250] schedule_summary_tick took 24.5ms | second_changed=1 blink=0
[2026-05-06 18:46:08.266] schedule_summary_tick took 33.2ms | second_changed=1 blink=0
[2026-05-06 18:46:09.259] schedule_summary_tick took 32.3ms | second_changed=1 blink=0
[2026-05-06 18:46:10.256] schedule_summary_tick took 30.0ms | second_changed=1 blink=0
[2026-05-06 18:46:11.251] schedule_summary_tick took 28.5ms | second_changed=1 blink=0
[2026-05-06 18:46:12.249] schedule_summary_tick took 26.8ms | second_changed=1 blink=0
[2026-05-06 18:46:13.266] schedule_summary_tick took 34.3ms | second_changed=1 blink=0
[2026-05-06 18:46:14.249] schedule_summary_tick took 28.6ms | second_changed=1 blink=0
[2026-05-06 18:46:15.252] schedule_summary_tick took 26.5ms | second_changed=1 blink=0
[2026-05-06 18:46:16.255] schedule_summary_tick took 23.6ms | second_changed=1 blink=0
[2026-05-06 18:46:17.255] schedule_summary_tick took 28.7ms | second_changed=1 blink=0
[2026-05-06 18:46:18.246] schedule_summary_tick took 25.6ms | second_changed=1 blink=0
[2026-05-06 18:46:19.255] schedule_summary_tick took 23.9ms | second_changed=1 blink=0
[2026-05-06 18:46:20.248] schedule_summary_tick took 21.8ms | second_changed=1 blink=0
[2026-05-06 18:46:21.246] schedule_summary_tick took 22.8ms | second_changed=1 blink=0
[2026-05-06 18:46:22.256] schedule_summary_tick took 24.0ms | second_changed=1 blink=0
[2026-05-06 18:46:23.253] schedule_summary_tick took 29.3ms | second_changed=1 blink=0
[2026-05-06 18:46:24.260] schedule_summary_tick took 31.4ms | second_changed=1 blink=0
[2026-05-06 18:46:25.254] schedule_summary_tick took 21.9ms | second_changed=1 blink=0
[2026-05-06 18:46:26.247] schedule_summary_tick took 21.8ms | second_changed=1 blink=0
[2026-05-06 18:46:27.249] schedule_summary_tick took 27.7ms | second_changed=1 blink=0
[2026-05-06 18:46:28.256] schedule_summary_tick took 31.4ms | second_changed=1 blink=0
[2026-05-06 18:46:29.258] schedule_summary_tick took 29.4ms | second_changed=1 blink=0
[2026-05-06 18:46:30.260] schedule_summary_tick took 27.6ms | second_changed=1 blink=0
[2026-05-06 18:46:31.284] schedule_summary_tick took 51.1ms | second_changed=1 blink=0
[2026-05-06 18:46:32.255] schedule_summary_tick took 23.4ms | second_changed=1 blink=0
[2026-05-06 18:46:33.253] schedule_summary_tick took 27.4ms | second_changed=1 blink=0
[2026-05-06 18:46:34.252] schedule_summary_tick took 22.2ms | second_changed=1 blink=0
[2026-05-06 18:46:35.258] schedule_summary_tick took 24.5ms | second_changed=1 blink=0
[2026-05-06 18:46:36.257] schedule_summary_tick took 29.6ms | second_changed=1 blink=0
[2026-05-06 18:46:37.260] schedule_summary_tick took 26.2ms | second_changed=1 blink=0
[2026-05-06 18:46:38.258] schedule_summary_tick took 29.9ms | second_changed=1 blink=0
[2026-05-06 18:46:39.258] schedule_summary_tick took 24.7ms | second_changed=1 blink=0
[2026-05-06 18:46:40.251] schedule_summary_tick took 28.3ms | second_changed=1 blink=0
[2026-05-06 18:46:41.254] schedule_summary_tick took 24.6ms | second_changed=1 blink=0
[2026-05-06 18:46:42.249] schedule_summary_tick took 24.0ms | second_changed=1 blink=0
[2026-05-06 18:46:43.259] schedule_summary_tick took 25.1ms | second_changed=1 blink=0
[2026-05-06 18:46:44.250] schedule_summary_tick took 22.6ms | second_changed=1 blink=0
[2026-05-06 18:46:45.253] schedule_summary_tick took 29.0ms | second_changed=1 blink=0
[2026-05-06 18:46:46.254] schedule_summary_tick took 25.9ms | second_changed=1 blink=0
[2026-05-06 18:46:47.245] schedule_summary_tick took 22.1ms | second_changed=1 blink=0
[2026-05-06 18:46:48.253] schedule_summary_tick took 23.6ms | second_changed=1 blink=0
[2026-05-06 18:46:49.257] schedule_summary_tick took 25.1ms | second_changed=1 blink=0
[2026-05-06 18:46:50.272] schedule_summary_tick took 46.4ms | second_changed=1 blink=0
[2026-05-06 18:46:51.258] schedule_summary_tick took 23.7ms | second_changed=1 blink=0
[2026-05-06 18:46:52.243] schedule_summary_tick took 20.1ms | second_changed=1 blink=0
[2026-05-06 18:46:53.268] schedule_summary_tick took 47.7ms | second_changed=1 blink=0
[2026-05-06 18:46:54.254] schedule_summary_tick took 27.7ms | second_changed=1 blink=0
[2026-05-06 18:46:55.248] schedule_summary_tick took 26.8ms | second_changed=1 blink=0
[2026-05-06 18:46:56.258] schedule_summary_tick took 25.1ms | second_changed=1 blink=0
[2026-05-06 18:46:57.257] schedule_summary_tick took 22.7ms | second_changed=1 blink=0
[2026-05-06 18:46:58.249] schedule_summary_tick took 22.1ms | second_changed=1 blink=0
[2026-05-06 18:46:59.258] schedule_summary_tick took 25.6ms | second_changed=1 blink=0
[2026-05-06 18:47:00.259] schedule_summary_tick took 31.2ms | second_changed=1 blink=0
[2026-05-06 18:47:01.257] schedule_summary_tick took 23.3ms | second_changed=1 blink=0
[2026-05-06 18:47:02.260] schedule_summary_tick took 27.5ms | second_changed=1 blink=0
[2026-05-06 18:47:03.246] schedule_summary_tick took 22.5ms | second_changed=1 blink=0
[2026-05-06 18:47:04.248] schedule_summary_tick took 26.1ms | second_changed=1 blink=0
[2026-05-06 18:47:05.251] schedule_summary_tick took 23.1ms | second_changed=1 blink=0
[2026-05-06 18:47:06.243] schedule_summary_tick took 22.7ms | second_changed=1 blink=0
[2026-05-06 18:47:07.248] schedule_summary_tick took 23.4ms | second_changed=1 blink=0
[2026-05-06 18:47:08.246] schedule_summary_tick took 26.0ms | second_changed=1 blink=0
[2026-05-06 18:47:09.252] schedule_summary_tick took 25.4ms | second_changed=1 blink=0
[2026-05-06 18:47:10.251] schedule_summary_tick took 29.7ms | second_changed=1 blink=0
[2026-05-06 18:47:11.257] schedule_summary_tick took 25.7ms | second_changed=1 blink=0
[2026-05-06 18:47:12.249] schedule_summary_tick took 27.0ms | second_changed=1 blink=0
[2026-05-06 18:47:13.254] schedule_summary_tick took 25.8ms | second_changed=1 blink=0
[2026-05-06 18:47:14.247] schedule_summary_tick took 26.5ms | second_changed=1 blink=0
[2026-05-06 18:47:15.257] schedule_summary_tick took 27.8ms | second_changed=1 blink=0
[2026-05-06 18:47:16.255] schedule_summary_tick took 31.6ms | second_changed=1 blink=0
[2026-05-06 18:47:17.254] schedule_summary_tick took 23.5ms | second_changed=1 blink=0
[2026-05-06 18:47:18.258] schedule_summary_tick took 25.1ms | second_changed=1 blink=0
[2026-05-06 18:47:19.151] main_clock_tick took 20.4ms
[2026-05-06 18:47:19.251] schedule_summary_tick took 27.7ms | second_changed=1 blink=0
[2026-05-06 18:47:20.262] schedule_summary_tick took 28.5ms | second_changed=1 blink=0
[2026-05-06 18:47:21.250] schedule_summary_tick took 24.6ms | second_changed=1 blink=0
[2026-05-06 18:47:22.251] schedule_summary_tick took 25.5ms | second_changed=1 blink=0
[2026-05-06 18:47:23.261] schedule_summary_tick took 27.8ms | second_changed=1 blink=0
[2026-05-06 18:47:24.259] schedule_summary_tick took 28.6ms | second_changed=1 blink=0
[2026-05-06 18:47:25.254] schedule_summary_tick took 26.1ms | second_changed=1 blink=0
[2026-05-06 18:47:26.247] schedule_summary_tick took 26.8ms | second_changed=1 blink=0
[2026-05-06 18:47:27.256] schedule_summary_tick took 27.6ms | second_changed=1 blink=0
[2026-05-06 18:47:28.246] schedule_summary_tick took 24.7ms | second_changed=1 blink=0
[2026-05-06 18:47:29.254] schedule_summary_tick took 24.3ms | second_changed=1 blink=0
[2026-05-06 18:47:30.247] schedule_summary_tick took 27.8ms | second_changed=1 blink=0
[2026-05-06 18:47:31.261] schedule_summary_tick took 31.9ms | second_changed=1 blink=0
[2026-05-06 18:47:32.247] schedule_summary_tick took 22.5ms | second_changed=1 blink=0
[2026-05-06 18:47:33.255] schedule_summary_tick took 21.3ms | second_changed=1 blink=0
[2026-05-06 18:47:34.250] schedule_summary_tick took 23.9ms | second_changed=1 blink=0
[2026-05-06 18:47:35.252] schedule_summary_tick took 21.7ms | second_changed=1 blink=0
[2026-05-06 18:47:36.252] schedule_summary_tick took 28.0ms | second_changed=1 blink=0
[2026-05-06 18:47:37.256] schedule_summary_tick took 22.2ms | second_changed=1 blink=0
[2026-05-06 18:47:38.253] schedule_summary_tick took 25.7ms | second_changed=1 blink=0
[2026-05-06 18:47:39.248] schedule_summary_tick took 26.7ms | second_changed=1 blink=0
[2026-05-06 18:47:40.258] schedule_summary_tick took 26.5ms | second_changed=1 blink=0
[2026-05-06 18:47:41.253] schedule_summary_tick took 25.9ms | second_changed=1 blink=0
[2026-05-06 18:47:42.252] schedule_summary_tick took 25.0ms | second_changed=1 blink=0
[2026-05-06 18:47:43.247] schedule_summary_tick took 24.7ms | second_changed=1 blink=0
[2026-05-06 18:47:44.257] schedule_summary_tick took 24.5ms | second_changed=1 blink=0
[2026-05-06 18:47:45.248] schedule_summary_tick took 25.2ms | second_changed=1 blink=0
[2026-05-06 18:47:46.264] schedule_summary_tick took 30.3ms | second_changed=1 blink=0
[2026-05-06 18:47:47.249] schedule_summary_tick took 28.2ms | second_changed=1 blink=0
[2026-05-06 18:47:48.253] schedule_summary_tick took 23.8ms | second_changed=1 blink=0
[2026-05-06 18:47:49.244] schedule_summary_tick took 23.0ms | second_changed=1 blink=0
[2026-05-06 18:47:50.248] schedule_summary_tick took 20.9ms | second_changed=1 blink=0
[2026-05-06 18:47:51.259] schedule_summary_tick took 25.0ms | second_changed=1 blink=0
[2026-05-06 18:47:52.248] schedule_summary_tick took 26.3ms | second_changed=1 blink=0
[2026-05-06 18:47:53.254] schedule_summary_tick took 26.3ms | second_changed=1 blink=0
[2026-05-06 18:47:54.249] schedule_summary_tick took 28.6ms | second_changed=1 blink=0
[2026-05-06 18:47:55.260] schedule_summary_tick took 25.1ms | second_changed=1 blink=0
[2026-05-06 18:47:56.250] schedule_summary_tick took 23.8ms | second_changed=1 blink=0
[2026-05-06 18:47:57.259] schedule_summary_tick took 27.7ms | second_changed=1 blink=0
[2026-05-06 18:47:58.250] schedule_summary_tick took 25.7ms | second_changed=1 blink=0
[2026-05-06 18:47:59.261] schedule_summary_tick took 26.9ms | second_changed=1 blink=0
[2026-05-06 18:48:00.251] schedule_summary_tick took 24.9ms | second_changed=1 blink=0
[2026-05-06 18:48:01.256] schedule_summary_tick took 25.8ms | second_changed=1 blink=0
[2026-05-06 18:48:02.254] schedule_summary_tick took 27.5ms | second_changed=1 blink=0
[2026-05-06 18:48:03.248] schedule_summary_tick took 29.0ms | second_changed=1 blink=0
[2026-05-06 18:48:04.250] schedule_summary_tick took 23.0ms | second_changed=1 blink=0
[2026-05-06 18:48:05.258] schedule_summary_tick took 24.6ms | second_changed=1 blink=0
[2026-05-06 18:48:06.244] schedule_summary_tick took 23.6ms | second_changed=1 blink=0
[2026-05-06 18:48:07.248] schedule_summary_tick took 24.0ms | second_changed=1 blink=0
[2026-05-06 18:48:08.259] schedule_summary_tick took 25.2ms | second_changed=1 blink=0
[2026-05-06 18:48:09.250] schedule_summary_tick took 23.8ms | second_changed=1 blink=0
[2026-05-06 18:48:10.245] schedule_summary_tick took 23.6ms | second_changed=1 blink=0
[2026-05-06 18:48:11.251] schedule_summary_tick took 23.6ms | second_changed=1 blink=0
[2026-05-06 18:48:12.257] schedule_summary_tick took 23.3ms | second_changed=1 blink=0
[2026-05-06 18:48:13.260] schedule_summary_tick took 40.6ms | second_changed=1 blink=0
[2026-05-06 18:48:14.249] schedule_summary_tick took 25.4ms | second_changed=1 blink=0
[2026-05-06 18:48:15.256] schedule_summary_tick took 26.0ms | second_changed=1 blink=0
[2026-05-06 18:48:16.257] schedule_summary_tick took 23.1ms | second_changed=1 blink=0
[2026-05-06 18:48:17.253] schedule_summary_tick took 28.9ms | second_changed=1 blink=0
[2026-05-06 18:48:18.252] schedule_summary_tick took 26.6ms | second_changed=1 blink=0
[2026-05-06 18:48:19.248] schedule_summary_tick took 22.4ms | second_changed=1 blink=0
[2026-05-06 18:48:20.256] schedule_summary_tick took 24.5ms | second_changed=1 blink=0
[2026-05-06 18:48:21.245] schedule_summary_tick took 24.1ms | second_changed=1 blink=0
[2026-05-06 18:48:22.256] schedule_summary_tick took 26.3ms | second_changed=1 blink=0
[2026-05-06 18:48:23.255] schedule_summary_tick took 25.1ms | second_changed=1 blink=0
[2026-05-06 18:48:24.250] schedule_summary_tick took 26.3ms | second_changed=1 blink=0
[2026-05-06 18:48:25.261] schedule_summary_tick took 26.4ms | second_changed=1 blink=0
[2026-05-06 18:48:26.296] schedule_summary_tick took 63.7ms | second_changed=1 blink=0
[2026-05-06 18:48:27.250] schedule_summary_tick took 25.6ms | second_changed=1 blink=0
[2026-05-06 18:48:28.255] schedule_summary_tick took 23.9ms | second_changed=1 blink=0
[2026-05-06 18:48:29.249] schedule_summary_tick took 27.7ms | second_changed=1 blink=0
[2026-05-06 18:48:30.247] schedule_summary_tick took 26.5ms | second_changed=1 blink=0
[2026-05-06 18:48:31.256] schedule_summary_tick took 24.6ms | second_changed=1 blink=0
[2026-05-06 18:48:32.247] schedule_summary_tick took 25.9ms | second_changed=1 blink=0
[2026-05-06 18:48:33.255] schedule_summary_tick took 30.0ms | second_changed=1 blink=0
[2026-05-06 18:48:34.254] schedule_summary_tick took 28.1ms | second_changed=1 blink=0
[2026-05-06 18:48:35.256] schedule_summary_tick took 24.8ms | second_changed=1 blink=0
[2026-05-06 18:48:36.260] schedule_summary_tick took 26.2ms | second_changed=1 blink=0
[2026-05-06 18:48:37.257] schedule_summary_tick took 30.5ms | second_changed=1 blink=0
[2026-05-06 18:48:38.249] schedule_summary_tick took 28.5ms | second_changed=1 blink=0
[2026-05-06 18:48:39.252] schedule_summary_tick took 27.1ms | second_changed=1 blink=0
[2026-05-06 18:48:40.256] schedule_summary_tick took 24.7ms | second_changed=1 blink=0
[2026-05-06 18:48:41.251] schedule_summary_tick took 24.5ms | second_changed=1 blink=0
[2026-05-06 18:48:42.246] schedule_summary_tick took 24.4ms | second_changed=1 blink=0
[2026-05-06 18:48:43.243] schedule_summary_tick took 23.1ms | second_changed=1 blink=0
[2026-05-06 18:48:44.250] schedule_summary_tick took 23.9ms | second_changed=1 blink=0
[2026-05-06 18:48:45.262] schedule_summary_tick took 26.5ms | second_changed=1 blink=0
[2026-05-06 18:48:46.258] schedule_summary_tick took 23.1ms | second_changed=1 blink=0
[2026-05-06 18:48:47.253] schedule_summary_tick took 28.7ms | second_changed=1 blink=0
[2026-05-06 18:48:48.258] schedule_summary_tick took 24.6ms | second_changed=1 blink=0
[2026-05-06 18:48:49.254] schedule_summary_tick took 27.3ms | second_changed=1 blink=0
[2026-05-06 18:48:50.254] schedule_summary_tick took 33.6ms | second_changed=1 blink=0
[2026-05-06 18:48:51.250] schedule_summary_tick took 23.8ms | second_changed=1 blink=0
[2026-05-06 18:48:52.256] schedule_summary_tick took 29.1ms | second_changed=1 blink=0
[2026-05-06 18:48:53.259] schedule_summary_tick took 24.8ms | second_changed=1 blink=0
[2026-05-06 18:48:54.249] schedule_summary_tick took 25.8ms | second_changed=1 blink=0
[2026-05-06 18:48:55.256] schedule_summary_tick took 23.9ms | second_changed=1 blink=0
[2026-05-06 18:48:56.249] schedule_summary_tick took 23.8ms | second_changed=1 blink=0
[2026-05-06 18:48:57.247] schedule_summary_tick took 23.9ms | second_changed=1 blink=0
[2026-05-06 18:48:58.253] schedule_summary_tick took 23.5ms | second_changed=1 blink=0
[2026-05-06 18:48:59.245] schedule_summary_tick took 22.3ms | second_changed=1 blink=0
[2026-05-06 18:49:00.260] schedule_summary_tick took 25.1ms | second_changed=1 blink=0
[2026-05-06 18:49:01.247] schedule_summary_tick took 26.1ms | second_changed=1 blink=0
[2026-05-06 18:49:02.252] schedule_summary_tick took 23.8ms | second_changed=1 blink=0
[2026-05-06 18:49:03.247] schedule_summary_tick took 26.2ms | second_changed=1 blink=0
[2026-05-06 18:49:04.257] schedule_summary_tick took 24.8ms | second_changed=1 blink=0
[2026-05-06 18:49:05.262] schedule_summary_tick took 39.0ms | second_changed=1 blink=0
[2026-05-06 18:49:06.252] schedule_summary_tick took 28.4ms | second_changed=1 blink=0
[2026-05-06 18:49:07.264] schedule_summary_tick took 32.3ms | second_changed=1 blink=0
[2026-05-06 18:49:08.255] schedule_summary_tick took 25.6ms | second_changed=1 blink=0
[2026-05-06 18:49:09.256] schedule_summary_tick took 24.4ms | second_changed=1 blink=0
[2026-05-06 18:49:10.246] schedule_summary_tick took 22.8ms | second_changed=1 blink=0
[2026-05-06 18:49:11.248] schedule_summary_tick took 26.5ms | second_changed=1 blink=0
[2026-05-06 18:49:12.263] schedule_summary_tick took 30.9ms | second_changed=1 blink=0
[2026-05-06 18:49:13.249] schedule_summary_tick took 23.2ms | second_changed=1 blink=0
[2026-05-06 18:49:14.255] schedule_summary_tick took 23.9ms | second_changed=1 blink=0
[2026-05-06 18:49:15.256] schedule_summary_tick took 34.9ms | second_changed=1 blink=0
[2026-05-06 18:49:16.249] schedule_summary_tick took 25.6ms | second_changed=1 blink=0
[2026-05-06 18:49:17.248] schedule_summary_tick took 24.5ms | second_changed=1 blink=0
[2026-05-06 18:49:18.254] schedule_summary_tick took 27.2ms | second_changed=1 blink=0
[2026-05-06 18:49:19.256] schedule_summary_tick took 23.9ms | second_changed=1 blink=0
[2026-05-06 18:49:20.247] schedule_summary_tick took 27.6ms | second_changed=1 blink=0
[2026-05-06 18:49:21.253] schedule_summary_tick took 26.7ms | second_changed=1 blink=0
[2026-05-06 18:49:22.244] schedule_summary_tick took 23.7ms | second_changed=1 blink=0
[2026-05-06 18:49:23.249] schedule_summary_tick took 23.0ms | second_changed=1 blink=0
[2026-05-06 18:49:24.261] schedule_summary_tick took 28.6ms | second_changed=1 blink=0
[2026-05-06 18:49:25.249] schedule_summary_tick took 25.7ms | second_changed=1 blink=0
[2026-05-06 18:49:26.248] schedule_summary_tick took 28.2ms | second_changed=1 blink=0
[2026-05-06 18:49:27.253] schedule_summary_tick took 22.9ms | second_changed=1 blink=0
[2026-05-06 18:49:28.248] schedule_summary_tick took 24.5ms | second_changed=1 blink=0
[2026-05-06 18:49:29.246] schedule_summary_tick took 23.7ms | second_changed=1 blink=0
[2026-05-06 18:49:30.258] schedule_summary_tick took 36.6ms | second_changed=1 blink=0
[2026-05-06 18:49:31.256] schedule_summary_tick took 24.0ms | second_changed=1 blink=0
[2026-05-06 18:49:32.253] schedule_summary_tick took 27.0ms | second_changed=1 blink=0
[2026-05-06 18:49:33.245] schedule_summary_tick took 24.4ms | second_changed=1 blink=0
[2026-05-06 18:49:34.253] schedule_summary_tick took 26.5ms | second_changed=1 blink=0
[2026-05-06 18:49:35.250] schedule_summary_tick took 22.8ms | second_changed=1 blink=0
[2026-05-06 18:49:36.256] schedule_summary_tick took 34.8ms | second_changed=1 blink=0
[2026-05-06 18:49:37.272] schedule_summary_tick took 42.2ms | second_changed=1 blink=0
[2026-05-06 18:49:38.255] schedule_summary_tick took 25.1ms | second_changed=1 blink=0
[2026-05-06 18:49:39.251] schedule_summary_tick took 27.0ms | second_changed=1 blink=0
[2026-05-06 18:49:40.254] schedule_summary_tick took 23.0ms | second_changed=1 blink=0
[2026-05-06 18:49:41.258] schedule_summary_tick took 24.3ms | second_changed=1 blink=0
[2026-05-06 18:49:42.251] schedule_summary_tick took 24.1ms | second_changed=1 blink=0
[2026-05-06 18:49:43.252] schedule_summary_tick took 23.0ms | second_changed=1 blink=0
[2026-05-06 18:49:44.252] schedule_summary_tick took 27.2ms | second_changed=1 blink=0
[2026-05-06 18:49:45.257] schedule_summary_tick took 30.0ms | second_changed=1 blink=0
[2026-05-06 18:49:46.256] schedule_summary_tick took 28.6ms | second_changed=1 blink=0
[2026-05-06 18:49:47.265] schedule_summary_tick took 29.2ms | second_changed=1 blink=0
[2026-05-06 18:49:48.252] schedule_summary_tick took 25.6ms | second_changed=1 blink=0
[2026-05-06 18:49:49.263] schedule_summary_tick took 28.5ms | second_changed=1 blink=0
[2026-05-06 18:49:50.304] schedule_summary_tick took 57.5ms | second_changed=1 blink=0
[2026-05-06 18:49:51.248] schedule_summary_tick took 22.6ms | second_changed=1 blink=0
[2026-05-06 18:49:52.251] schedule_summary_tick took 30.1ms | second_changed=1 blink=0
[2026-05-06 18:49:53.254] schedule_summary_tick took 27.4ms | second_changed=1 blink=0
[2026-05-06 18:49:54.244] schedule_summary_tick took 22.2ms | second_changed=1 blink=0
[2026-05-06 18:49:55.258] schedule_summary_tick took 30.5ms | second_changed=1 blink=0
[2026-05-06 18:49:56.246] schedule_summary_tick took 24.5ms | second_changed=1 blink=0
[2026-05-06 18:49:57.251] schedule_summary_tick took 24.3ms | second_changed=1 blink=0
[2026-05-06 18:49:58.093] schedule_alarm_tick took 47.6ms | second=18:49:58
[2026-05-06 18:49:58.253] schedule_summary_tick took 21.3ms | second_changed=1 blink=0
[2026-05-06 18:49:59.361] schedule_summary_tick took 122.8ms | second_changed=1 blink=0
[2026-05-06 18:50:00.274] schedule_summary_tick took 40.8ms | second_changed=1 blink=0
[2026-05-06 18:50:01.248] schedule_summary_tick took 23.5ms | second_changed=1 blink=0
[2026-05-06 18:50:02.254] schedule_summary_tick took 27.8ms | second_changed=1 blink=0
[2026-05-06 18:50:03.253] schedule_summary_tick took 24.0ms | second_changed=1 blink=0
[2026-05-06 18:50:04.258] schedule_summary_tick took 37.3ms | second_changed=1 blink=0
[2026-05-06 18:50:05.274] schedule_summary_tick took 41.2ms | second_changed=1 blink=0
[2026-05-06 18:50:06.257] schedule_summary_tick took 36.1ms | second_changed=1 blink=0
[2026-05-06 18:50:07.251] schedule_summary_tick took 25.4ms | second_changed=1 blink=0
[2026-05-06 18:50:08.255] schedule_summary_tick took 27.8ms | second_changed=1 blink=0
[2026-05-06 18:50:09.263] schedule_summary_tick took 29.4ms | second_changed=1 blink=0
[2026-05-06 18:50:10.258] schedule_summary_tick took 26.5ms | second_changed=1 blink=0
[2026-05-06 18:50:11.255] schedule_summary_tick took 22.6ms | second_changed=1 blink=0
[2026-05-06 18:50:12.245] schedule_summary_tick took 24.8ms | second_changed=1 blink=0
[2026-05-06 18:50:13.249] schedule_summary_tick took 25.8ms | second_changed=1 blink=0
[2026-05-06 18:50:14.253] schedule_summary_tick took 28.8ms | second_changed=1 blink=0
[2026-05-06 18:50:15.256] schedule_summary_tick took 26.3ms | second_changed=1 blink=0
[2026-05-06 18:50:16.254] schedule_summary_tick took 26.1ms | second_changed=1 blink=0
[2026-05-06 18:50:17.262] schedule_summary_tick took 26.3ms | second_changed=1 blink=0
[2026-05-06 18:50:18.257] schedule_summary_tick took 27.1ms | second_changed=1 blink=0
[2026-05-06 18:50:19.252] schedule_summary_tick took 27.8ms | second_changed=1 blink=0
[2026-05-06 18:50:20.256] schedule_summary_tick took 24.9ms | second_changed=1 blink=0
[2026-05-06 18:50:21.249] schedule_summary_tick took 26.5ms | second_changed=1 blink=0
[2026-05-06 18:50:22.244] schedule_summary_tick took 23.5ms | second_changed=1 blink=0
[2026-05-06 18:50:23.258] schedule_summary_tick took 29.0ms | second_changed=1 blink=0
[2026-05-06 18:50:24.256] schedule_summary_tick took 27.6ms | second_changed=1 blink=0
[2026-05-06 18:50:25.259] schedule_summary_tick took 30.3ms | second_changed=1 blink=0
[2026-05-06 18:50:26.261] schedule_summary_tick took 28.3ms | second_changed=1 blink=0
[2026-05-06 18:50:27.262] schedule_summary_tick took 32.9ms | second_changed=1 blink=0
[2026-05-06 18:50:28.257] schedule_summary_tick took 24.3ms | second_changed=1 blink=0
[2026-05-06 18:50:29.250] schedule_summary_tick took 27.5ms | second_changed=1 blink=0
[2026-05-06 18:50:30.253] schedule_summary_tick took 25.6ms | second_changed=1 blink=0
[2026-05-06 18:50:31.251] schedule_summary_tick took 28.0ms | second_changed=1 blink=0
[2026-05-06 18:50:32.261] schedule_summary_tick took 26.8ms | second_changed=1 blink=0
[2026-05-06 18:50:33.253] schedule_summary_tick took 25.0ms | second_changed=1 blink=0
[2026-05-06 18:50:34.245] schedule_summary_tick took 25.1ms | second_changed=1 blink=0
[2026-05-06 18:50:35.256] schedule_summary_tick took 26.4ms | second_changed=1 blink=0
[2026-05-06 18:50:36.251] schedule_summary_tick took 29.8ms | second_changed=1 blink=0
[2026-05-06 18:50:37.249] schedule_summary_tick took 23.9ms | second_changed=1 blink=0
[2026-05-06 18:50:38.257] schedule_summary_tick took 27.5ms | second_changed=1 blink=0
[2026-05-06 18:50:39.250] schedule_summary_tick took 27.7ms | second_changed=1 blink=0
[2026-05-06 18:50:40.261] schedule_summary_tick took 32.4ms | second_changed=1 blink=0
[2026-05-06 18:50:41.258] schedule_summary_tick took 24.9ms | second_changed=1 blink=0
[2026-05-06 18:50:42.251] schedule_summary_tick took 27.0ms | second_changed=1 blink=0
[2026-05-06 18:50:43.244] schedule_summary_tick took 24.3ms | second_changed=1 blink=0
[2026-05-06 18:50:44.254] schedule_summary_tick took 22.1ms | second_changed=1 blink=0
[2026-05-06 18:50:45.250] schedule_summary_tick took 26.5ms | second_changed=1 blink=0
[2026-05-06 18:50:46.251] schedule_summary_tick took 31.3ms | second_changed=1 blink=0
[2026-05-06 18:50:47.247] schedule_summary_tick took 26.0ms | second_changed=1 blink=0
[2026-05-06 18:50:48.255] schedule_summary_tick took 26.0ms | second_changed=1 blink=0
[2026-05-06 18:50:49.246] schedule_summary_tick took 25.9ms | second_changed=1 blink=0
[2026-05-06 18:50:50.249] schedule_summary_tick took 26.9ms | second_changed=1 blink=0
[2026-05-06 18:50:51.255] schedule_summary_tick took 21.9ms | second_changed=1 blink=0
[2026-05-06 18:50:52.262] schedule_summary_tick took 27.7ms | second_changed=1 blink=0
[2026-05-06 18:50:53.268] schedule_summary_tick took 34.3ms | second_changed=1 blink=0
[2026-05-06 18:50:54.255] schedule_summary_tick took 31.1ms | second_changed=1 blink=0
[2026-05-06 18:50:55.277] schedule_summary_tick took 43.5ms | second_changed=1 blink=0
[2026-05-06 18:50:56.254] schedule_summary_tick took 29.1ms | second_changed=1 blink=0
[2026-05-06 18:50:57.254] schedule_summary_tick took 24.6ms | second_changed=1 blink=0
[2026-05-06 18:50:58.255] schedule_summary_tick took 21.9ms | second_changed=1 blink=0
[2026-05-06 18:50:59.248] schedule_summary_tick took 21.5ms | second_changed=1 blink=0
[2026-05-06 18:51:00.260] schedule_summary_tick took 24.8ms | second_changed=1 blink=0
[2026-05-06 18:51:01.248] schedule_summary_tick took 25.3ms | second_changed=1 blink=0
[2026-05-06 18:51:02.248] schedule_summary_tick took 25.2ms | second_changed=1 blink=0
[2026-05-06 18:51:03.246] schedule_summary_tick took 25.6ms | second_changed=1 blink=0
[2026-05-06 18:51:04.253] schedule_summary_tick took 25.9ms | second_changed=1 blink=0
[2026-05-06 18:51:05.249] schedule_summary_tick took 25.8ms | second_changed=1 blink=0
[2026-05-06 18:51:06.261] schedule_summary_tick took 27.8ms | second_changed=1 blink=0
[2026-05-06 18:51:07.255] schedule_summary_tick took 23.1ms | second_changed=1 blink=0
[2026-05-06 18:51:08.254] schedule_summary_tick took 26.0ms | second_changed=1 blink=0
[2026-05-06 18:51:09.254] schedule_summary_tick took 24.0ms | second_changed=1 blink=0
[2026-05-06 18:51:10.244] schedule_summary_tick took 23.7ms | second_changed=1 blink=0
[2026-05-06 18:51:11.257] schedule_summary_tick took 25.9ms | second_changed=1 blink=0
[2026-05-06 18:51:12.256] schedule_summary_tick took 26.5ms | second_changed=1 blink=0
[2026-05-06 18:51:13.258] schedule_summary_tick took 29.4ms | second_changed=1 blink=0
[2026-05-06 18:51:14.259] schedule_summary_tick took 27.2ms | second_changed=1 blink=0
[2026-05-06 18:51:15.246] schedule_summary_tick took 25.4ms | second_changed=1 blink=0
[2026-05-06 18:51:16.259] schedule_summary_tick took 25.8ms | second_changed=1 blink=0
[2026-05-06 18:51:17.247] schedule_summary_tick took 22.6ms | second_changed=1 blink=0
[2026-05-06 18:51:18.253] schedule_summary_tick took 23.3ms | second_changed=1 blink=0
[2026-05-06 18:51:19.244] schedule_summary_tick took 23.2ms | second_changed=1 blink=0
[2026-05-06 18:51:20.247] schedule_summary_tick took 23.4ms | second_changed=1 blink=0
[2026-05-06 18:51:21.256] schedule_summary_tick took 21.8ms | second_changed=1 blink=0
[2026-05-06 18:51:22.246] schedule_summary_tick took 25.2ms | second_changed=1 blink=0
[2026-05-06 18:51:23.261] schedule_summary_tick took 27.0ms | second_changed=1 blink=0
[2026-05-06 18:51:24.254] schedule_summary_tick took 23.3ms | second_changed=1 blink=0
[2026-05-06 18:51:25.249] schedule_summary_tick took 23.9ms | second_changed=1 blink=0
[2026-05-06 18:51:26.311] schedule_summary_tick took 75.3ms | second_changed=1 blink=0
[2026-05-06 18:51:27.252] schedule_summary_tick took 24.7ms | second_changed=1 blink=0
[2026-05-06 18:51:28.260] schedule_summary_tick took 28.7ms | second_changed=1 blink=0
[2026-05-06 18:51:29.250] schedule_summary_tick took 23.2ms | second_changed=1 blink=0
[2026-05-06 18:51:30.260] schedule_summary_tick took 27.0ms | second_changed=1 blink=0
[2026-05-06 18:51:31.251] schedule_summary_tick took 24.5ms | second_changed=1 blink=0
[2026-05-06 18:51:32.247] schedule_summary_tick took 25.0ms | second_changed=1 blink=0
[2026-05-06 18:51:33.257] schedule_summary_tick took 25.2ms | second_changed=1 blink=0
[2026-05-06 18:51:34.253] schedule_summary_tick took 23.5ms | second_changed=1 blink=0
[2026-05-06 18:51:35.248] schedule_summary_tick took 24.1ms | second_changed=1 blink=0
[2026-05-06 18:51:36.260] schedule_summary_tick took 27.6ms | second_changed=1 blink=0
[2026-05-06 18:51:37.263] schedule_summary_tick took 28.5ms | second_changed=1 blink=0
[2026-05-06 18:51:38.247] schedule_summary_tick took 25.8ms | second_changed=1 blink=0
[2026-05-06 18:51:39.255] schedule_summary_tick took 23.7ms | second_changed=1 blink=0
[2026-05-06 18:51:40.248] schedule_summary_tick took 25.9ms | second_changed=1 blink=0
[2026-05-06 18:51:41.249] schedule_summary_tick took 22.1ms | second_changed=1 blink=0
[2026-05-06 18:51:42.259] schedule_summary_tick took 25.2ms | second_changed=1 blink=0
[2026-05-06 18:51:43.260] schedule_summary_tick took 30.0ms | second_changed=1 blink=0
[2026-05-06 18:51:44.243] schedule_summary_tick took 22.9ms | second_changed=1 blink=0
[2026-05-06 18:51:45.250] schedule_summary_tick took 24.2ms | second_changed=1 blink=0
[2026-05-06 18:51:46.247] schedule_summary_tick took 25.8ms | second_changed=1 blink=0
[2026-05-06 18:51:47.254] schedule_summary_tick took 26.0ms | second_changed=1 blink=0
[2026-05-06 18:51:48.247] schedule_summary_tick took 21.8ms | second_changed=1 blink=0
[2026-05-06 18:51:49.244] schedule_summary_tick took 23.4ms | second_changed=1 blink=0
[2026-05-06 18:51:50.256] schedule_summary_tick took 28.0ms | second_changed=1 blink=0
[2026-05-06 18:51:51.260] schedule_summary_tick took 25.7ms | second_changed=1 blink=0
[2026-05-06 18:51:52.250] schedule_summary_tick took 27.5ms | second_changed=1 blink=0
[2026-05-06 18:51:53.257] schedule_summary_tick took 26.8ms | second_changed=1 blink=0
[2026-05-06 18:51:54.251] schedule_summary_tick took 27.5ms | second_changed=1 blink=0
[2026-05-06 18:51:55.251] schedule_summary_tick took 22.6ms | second_changed=1 blink=0
[2026-05-06 18:51:56.254] schedule_summary_tick took 29.8ms | second_changed=1 blink=0
[2026-05-06 18:51:57.257] schedule_summary_tick took 26.3ms | second_changed=1 blink=0
[2026-05-06 18:51:58.253] schedule_summary_tick took 29.6ms | second_changed=1 blink=0
[2026-05-06 18:51:59.252] schedule_summary_tick took 30.2ms | second_changed=1 blink=0
[2026-05-06 18:52:00.253] schedule_summary_tick took 24.2ms | second_changed=1 blink=0
[2026-05-06 18:52:01.259] schedule_summary_tick took 28.4ms | second_changed=1 blink=0
[2026-05-06 18:52:02.247] schedule_summary_tick took 27.0ms | second_changed=1 blink=0
[2026-05-06 18:52:03.256] schedule_summary_tick took 21.6ms | second_changed=1 blink=0
[2026-05-06 18:52:04.248] schedule_summary_tick took 26.2ms | second_changed=1 blink=0
[2026-05-06 18:52:05.247] schedule_summary_tick took 26.3ms | second_changed=1 blink=0
[2026-05-06 18:52:06.246] schedule_summary_tick took 24.3ms | second_changed=1 blink=0
[2026-05-06 18:52:07.256] schedule_summary_tick took 22.6ms | second_changed=1 blink=0
[2026-05-06 18:52:08.255] schedule_summary_tick took 27.3ms | second_changed=1 blink=0
[2026-05-06 18:52:09.264] schedule_summary_tick took 30.5ms | second_changed=1 blink=0
[2026-05-06 18:52:10.252] schedule_summary_tick took 24.5ms | second_changed=1 blink=0
[2026-05-06 18:52:11.246] schedule_summary_tick took 23.8ms | second_changed=1 blink=0
[2026-05-06 18:52:12.258] schedule_summary_tick took 24.2ms | second_changed=1 blink=0
[2026-05-06 18:52:13.254] schedule_summary_tick took 25.1ms | second_changed=1 blink=0
[2026-05-06 18:52:14.252] schedule_summary_tick took 31.2ms | second_changed=1 blink=0
[2026-05-06 18:52:15.256] schedule_summary_tick took 30.4ms | second_changed=1 blink=0
[2026-05-06 18:52:16.252] schedule_summary_tick took 25.0ms | second_changed=1 blink=0
[2026-05-06 18:52:17.249] schedule_summary_tick took 27.3ms | second_changed=1 blink=0
[2026-05-06 18:52:18.249] schedule_summary_tick took 24.9ms | second_changed=1 blink=0
[2026-05-06 18:52:19.256] schedule_summary_tick took 21.7ms | second_changed=1 blink=0
[2026-05-06 18:52:20.251] schedule_summary_tick took 27.1ms | second_changed=1 blink=0
[2026-05-06 18:52:21.247] schedule_summary_tick took 28.0ms | second_changed=1 blink=0
[2026-05-06 18:52:22.249] schedule_summary_tick took 25.4ms | second_changed=1 blink=0
[2026-05-06 18:52:23.260] schedule_summary_tick took 27.3ms | second_changed=1 blink=0
[2026-05-06 18:52:24.248] schedule_summary_tick took 24.2ms | second_changed=1 blink=0
[2026-05-06 18:52:25.249] schedule_summary_tick took 27.6ms | second_changed=1 blink=0
[2026-05-06 18:52:26.254] schedule_summary_tick took 29.0ms | second_changed=1 blink=0
[2026-05-06 18:52:27.254] schedule_summary_tick took 22.7ms | second_changed=1 blink=0
[2026-05-06 18:52:28.246] schedule_summary_tick took 25.1ms | second_changed=1 blink=0
[2026-05-06 18:52:29.254] schedule_summary_tick took 26.8ms | second_changed=1 blink=0
[2026-05-06 18:52:30.264] schedule_summary_tick took 30.5ms | second_changed=1 blink=0
[2026-05-06 18:52:31.258] schedule_summary_tick took 28.5ms | second_changed=1 blink=0
[2026-05-06 18:52:32.258] schedule_summary_tick took 24.8ms | second_changed=1 blink=0
[2026-05-06 18:52:33.248] schedule_summary_tick took 21.6ms | second_changed=1 blink=0
[2026-05-06 18:52:34.259] schedule_summary_tick took 26.4ms | second_changed=1 blink=0
[2026-05-06 18:52:35.257] schedule_summary_tick took 31.4ms | second_changed=1 blink=0
[2026-05-06 18:52:36.266] schedule_summary_tick took 31.1ms | second_changed=1 blink=0
[2026-05-06 18:52:37.248] schedule_summary_tick took 24.2ms | second_changed=1 blink=0
[2026-05-06 18:52:38.255] schedule_summary_tick took 24.7ms | second_changed=1 blink=0
[2026-05-06 18:52:39.251] schedule_summary_tick took 22.8ms | second_changed=1 blink=0
[2026-05-06 18:52:40.249] schedule_summary_tick took 27.8ms | second_changed=1 blink=0
[2026-05-06 18:52:41.256] schedule_summary_tick took 26.7ms | second_changed=1 blink=0
[2026-05-06 18:52:42.248] schedule_summary_tick took 25.5ms | second_changed=1 blink=0
[2026-05-06 18:52:43.254] schedule_summary_tick took 24.6ms | second_changed=1 blink=0
[2026-05-06 18:52:44.252] schedule_summary_tick took 29.5ms | second_changed=1 blink=0
[2026-05-06 18:52:45.257] schedule_summary_tick took 29.9ms | second_changed=1 blink=0
[2026-05-06 18:52:46.252] schedule_summary_tick took 28.0ms | second_changed=1 blink=0
[2026-05-06 18:52:47.258] schedule_summary_tick took 26.6ms | second_changed=1 blink=0
[2026-05-06 18:52:48.249] schedule_summary_tick took 22.4ms | second_changed=1 blink=0
[2026-05-06 18:52:49.254] schedule_summary_tick took 23.6ms | second_changed=1 blink=0
[2026-05-06 18:52:50.244] schedule_summary_tick took 22.7ms | second_changed=1 blink=0
[2026-05-06 18:52:51.253] schedule_summary_tick took 27.1ms | second_changed=1 blink=0
[2026-05-06 18:52:52.265] schedule_summary_tick took 30.6ms | second_changed=1 blink=0
[2026-05-06 18:52:53.258] schedule_summary_tick took 29.5ms | second_changed=1 blink=0
[2026-05-06 18:52:54.258] schedule_summary_tick took 25.0ms | second_changed=1 blink=0
[2026-05-06 18:52:55.247] schedule_summary_tick took 25.1ms | second_changed=1 blink=0
[2026-05-06 18:52:56.253] schedule_summary_tick took 26.0ms | second_changed=1 blink=0
[2026-05-06 18:52:57.246] schedule_summary_tick took 25.7ms | second_changed=1 blink=0
[2026-05-06 18:52:58.260] schedule_summary_tick took 28.5ms | second_changed=1 blink=0
[2026-05-06 18:52:59.254] schedule_summary_tick took 27.8ms | second_changed=1 blink=0
[2026-05-06 18:53:00.248] schedule_summary_tick took 26.5ms | second_changed=1 blink=0
[2026-05-06 18:53:01.265] schedule_summary_tick took 32.2ms | second_changed=1 blink=0
[2026-05-06 18:53:02.252] schedule_summary_tick took 30.0ms | second_changed=1 blink=0
[2026-05-06 18:53:03.253] schedule_summary_tick took 25.0ms | second_changed=1 blink=0
[2026-05-06 18:53:04.247] schedule_summary_tick took 22.6ms | second_changed=1 blink=0
[2026-05-06 18:53:05.264] schedule_summary_tick took 29.5ms | second_changed=1 blink=0
[2026-05-06 18:53:06.251] schedule_summary_tick took 24.4ms | second_changed=1 blink=0
[2026-05-06 18:53:07.254] schedule_summary_tick took 24.2ms | second_changed=1 blink=0
[2026-05-06 18:53:08.260] schedule_summary_tick took 29.0ms | second_changed=1 blink=0
[2026-05-06 18:53:09.256] schedule_summary_tick took 26.2ms | second_changed=1 blink=0
[2026-05-06 18:53:10.250] schedule_summary_tick took 28.9ms | second_changed=1 blink=0
[2026-05-06 18:53:11.254] schedule_summary_tick took 27.6ms | second_changed=1 blink=0
[2026-05-06 18:53:12.257] schedule_summary_tick took 26.7ms | second_changed=1 blink=0
[2026-05-06 18:53:13.259] schedule_summary_tick took 26.1ms | second_changed=1 blink=0
[2026-05-06 18:53:14.253] schedule_summary_tick took 27.1ms | second_changed=1 blink=0
[2026-05-06 18:53:15.252] schedule_summary_tick took 22.9ms | second_changed=1 blink=0
[2026-05-06 18:53:16.249] schedule_summary_tick took 23.6ms | second_changed=1 blink=0
[2026-05-06 18:53:17.254] schedule_summary_tick took 31.7ms | second_changed=1 blink=0
[2026-05-06 18:53:18.264] schedule_summary_tick took 33.2ms | second_changed=1 blink=0
[2026-05-06 18:53:19.257] schedule_summary_tick took 27.2ms | second_changed=1 blink=0
[2026-05-06 18:53:20.247] schedule_summary_tick took 26.4ms | second_changed=1 blink=0
[2026-05-06 18:53:21.255] schedule_summary_tick took 27.5ms | second_changed=1 blink=0
[2026-05-06 18:53:22.248] schedule_summary_tick took 27.9ms | second_changed=1 blink=0
[2026-05-06 18:53:23.257] schedule_summary_tick took 22.9ms | second_changed=1 blink=0
[2026-05-06 18:53:24.250] schedule_summary_tick took 23.5ms | second_changed=1 blink=0
[2026-05-06 18:53:25.260] schedule_summary_tick took 24.3ms | second_changed=1 blink=0
[2026-05-06 18:53:26.254] schedule_summary_tick took 25.1ms | second_changed=1 blink=0
[2026-05-06 18:53:27.245] schedule_summary_tick took 25.5ms | second_changed=1 blink=0
[2026-05-06 18:53:28.255] schedule_summary_tick took 25.7ms | second_changed=1 blink=0
[2026-05-06 18:53:29.247] schedule_summary_tick took 22.8ms | second_changed=1 blink=0
[2026-05-06 18:53:30.257] schedule_summary_tick took 24.8ms | second_changed=1 blink=0
[2026-05-06 18:53:31.245] schedule_summary_tick took 22.3ms | second_changed=1 blink=0
[2026-05-06 18:53:32.249] schedule_summary_tick took 28.0ms | second_changed=1 blink=0
[2026-05-06 18:53:33.260] schedule_summary_tick took 30.8ms | second_changed=1 blink=0
[2026-05-06 18:53:34.250] schedule_summary_tick took 27.2ms | second_changed=1 blink=0
[2026-05-06 18:53:35.256] schedule_summary_tick took 28.3ms | second_changed=1 blink=0
[2026-05-06 18:53:36.245] schedule_summary_tick took 24.4ms | second_changed=1 blink=0
[2026-05-06 18:53:37.250] schedule_summary_tick took 23.2ms | second_changed=1 blink=0
[2026-05-06 18:53:38.248] schedule_summary_tick took 27.8ms | second_changed=1 blink=0
[2026-05-06 18:53:39.250] schedule_summary_tick took 28.4ms | second_changed=1 blink=0
[2026-05-06 18:53:40.256] schedule_summary_tick took 24.4ms | second_changed=1 blink=0
[2026-05-06 18:53:41.248] schedule_summary_tick took 26.9ms | second_changed=1 blink=0
[2026-05-06 18:53:42.262] schedule_summary_tick took 29.5ms | second_changed=1 blink=0
[2026-05-06 18:53:43.250] schedule_summary_tick took 26.7ms | second_changed=1 blink=0
[2026-05-06 18:53:44.246] schedule_summary_tick took 25.3ms | second_changed=1 blink=0
[2026-05-06 18:53:45.253] schedule_summary_tick took 24.3ms | second_changed=1 blink=0
[2026-05-06 18:53:46.251] schedule_summary_tick took 25.3ms | second_changed=1 blink=0
[2026-05-06 18:53:47.245] schedule_summary_tick took 23.9ms | second_changed=1 blink=0
[2026-05-06 18:53:48.253] schedule_summary_tick took 26.7ms | second_changed=1 blink=0
[2026-05-06 18:53:49.264] schedule_summary_tick took 30.5ms | second_changed=1 blink=0
[2026-05-06 18:53:50.258] schedule_summary_tick took 31.7ms | second_changed=1 blink=0
[2026-05-06 18:53:51.257] schedule_summary_tick took 33.5ms | second_changed=1 blink=0
[2026-05-06 18:53:52.249] schedule_summary_tick took 26.9ms | second_changed=1 blink=0
[2026-05-06 18:53:53.252] schedule_summary_tick took 27.5ms | second_changed=1 blink=0
[2026-05-06 18:53:54.248] schedule_summary_tick took 26.3ms | second_changed=1 blink=0
[2026-05-06 18:53:55.251] schedule_summary_tick took 22.6ms | second_changed=1 blink=0
[2026-05-06 18:53:56.248] schedule_summary_tick took 24.1ms | second_changed=1 blink=0
[2026-05-06 18:53:57.257] schedule_summary_tick took 27.8ms | second_changed=1 blink=0
[2026-05-06 18:53:58.067] schedule_alarm_tick took 30.1ms | second=18:53:58
[2026-05-06 18:53:58.250] schedule_summary_tick took 23.2ms | second_changed=1 blink=0
[2026-05-06 18:53:59.358] schedule_summary_tick took 124.1ms | second_changed=1 blink=0
[2026-05-06 18:54:00.252] schedule_summary_tick took 21.9ms | second_changed=1 blink=0
[2026-05-06 18:54:01.244] schedule_summary_tick took 21.3ms | second_changed=1 blink=0
[2026-05-06 18:54:02.256] schedule_summary_tick took 25.3ms | second_changed=1 blink=0
[2026-05-06 18:54:03.257] schedule_summary_tick took 27.6ms | second_changed=1 blink=0
[2026-05-06 18:54:04.249] schedule_summary_tick took 27.2ms | second_changed=1 blink=0
[2026-05-06 18:54:05.268] schedule_summary_tick took 35.5ms | second_changed=1 blink=0
[2026-05-06 18:54:06.261] schedule_summary_tick took 27.6ms | second_changed=1 blink=0
[2026-05-06 18:54:07.256] schedule_summary_tick took 26.7ms | second_changed=1 blink=0
[2026-05-06 18:54:08.250] schedule_summary_tick took 24.9ms | second_changed=1 blink=0
[2026-05-06 18:54:09.253] schedule_summary_tick took 23.5ms | second_changed=1 blink=0
[2026-05-06 18:54:10.259] schedule_summary_tick took 26.1ms | second_changed=1 blink=0
[2026-05-06 18:54:11.256] schedule_summary_tick took 25.2ms | second_changed=1 blink=0
[2026-05-06 18:54:12.248] schedule_summary_tick took 26.1ms | second_changed=1 blink=0
[2026-05-06 18:54:13.254] schedule_summary_tick took 21.8ms | second_changed=1 blink=0
[2026-05-06 18:54:14.250] schedule_summary_tick took 24.1ms | second_changed=1 blink=0
[2026-05-06 18:54:15.250] schedule_summary_tick took 25.7ms | second_changed=1 blink=0
[2026-05-06 18:54:16.244] schedule_summary_tick took 23.4ms | second_changed=1 blink=0
[2026-05-06 18:54:17.258] schedule_summary_tick took 26.5ms | second_changed=1 blink=0
[2026-05-06 18:54:18.252] schedule_summary_tick took 25.3ms | second_changed=1 blink=0
[2026-05-06 18:54:19.251] schedule_summary_tick took 28.5ms | second_changed=1 blink=0
[2026-05-06 18:54:20.247] schedule_summary_tick took 27.4ms | second_changed=1 blink=0
[2026-05-06 18:54:21.257] schedule_summary_tick took 25.1ms | second_changed=1 blink=0
[2026-05-06 18:54:22.249] schedule_summary_tick took 26.0ms | second_changed=1 blink=0
[2026-05-06 18:54:23.254] schedule_summary_tick took 22.3ms | second_changed=1 blink=0
[2026-05-06 18:54:24.244] schedule_summary_tick took 23.5ms | second_changed=1 blink=0
[2026-05-06 18:54:25.249] schedule_summary_tick took 24.8ms | second_changed=1 blink=0
[2026-05-06 18:54:26.255] schedule_summary_tick took 26.2ms | second_changed=1 blink=0
[2026-05-06 18:54:27.250] schedule_summary_tick took 28.5ms | second_changed=1 blink=0
[2026-05-06 18:54:28.253] schedule_summary_tick took 26.8ms | second_changed=1 blink=0
[2026-05-06 18:54:29.247] schedule_summary_tick took 24.8ms | second_changed=1 blink=0
[2026-05-06 18:54:30.256] schedule_summary_tick took 24.0ms | second_changed=1 blink=0
[2026-05-06 18:54:31.247] schedule_summary_tick took 24.7ms | second_changed=1 blink=0
[2026-05-06 18:54:32.253] schedule_summary_tick took 24.7ms | second_changed=1 blink=0
[2026-05-06 18:54:33.248] schedule_summary_tick took 25.6ms | second_changed=1 blink=0
[2026-05-06 18:54:34.257] schedule_summary_tick took 25.4ms | second_changed=1 blink=0
[2026-05-06 18:54:35.256] schedule_summary_tick took 28.5ms | second_changed=1 blink=0
[2026-05-06 18:54:36.266] schedule_summary_tick took 36.3ms | second_changed=1 blink=0
[2026-05-06 18:54:37.245] schedule_summary_tick took 23.0ms | second_changed=1 blink=0
[2026-05-06 18:54:38.254] schedule_summary_tick took 25.2ms | second_changed=1 blink=0
[2026-05-06 18:54:39.247] schedule_summary_tick took 23.9ms | second_changed=1 blink=0
[2026-05-06 18:54:40.253] schedule_summary_tick took 26.6ms | second_changed=1 blink=0
[2026-05-06 18:54:41.263] schedule_summary_tick took 29.0ms | second_changed=1 blink=0
[2026-05-06 18:54:42.241] schedule_summary_tick took 20.5ms | second_changed=1 blink=0
[2026-05-06 18:54:43.246] schedule_summary_tick took 26.0ms | second_changed=1 blink=0
[2026-05-06 18:54:44.249] schedule_summary_tick took 22.9ms | second_changed=1 blink=0
[2026-05-06 18:54:45.253] schedule_summary_tick took 25.9ms | second_changed=1 blink=0
[2026-05-06 18:54:46.244] schedule_summary_tick took 22.5ms | second_changed=1 blink=0
[2026-05-06 18:54:47.256] schedule_summary_tick took 26.2ms | second_changed=1 blink=0
[2026-05-06 18:54:48.250] schedule_summary_tick took 25.4ms | second_changed=1 blink=0
[2026-05-06 18:54:49.260] schedule_summary_tick took 26.3ms | second_changed=1 blink=0
[2026-05-06 18:54:50.252] schedule_summary_tick took 26.8ms | second_changed=1 blink=0
[2026-05-06 18:54:51.256] schedule_summary_tick took 25.4ms | second_changed=1 blink=0
[2026-05-06 18:54:52.255] schedule_summary_tick took 31.4ms | second_changed=1 blink=0
[2026-05-06 18:54:53.251] schedule_summary_tick took 29.4ms | second_changed=1 blink=0
[2026-05-06 18:54:54.256] schedule_summary_tick took 22.3ms | second_changed=1 blink=0
[2026-05-06 18:54:55.250] schedule_summary_tick took 22.5ms | second_changed=1 blink=0
[2026-05-06 18:54:56.246] schedule_summary_tick took 25.7ms | second_changed=1 blink=0
[2026-05-06 18:54:57.262] schedule_summary_tick took 26.9ms | second_changed=1 blink=0
[2026-05-06 18:54:58.946] schedule_summary_tick took 717.5ms | second_changed=1 blink=0
[2026-05-06 18:54:59.263] schedule_summary_tick took 31.3ms | second_changed=1 blink=0
[2026-05-06 18:55:00.765] schedule_summary_tick took 724.6ms | second_changed=1 blink=0
[2026-05-06 18:55:01.156] main_clock_tick took 30.3ms
[2026-05-06 18:55:01.259] schedule_summary_tick took 38.4ms | second_changed=1 blink=1
[2026-05-06 18:55:02.117] schedule_summary_tick took 27.6ms | second_changed=1 blink=1
[2026-05-06 18:55:03.108] schedule_summary_tick took 24.1ms | second_changed=1 blink=1
[2026-05-06 18:55:04.101] schedule_summary_tick took 21.8ms | second_changed=1 blink=1
[2026-05-06 18:55:05.110] schedule_summary_tick took 24.3ms | second_changed=1 blink=1
[2026-05-06 18:55:06.105] schedule_summary_tick took 21.8ms | second_changed=1 blink=1
[2026-05-06 18:55:07.118] schedule_summary_tick took 27.6ms | second_changed=1 blink=1
[2026-05-06 18:55:08.663] schedule_summary_tick took 655.3ms | second_changed=1 blink=1
[2026-05-06 18:55:09.887] schedule_summary_tick took 661.1ms | second_changed=1 blink=0
[2026-05-06 18:55:10.247] schedule_summary_tick took 27.1ms | second_changed=1 blink=0
[2026-05-06 18:55:11.257] schedule_summary_tick took 24.0ms | second_changed=1 blink=0
[2026-05-06 18:55:12.246] schedule_summary_tick took 24.0ms | second_changed=1 blink=0
[2026-05-06 18:55:13.251] schedule_summary_tick took 23.2ms | second_changed=1 blink=0
[2026-05-06 18:55:14.258] schedule_summary_tick took 24.3ms | second_changed=1 blink=0
[2026-05-06 18:55:15.248] schedule_summary_tick took 25.0ms | second_changed=1 blink=0
[2026-05-06 18:55:16.251] schedule_summary_tick took 21.4ms | second_changed=1 blink=0
[2026-05-06 18:55:17.246] schedule_summary_tick took 24.0ms | second_changed=1 blink=0
[2026-05-06 18:55:18.255] schedule_summary_tick took 24.4ms | second_changed=1 blink=0
[2026-05-06 18:55:19.247] schedule_summary_tick took 22.6ms | second_changed=1 blink=0
[2026-05-06 18:55:20.246] schedule_summary_tick took 20.9ms | second_changed=1 blink=0
[2026-05-06 18:55:21.250] schedule_summary_tick took 23.4ms | second_changed=1 blink=0
[2026-05-06 18:55:22.262] schedule_summary_tick took 27.3ms | second_changed=1 blink=0
[2026-05-06 18:55:23.253] schedule_summary_tick took 25.2ms | second_changed=1 blink=0
[2026-05-06 18:55:24.260] schedule_summary_tick took 24.3ms | second_changed=1 blink=0
[2026-05-06 18:55:25.254] schedule_summary_tick took 25.8ms | second_changed=1 blink=0
[2026-05-06 18:55:26.245] schedule_summary_tick took 22.0ms | second_changed=1 blink=0
[2026-05-06 18:55:27.258] schedule_summary_tick took 24.6ms | second_changed=1 blink=0
[2026-05-06 18:55:28.253] schedule_summary_tick took 20.3ms | second_changed=1 blink=0
[2026-05-06 18:55:29.245] schedule_summary_tick took 24.8ms | second_changed=1 blink=0
[2026-05-06 18:55:30.243] schedule_summary_tick took 21.8ms | second_changed=1 blink=0
[2026-05-06 18:55:31.254] schedule_summary_tick took 21.7ms | second_changed=1 blink=0
[2026-05-06 18:55:32.258] schedule_summary_tick took 27.5ms | second_changed=1 blink=0
[2026-05-06 18:55:33.247] schedule_summary_tick took 24.8ms | second_changed=1 blink=0
[2026-05-06 18:55:34.260] schedule_summary_tick took 26.7ms | second_changed=1 blink=0
[2026-05-06 18:55:35.257] schedule_summary_tick took 27.0ms | second_changed=1 blink=0
[2026-05-06 18:55:36.252] schedule_summary_tick took 25.7ms | second_changed=1 blink=0
[2026-05-06 18:55:37.243] schedule_summary_tick took 22.7ms | second_changed=1 blink=0
[2026-05-06 18:55:38.256] schedule_summary_tick took 29.6ms | second_changed=1 blink=0
[2026-05-06 18:55:39.254] schedule_summary_tick took 28.8ms | second_changed=1 blink=0
[2026-05-06 18:55:40.262] schedule_summary_tick took 28.2ms | second_changed=1 blink=0
[2026-05-06 18:55:41.251] schedule_summary_tick took 24.0ms | second_changed=1 blink=0
[2026-05-06 18:55:42.245] schedule_summary_tick took 24.2ms | second_changed=1 blink=0
[2026-05-06 18:55:43.245] schedule_summary_tick took 23.3ms | second_changed=1 blink=0
[2026-05-06 18:55:44.253] schedule_summary_tick took 23.0ms | second_changed=1 blink=0
[2026-05-06 18:55:45.246] schedule_summary_tick took 22.4ms | second_changed=1 blink=0
[2026-05-06 18:55:46.254] schedule_summary_tick took 24.5ms | second_changed=1 blink=0
[2026-05-06 18:55:47.247] schedule_summary_tick took 25.5ms | second_changed=1 blink=0
[2026-05-06 18:55:48.254] schedule_summary_tick took 26.0ms | second_changed=1 blink=0
[2026-05-06 18:55:49.254] schedule_summary_tick took 28.2ms | second_changed=1 blink=0
[2026-05-06 18:55:50.245] schedule_summary_tick took 25.1ms | second_changed=1 blink=0
[2026-05-06 18:55:51.253] schedule_summary_tick took 24.8ms | second_changed=1 blink=0
[2026-05-06 18:55:52.244] schedule_summary_tick took 23.3ms | second_changed=1 blink=0
[2026-05-06 18:55:53.251] schedule_summary_tick took 23.7ms | second_changed=1 blink=0
[2026-05-06 18:55:54.251] schedule_summary_tick took 29.9ms | second_changed=1 blink=0
[2026-05-06 18:55:55.256] schedule_summary_tick took 28.1ms | second_changed=1 blink=0
[2026-05-06 18:55:56.257] schedule_summary_tick took 29.7ms | second_changed=1 blink=0
[2026-05-06 18:55:57.259] schedule_summary_tick took 28.9ms | second_changed=1 blink=0
[2026-05-06 18:55:58.251] schedule_summary_tick took 26.6ms | second_changed=1 blink=0
[2026-05-06 18:55:59.255] schedule_summary_tick took 23.0ms | second_changed=1 blink=0
[2026-05-06 18:56:00.260] schedule_summary_tick took 32.9ms | second_changed=1 blink=0
[2026-05-06 18:56:01.249] schedule_summary_tick took 27.3ms | second_changed=1 blink=0
[2026-05-06 18:56:02.257] schedule_summary_tick took 25.9ms | second_changed=1 blink=0
[2026-05-06 18:56:03.254] schedule_summary_tick took 24.3ms | second_changed=1 blink=0
[2026-05-06 18:56:04.248] schedule_summary_tick took 25.1ms | second_changed=1 blink=0
[2026-05-06 18:56:05.267] schedule_summary_tick took 26.0ms | second_changed=1 blink=0
[2026-05-06 18:56:06.250] schedule_summary_tick took 22.1ms | second_changed=1 blink=0
[2026-05-06 18:56:07.251] schedule_summary_tick took 24.8ms | second_changed=1 blink=0
[2026-05-06 18:56:08.258] schedule_summary_tick took 26.3ms | second_changed=1 blink=0
[2026-05-06 18:56:09.262] schedule_summary_tick took 27.5ms | second_changed=1 blink=0
[2026-05-06 18:56:10.258] schedule_summary_tick took 27.6ms | second_changed=1 blink=0
[2026-05-06 18:56:11.246] schedule_summary_tick took 23.6ms | second_changed=1 blink=0
[2026-05-06 18:56:12.252] schedule_summary_tick took 23.4ms | second_changed=1 blink=0
[2026-05-06 18:56:13.244] schedule_summary_tick took 22.6ms | second_changed=1 blink=0
[2026-05-06 18:56:14.247] schedule_summary_tick took 26.1ms | second_changed=1 blink=0
[2026-05-06 18:56:15.253] schedule_summary_tick took 26.6ms | second_changed=1 blink=0
[2026-05-06 18:56:16.279] schedule_summary_tick took 53.0ms | second_changed=1 blink=0
[2026-05-06 18:56:17.252] schedule_summary_tick took 24.5ms | second_changed=1 blink=0
[2026-05-06 18:56:18.249] schedule_summary_tick took 24.4ms | second_changed=1 blink=0
[2026-05-06 18:56:19.247] schedule_summary_tick took 24.4ms | second_changed=1 blink=0
[2026-05-06 18:56:20.257] schedule_summary_tick took 29.0ms | second_changed=1 blink=0
[2026-05-06 18:56:21.260] schedule_summary_tick took 24.3ms | second_changed=1 blink=0
[2026-05-06 18:56:22.249] schedule_summary_tick took 22.5ms | second_changed=1 blink=0
[2026-05-06 18:56:23.258] schedule_summary_tick took 25.3ms | second_changed=1 blink=0
[2026-05-06 18:56:24.256] schedule_summary_tick took 25.7ms | second_changed=1 blink=0
[2026-05-06 18:56:25.249] schedule_summary_tick took 28.2ms | second_changed=1 blink=0
[2026-05-06 18:56:26.260] schedule_summary_tick took 26.5ms | second_changed=1 blink=0
[2026-05-06 18:56:27.244] schedule_summary_tick took 20.8ms | second_changed=1 blink=0
[2026-05-06 18:56:28.246] schedule_summary_tick took 23.6ms | second_changed=1 blink=0
[2026-05-06 18:56:29.260] schedule_summary_tick took 25.5ms | second_changed=1 blink=0
[2026-05-06 18:56:30.249] schedule_summary_tick took 24.1ms | second_changed=1 blink=0
[2026-05-06 18:56:31.263] schedule_summary_tick took 27.7ms | second_changed=1 blink=0
[2026-05-06 18:56:32.256] schedule_summary_tick took 28.0ms | second_changed=1 blink=0
[2026-05-06 18:56:33.257] schedule_summary_tick took 25.8ms | second_changed=1 blink=0
[2026-05-06 18:56:34.247] schedule_summary_tick took 24.6ms | second_changed=1 blink=0
[2026-05-06 18:56:35.257] schedule_summary_tick took 24.6ms | second_changed=1 blink=0
[2026-05-06 18:56:36.258] schedule_summary_tick took 27.7ms | second_changed=1 blink=0
[2026-05-06 18:56:37.261] schedule_summary_tick took 26.7ms | second_changed=1 blink=0
[2026-05-06 18:56:38.258] schedule_summary_tick took 23.1ms | second_changed=1 blink=0
[2026-05-06 18:56:39.248] schedule_summary_tick took 23.7ms | second_changed=1 blink=0
[2026-05-06 18:56:40.260] schedule_summary_tick took 26.6ms | second_changed=1 blink=0
[2026-05-06 18:56:41.248] schedule_summary_tick took 27.5ms | second_changed=1 blink=0
[2026-05-06 18:56:42.247] schedule_summary_tick took 26.4ms | second_changed=1 blink=0
[2026-05-06 18:56:43.259] schedule_summary_tick took 30.8ms | second_changed=1 blink=0
[2026-05-06 18:56:44.284] schedule_summary_tick took 60.5ms | second_changed=1 blink=0
[2026-05-06 18:56:45.257] schedule_summary_tick took 24.6ms | second_changed=1 blink=0
[2026-05-06 18:56:46.259] schedule_summary_tick took 25.4ms | second_changed=1 blink=0
[2026-05-06 18:56:47.252] schedule_summary_tick took 26.8ms | second_changed=1 blink=0
[2026-05-06 18:56:48.253] schedule_summary_tick took 25.1ms | second_changed=1 blink=0
[2026-05-06 18:56:49.245] schedule_summary_tick took 23.4ms | second_changed=1 blink=0
[2026-05-06 18:56:50.243] schedule_summary_tick took 23.4ms | second_changed=1 blink=0
[2026-05-06 18:56:51.252] schedule_summary_tick took 26.3ms | second_changed=1 blink=0
[2026-05-06 18:56:52.260] schedule_summary_tick took 27.0ms | second_changed=1 blink=0
[2026-05-06 18:56:53.251] schedule_summary_tick took 23.1ms | second_changed=1 blink=0
[2026-05-06 18:56:54.259] schedule_summary_tick took 24.3ms | second_changed=1 blink=0
[2026-05-06 18:56:55.258] schedule_summary_tick took 23.9ms | second_changed=1 blink=0
[2026-05-06 18:56:56.249] schedule_summary_tick took 24.2ms | second_changed=1 blink=0
[2026-05-06 18:56:57.263] schedule_summary_tick took 31.8ms | second_changed=1 blink=0
[2026-05-06 18:56:58.255] schedule_summary_tick took 29.7ms | second_changed=1 blink=0
[2026-05-06 18:56:59.259] schedule_summary_tick took 27.6ms | second_changed=1 blink=0
[2026-05-06 18:57:00.249] schedule_summary_tick took 24.6ms | second_changed=1 blink=0
[2026-05-06 18:57:01.257] schedule_summary_tick took 25.5ms | second_changed=1 blink=0
[2026-05-06 18:57:02.246] schedule_summary_tick took 24.9ms | second_changed=1 blink=0
[2026-05-06 18:57:03.249] schedule_summary_tick took 23.6ms | second_changed=1 blink=0
[2026-05-06 18:57:04.254] schedule_summary_tick took 30.8ms | second_changed=1 blink=0
[2026-05-06 18:57:05.255] schedule_summary_tick took 26.5ms | second_changed=1 blink=0
[2026-05-06 18:57:06.251] schedule_summary_tick took 25.2ms | second_changed=1 blink=0
[2026-05-06 18:57:07.248] schedule_summary_tick took 24.4ms | second_changed=1 blink=0
[2026-05-06 18:57:08.256] schedule_summary_tick took 23.3ms | second_changed=1 blink=0
[2026-05-06 18:57:09.251] schedule_summary_tick took 22.7ms | second_changed=1 blink=0
[2026-05-06 18:57:10.248] schedule_summary_tick took 24.5ms | second_changed=1 blink=0
[2026-05-06 18:57:11.244] schedule_summary_tick took 22.8ms | second_changed=1 blink=0
[2026-05-06 18:57:12.247] schedule_summary_tick took 27.9ms | second_changed=1 blink=0
[2026-05-06 18:57:13.259] schedule_summary_tick took 26.6ms | second_changed=1 blink=0
[2026-05-06 18:57:14.253] schedule_summary_tick took 25.3ms | second_changed=1 blink=0
[2026-05-06 18:57:15.250] schedule_summary_tick took 24.6ms | second_changed=1 blink=0
[2026-05-06 18:57:16.241] schedule_summary_tick took 20.8ms | second_changed=1 blink=0
[2026-05-06 18:57:17.257] schedule_summary_tick took 24.7ms | second_changed=1 blink=0
[2026-05-06 18:57:18.248] schedule_summary_tick took 24.1ms | second_changed=1 blink=0
[2026-05-06 18:57:19.256] schedule_summary_tick took 23.6ms | second_changed=1 blink=0
[2026-05-06 18:57:20.245] schedule_summary_tick took 22.9ms | second_changed=1 blink=0
[2026-05-06 18:57:21.246] schedule_summary_tick took 22.8ms | second_changed=1 blink=0
[2026-05-06 18:57:22.246] schedule_summary_tick took 23.4ms | second_changed=1 blink=0
[2026-05-06 18:57:23.247] schedule_summary_tick took 21.7ms | second_changed=1 blink=0
[2026-05-06 18:57:24.263] schedule_summary_tick took 28.4ms | second_changed=1 blink=0
[2026-05-06 18:57:25.256] schedule_summary_tick took 28.3ms | second_changed=1 blink=0
[2026-05-06 18:57:26.248] schedule_summary_tick took 26.8ms | second_changed=1 blink=0
[2026-05-06 18:57:27.278] schedule_summary_tick took 46.4ms | second_changed=1 blink=0
[2026-05-06 18:57:28.256] schedule_summary_tick took 34.3ms | second_changed=1 blink=0
[2026-05-06 18:57:29.250] schedule_summary_tick took 30.0ms | second_changed=1 blink=0
[2026-05-06 18:57:30.246] schedule_summary_tick took 23.4ms | second_changed=1 blink=0
[2026-05-06 18:57:31.260] schedule_summary_tick took 25.0ms | second_changed=1 blink=0
[2026-05-06 18:57:32.252] schedule_summary_tick took 24.3ms | second_changed=1 blink=0
[2026-05-06 18:57:33.244] schedule_summary_tick took 23.8ms | second_changed=1 blink=0
[2026-05-06 18:57:34.245] schedule_summary_tick took 22.1ms | second_changed=1 blink=0
[2026-05-06 18:57:35.070] schedule_alarm_tick took 26.4ms | second=18:57:35
[2026-05-06 18:57:35.254] schedule_summary_tick took 24.9ms | second_changed=1 blink=0
[2026-05-06 18:57:36.249] schedule_summary_tick took 25.8ms | second_changed=1 blink=0
[2026-05-06 18:57:37.255] schedule_summary_tick took 24.5ms | second_changed=1 blink=0
[2026-05-06 18:57:38.248] schedule_summary_tick took 22.3ms | second_changed=1 blink=0
[2026-05-06 18:57:39.263] schedule_summary_tick took 29.0ms | second_changed=1 blink=0
[2026-05-06 18:57:40.253] schedule_summary_tick took 22.9ms | second_changed=1 blink=0
[2026-05-06 18:57:41.256] schedule_summary_tick took 22.5ms | second_changed=1 blink=0
[2026-05-06 18:57:42.259] schedule_summary_tick took 25.7ms | second_changed=1 blink=0
[2026-05-06 18:57:43.277] schedule_summary_tick took 43.1ms | second_changed=1 blink=0
[2026-05-06 18:57:44.258] schedule_summary_tick took 28.9ms | second_changed=1 blink=0
[2026-05-06 18:57:45.252] schedule_summary_tick took 25.9ms | second_changed=1 blink=0
[2026-05-06 18:57:46.246] schedule_summary_tick took 25.5ms | second_changed=1 blink=0
[2026-05-06 18:57:47.249] schedule_summary_tick took 26.1ms | second_changed=1 blink=0
[2026-05-06 18:57:48.247] schedule_summary_tick took 25.4ms | second_changed=1 blink=0
[2026-05-06 18:57:49.249] schedule_summary_tick took 21.7ms | second_changed=1 blink=0
[2026-05-06 18:57:50.257] schedule_summary_tick took 23.3ms | second_changed=1 blink=0
[2026-05-06 18:57:51.253] schedule_summary_tick took 21.0ms | second_changed=1 blink=0
[2026-05-06 18:57:52.251] schedule_summary_tick took 25.3ms | second_changed=1 blink=0
[2026-05-06 18:57:53.247] schedule_summary_tick took 26.7ms | second_changed=1 blink=0
[2026-05-06 18:57:54.252] schedule_summary_tick took 27.7ms | second_changed=1 blink=0
[2026-05-06 18:57:55.260] schedule_summary_tick took 27.0ms | second_changed=1 blink=0
[2026-05-06 18:57:56.247] schedule_summary_tick took 21.8ms | second_changed=1 blink=0
[2026-05-06 18:57:57.257] schedule_summary_tick took 23.3ms | second_changed=1 blink=0
[2026-05-06 18:57:58.252] schedule_summary_tick took 25.9ms | second_changed=1 blink=0
[2026-05-06 18:57:59.247] schedule_summary_tick took 26.6ms | second_changed=1 blink=0
[2026-05-06 18:58:00.258] schedule_summary_tick took 30.2ms | second_changed=1 blink=0
[2026-05-06 18:58:01.266] schedule_summary_tick took 31.9ms | second_changed=1 blink=0
[2026-05-06 18:58:02.249] schedule_summary_tick took 23.0ms | second_changed=1 blink=0
[2026-05-06 18:58:03.257] schedule_summary_tick took 26.0ms | second_changed=1 blink=0
[2026-05-06 18:58:04.244] schedule_summary_tick took 22.7ms | second_changed=1 blink=0
[2026-05-06 18:58:05.255] schedule_summary_tick took 22.3ms | second_changed=1 blink=0
[2026-05-06 18:58:06.249] schedule_summary_tick took 23.7ms | second_changed=1 blink=0
[2026-05-06 18:58:07.247] schedule_summary_tick took 25.8ms | second_changed=1 blink=0
[2026-05-06 18:58:08.247] schedule_summary_tick took 23.2ms | second_changed=1 blink=0
[2026-05-06 18:58:09.251] schedule_summary_tick took 26.5ms | second_changed=1 blink=0
[2026-05-06 18:58:10.261] schedule_summary_tick took 27.0ms | second_changed=1 blink=0
[2026-05-06 18:58:11.253] schedule_summary_tick took 25.0ms | second_changed=1 blink=0
[2026-05-06 18:58:12.246] schedule_summary_tick took 23.7ms | second_changed=1 blink=0
[2026-05-06 18:58:13.260] schedule_summary_tick took 31.0ms | second_changed=1 blink=0
[2026-05-06 18:58:14.259] schedule_summary_tick took 25.3ms | second_changed=1 blink=0
[2026-05-06 18:58:15.254] schedule_summary_tick took 26.4ms | second_changed=1 blink=0
[2026-05-06 18:58:16.249] schedule_summary_tick took 24.0ms | second_changed=1 blink=0
[2026-05-06 18:58:17.245] schedule_summary_tick took 23.1ms | second_changed=1 blink=0
[2026-05-06 18:58:18.255] schedule_summary_tick took 23.7ms | second_changed=1 blink=0
[2026-05-06 18:58:19.252] schedule_summary_tick took 26.9ms | second_changed=1 blink=0
[2026-05-06 18:58:20.244] schedule_summary_tick took 23.1ms | second_changed=1 blink=0
[2026-05-06 18:58:21.257] schedule_summary_tick took 26.7ms | second_changed=1 blink=0
[2026-05-06 18:58:22.249] schedule_summary_tick took 23.0ms | second_changed=1 blink=0
[2026-05-06 18:58:23.260] schedule_summary_tick took 25.9ms | second_changed=1 blink=0
[2026-05-06 18:58:24.256] schedule_summary_tick took 25.5ms | second_changed=1 blink=0
[2026-05-06 18:58:25.248] schedule_summary_tick took 24.4ms | second_changed=1 blink=0
[2026-05-06 18:58:26.258] schedule_summary_tick took 24.7ms | second_changed=1 blink=0
[2026-05-06 18:58:27.248] schedule_summary_tick took 24.2ms | second_changed=1 blink=0
[2026-05-06 18:58:28.259] schedule_summary_tick took 24.9ms | second_changed=1 blink=0
[2026-05-06 18:58:29.253] schedule_summary_tick took 24.1ms | second_changed=1 blink=0
[2026-05-06 18:58:30.252] schedule_summary_tick took 26.4ms | second_changed=1 blink=0
[2026-05-06 18:58:31.251] schedule_summary_tick took 27.4ms | second_changed=1 blink=0
[2026-05-06 18:58:32.259] schedule_summary_tick took 27.9ms | second_changed=1 blink=0
[2026-05-06 18:58:33.259] schedule_summary_tick took 30.5ms | second_changed=1 blink=0
[2026-05-06 18:58:34.246] schedule_summary_tick took 23.0ms | second_changed=1 blink=0
[2026-05-06 18:58:35.257] schedule_summary_tick took 28.0ms | second_changed=1 blink=0
[2026-05-06 18:58:36.265] schedule_summary_tick took 31.0ms | second_changed=1 blink=0
[2026-05-06 18:58:37.248] schedule_summary_tick took 23.8ms | second_changed=1 blink=0
[2026-05-06 18:58:38.245] schedule_summary_tick took 24.3ms | second_changed=1 blink=0
[2026-05-06 18:58:39.256] schedule_summary_tick took 27.6ms | second_changed=1 blink=0
[2026-05-06 18:58:40.258] schedule_summary_tick took 24.5ms | second_changed=1 blink=0
[2026-05-06 18:58:41.252] schedule_summary_tick took 25.7ms | second_changed=1 blink=0
[2026-05-06 18:58:42.261] schedule_summary_tick took 26.5ms | second_changed=1 blink=0
[2026-05-06 18:58:43.254] schedule_summary_tick took 26.7ms | second_changed=1 blink=0
[2026-05-06 18:58:44.251] schedule_summary_tick took 24.5ms | second_changed=1 blink=0
[2026-05-06 18:58:45.246] schedule_summary_tick took 23.3ms | second_changed=1 blink=0
[2026-05-06 18:58:46.254] schedule_summary_tick took 25.7ms | second_changed=1 blink=0
[2026-05-06 18:58:47.250] schedule_summary_tick took 26.1ms | second_changed=1 blink=0
[2026-05-06 18:58:48.258] schedule_summary_tick took 30.2ms | second_changed=1 blink=0
[2026-05-06 18:58:49.244] schedule_summary_tick took 24.1ms | second_changed=1 blink=0
[2026-05-06 18:58:50.248] schedule_summary_tick took 24.6ms | second_changed=1 blink=0
[2026-05-06 18:58:51.255] schedule_summary_tick took 23.3ms | second_changed=1 blink=0
[2026-05-06 18:58:52.251] schedule_summary_tick took 27.4ms | second_changed=1 blink=0
[2026-05-06 18:58:53.256] schedule_summary_tick took 29.1ms | second_changed=1 blink=0
[2026-05-06 18:58:54.261] schedule_summary_tick took 28.2ms | second_changed=1 blink=0
[2026-05-06 18:58:55.250] schedule_summary_tick took 23.7ms | second_changed=1 blink=0
[2026-05-06 18:58:56.248] schedule_summary_tick took 25.1ms | second_changed=1 blink=0
[2026-05-06 18:58:57.253] schedule_summary_tick took 28.3ms | second_changed=1 blink=0
[2026-05-06 18:58:58.257] schedule_summary_tick took 25.0ms | second_changed=1 blink=0
[2026-05-06 18:58:59.250] schedule_summary_tick took 24.8ms | second_changed=1 blink=0
[2026-05-06 18:59:00.084] schedule_alarm_tick took 43.6ms | second=18:59:00
[2026-05-06 18:59:00.254] schedule_summary_tick took 25.9ms | second_changed=1 blink=0
[2026-05-06 18:59:01.335] schedule_summary_tick took 106.1ms | second_changed=1 blink=0
[2026-05-06 18:59:02.246] schedule_summary_tick took 24.3ms | second_changed=1 blink=0
[2026-05-06 18:59:03.251] schedule_summary_tick took 29.2ms | second_changed=1 blink=0
[2026-05-06 18:59:04.248] schedule_summary_tick took 22.1ms | second_changed=1 blink=0
[2026-05-06 18:59:05.257] schedule_summary_tick took 27.6ms | second_changed=1 blink=0
[2026-05-06 18:59:06.259] schedule_summary_tick took 25.7ms | second_changed=1 blink=0
[2026-05-06 18:59:07.246] schedule_summary_tick took 22.8ms | second_changed=1 blink=0
[2026-05-06 18:59:08.255] schedule_summary_tick took 23.7ms | second_changed=1 blink=0
[2026-05-06 18:59:09.256] schedule_summary_tick took 29.5ms | second_changed=1 blink=0
[2026-05-06 18:59:10.257] schedule_summary_tick took 23.5ms | second_changed=1 blink=0
[2026-05-06 18:59:11.256] schedule_summary_tick took 25.2ms | second_changed=1 blink=0
[2026-05-06 18:59:12.243] schedule_summary_tick took 22.7ms | second_changed=1 blink=0
[2026-05-06 18:59:13.260] schedule_summary_tick took 26.6ms | second_changed=1 blink=0
[2026-05-06 18:59:14.251] schedule_summary_tick took 23.7ms | second_changed=1 blink=0
[2026-05-06 18:59:15.250] schedule_summary_tick took 22.8ms | second_changed=1 blink=0
[2026-05-06 18:59:16.250] schedule_summary_tick took 25.5ms | second_changed=1 blink=0
[2026-05-06 18:59:17.258] schedule_summary_tick took 24.3ms | second_changed=1 blink=0
[2026-05-06 18:59:18.256] schedule_summary_tick took 27.5ms | second_changed=1 blink=0
[2026-05-06 18:59:19.248] schedule_summary_tick took 23.7ms | second_changed=1 blink=0
[2026-05-06 18:59:20.258] schedule_summary_tick took 28.4ms | second_changed=1 blink=0
[2026-05-06 18:59:21.267] schedule_summary_tick took 31.8ms | second_changed=1 blink=0
[2026-05-06 18:59:22.255] schedule_summary_tick took 25.4ms | second_changed=1 blink=0
[2026-05-06 18:59:23.247] schedule_summary_tick took 23.5ms | second_changed=1 blink=0
[2026-05-06 18:59:24.249] schedule_summary_tick took 25.3ms | second_changed=1 blink=0
[2026-05-06 18:59:25.245] schedule_summary_tick took 25.2ms | second_changed=1 blink=0
[2026-05-06 18:59:26.241] schedule_summary_tick took 20.4ms | second_changed=1 blink=0
[2026-05-06 18:59:27.245] schedule_summary_tick took 24.0ms | second_changed=1 blink=0
[2026-05-06 18:59:28.255] schedule_summary_tick took 25.4ms | second_changed=1 blink=0
[2026-05-06 18:59:29.246] schedule_summary_tick took 25.4ms | second_changed=1 blink=0
[2026-05-06 18:59:30.255] schedule_summary_tick took 24.0ms | second_changed=1 blink=0
[2026-05-06 18:59:31.249] schedule_summary_tick took 22.2ms | second_changed=1 blink=0
[2026-05-06 18:59:32.248] schedule_summary_tick took 26.1ms | second_changed=1 blink=0
[2026-05-06 18:59:33.260] schedule_summary_tick took 27.1ms | second_changed=1 blink=0
[2026-05-06 18:59:34.258] schedule_summary_tick took 32.2ms | second_changed=1 blink=0
[2026-05-06 18:59:35.263] schedule_summary_tick took 27.3ms | second_changed=1 blink=0
[2026-05-06 18:59:36.255] schedule_summary_tick took 27.8ms | second_changed=1 blink=0
[2026-05-06 18:59:37.243] schedule_summary_tick took 22.8ms | second_changed=1 blink=0
[2026-05-06 18:59:38.246] schedule_summary_tick took 21.7ms | second_changed=1 blink=0
[2026-05-06 18:59:39.240] schedule_summary_tick took 21.0ms | second_changed=1 blink=0
[2026-05-06 18:59:40.254] schedule_summary_tick took 21.9ms | second_changed=1 blink=0
[2026-05-06 18:59:41.250] schedule_summary_tick took 25.8ms | second_changed=1 blink=0
[2026-05-06 18:59:42.258] schedule_summary_tick took 27.3ms | second_changed=1 blink=0
[2026-05-06 18:59:43.254] schedule_summary_tick took 27.3ms | second_changed=1 blink=0
[2026-05-06 18:59:44.249] schedule_summary_tick took 23.6ms | second_changed=1 blink=0
[2026-05-06 18:59:45.245] schedule_summary_tick took 24.6ms | second_changed=1 blink=0
[2026-05-06 18:59:46.247] schedule_summary_tick took 22.0ms | second_changed=1 blink=0
[2026-05-06 18:59:47.303] schedule_summary_tick took 71.7ms | second_changed=1 blink=0
[2026-05-06 18:59:48.244] schedule_summary_tick took 21.7ms | second_changed=1 blink=0
[2026-05-06 18:59:49.263] schedule_summary_tick took 30.5ms | second_changed=1 blink=0
[2026-05-06 18:59:50.256] schedule_summary_tick took 30.0ms | second_changed=1 blink=0
[2026-05-06 18:59:51.259] schedule_summary_tick took 25.0ms | second_changed=1 blink=0
[2026-05-06 18:59:52.254] schedule_summary_tick took 25.4ms | second_changed=1 blink=0
[2026-05-06 18:59:53.244] schedule_summary_tick took 23.8ms | second_changed=1 blink=0
[2026-05-06 18:59:54.255] schedule_summary_tick took 22.3ms | second_changed=1 blink=0
[2026-05-06 18:59:55.248] schedule_summary_tick took 24.7ms | second_changed=1 blink=0
[2026-05-06 18:59:56.258] schedule_summary_tick took 28.7ms | second_changed=1 blink=0
[2026-05-06 18:59:57.251] schedule_summary_tick took 23.5ms | second_changed=1 blink=0
[2026-05-06 18:59:58.927] schedule_summary_tick took 700.7ms | second_changed=1 blink=0
[2026-05-06 18:59:59.957] schedule_summary_tick took 722.3ms | second_changed=1 blink=0
[2026-05-06 19:00:00.917] schedule_summary_tick took 690.0ms | second_changed=1 blink=0
[2026-05-06 19:00:01.254] schedule_summary_tick took 26.5ms | second_changed=1 blink=2
[2026-05-06 19:00:02.210] schedule_summary_tick took 20.6ms | second_changed=1 blink=2
[2026-05-06 19:00:03.204] schedule_summary_tick took 22.7ms | second_changed=1 blink=2
[2026-05-06 19:00:04.197] schedule_summary_tick took 24.4ms | second_changed=1 blink=2
[2026-05-06 19:00:05.219] schedule_summary_tick took 28.0ms | second_changed=1 blink=2
[2026-05-06 19:00:06.211] schedule_summary_tick took 30.3ms | second_changed=1 blink=2
[2026-05-06 19:00:07.203] schedule_summary_tick took 25.3ms | second_changed=1 blink=2
[2026-05-06 19:00:08.922] schedule_summary_tick took 755.0ms | second_changed=1 blink=2
[2026-05-06 19:00:09.945] schedule_summary_tick took 717.0ms | second_changed=1 blink=0
[2026-05-06 19:00:10.250] schedule_summary_tick took 25.7ms | second_changed=1 blink=0
[2026-05-06 19:00:11.256] schedule_summary_tick took 26.0ms | second_changed=1 blink=0
[2026-05-06 19:00:12.248] schedule_summary_tick took 24.3ms | second_changed=1 blink=0
[2026-05-06 19:00:13.248] schedule_summary_tick took 24.0ms | second_changed=1 blink=0
[2026-05-06 19:00:14.251] schedule_summary_tick took 26.6ms | second_changed=1 blink=0
[2026-05-06 19:00:15.257] schedule_summary_tick took 24.3ms | second_changed=1 blink=0
[2026-05-06 19:00:16.248] schedule_summary_tick took 25.3ms | second_changed=1 blink=0
[2026-05-06 19:00:17.254] schedule_summary_tick took 27.4ms | second_changed=1 blink=0
[2026-05-06 19:00:18.251] schedule_summary_tick took 29.4ms | second_changed=1 blink=0
[2026-05-06 19:00:19.249] schedule_summary_tick took 25.2ms | second_changed=1 blink=0
[2026-05-06 19:00:20.257] schedule_summary_tick took 25.4ms | second_changed=1 blink=0
[2026-05-06 19:00:21.256] schedule_summary_tick took 28.0ms | second_changed=1 blink=0
[2026-05-06 19:00:22.252] schedule_summary_tick took 30.3ms | second_changed=1 blink=0
[2026-05-06 19:00:23.254] schedule_summary_tick took 25.8ms | second_changed=1 blink=0
[2026-05-06 19:00:24.248] schedule_summary_tick took 23.1ms | second_changed=1 blink=0
[2026-05-06 19:00:25.260] schedule_summary_tick took 24.9ms | second_changed=1 blink=0
[2026-05-06 19:00:26.252] schedule_summary_tick took 25.5ms | second_changed=1 blink=0
[2026-05-06 19:00:27.243] schedule_summary_tick took 21.3ms | second_changed=1 blink=0
[2026-05-06 19:00:28.248] schedule_summary_tick took 23.1ms | second_changed=1 blink=0
[2026-05-06 19:00:29.246] schedule_summary_tick took 24.8ms | second_changed=1 blink=0
[2026-05-06 19:00:30.251] schedule_summary_tick took 23.3ms | second_changed=1 blink=0
[2026-05-06 19:00:31.254] schedule_summary_tick took 28.8ms | second_changed=1 blink=0
[2026-05-06 19:00:32.253] schedule_summary_tick took 31.1ms | second_changed=1 blink=0
[2026-05-06 19:00:33.258] schedule_summary_tick took 26.2ms | second_changed=1 blink=0
[2026-05-06 19:00:34.252] schedule_summary_tick took 25.0ms | second_changed=1 blink=0
[2026-05-06 19:00:35.255] schedule_summary_tick took 24.0ms | second_changed=1 blink=0
[2026-05-06 19:00:36.250] schedule_summary_tick took 26.9ms | second_changed=1 blink=0
[2026-05-06 19:00:37.245] schedule_summary_tick took 24.8ms | second_changed=1 blink=0
[2026-05-06 19:00:38.263] schedule_summary_tick took 36.8ms | second_changed=1 blink=0
[2026-05-06 19:00:39.246] schedule_summary_tick took 25.1ms | second_changed=1 blink=0
[2026-05-06 19:00:40.253] schedule_summary_tick took 28.1ms | second_changed=1 blink=0
[2026-05-06 19:00:41.259] schedule_summary_tick took 24.1ms | second_changed=1 blink=0
[2026-05-06 19:00:42.252] schedule_summary_tick took 23.9ms | second_changed=1 blink=0
[2026-05-06 19:00:43.248] schedule_summary_tick took 23.4ms | second_changed=1 blink=0
[2026-05-06 19:00:44.257] schedule_summary_tick took 28.5ms | second_changed=1 blink=0
[2026-05-06 19:00:45.244] schedule_summary_tick took 23.3ms | second_changed=1 blink=0
[2026-05-06 19:00:46.246] schedule_summary_tick took 24.4ms | second_changed=1 blink=0
[2026-05-06 19:00:47.259] schedule_summary_tick took 28.3ms | second_changed=1 blink=0
[2026-05-06 19:00:48.258] schedule_summary_tick took 30.2ms | second_changed=1 blink=0
[2026-05-06 19:00:49.254] schedule_summary_tick took 23.1ms | second_changed=1 blink=0
[2026-05-06 19:00:50.259] schedule_summary_tick took 28.2ms | second_changed=1 blink=0
[2026-05-06 19:00:51.248] schedule_summary_tick took 25.2ms | second_changed=1 blink=0
[2026-05-06 19:00:52.249] schedule_summary_tick took 28.0ms | second_changed=1 blink=0
[2026-05-06 19:00:53.252] schedule_summary_tick took 25.5ms | second_changed=1 blink=0
[2026-05-06 19:00:54.252] schedule_summary_tick took 29.9ms | second_changed=1 blink=0
[2026-05-06 19:00:55.247] schedule_summary_tick took 21.5ms | second_changed=1 blink=0
[2026-05-06 19:00:56.251] schedule_summary_tick took 25.0ms | second_changed=1 blink=0
[2026-05-06 19:00:57.245] schedule_summary_tick took 25.5ms | second_changed=1 blink=0
[2026-05-06 19:00:58.251] schedule_summary_tick took 26.0ms | second_changed=1 blink=0
[2026-05-06 19:00:59.249] schedule_summary_tick took 25.4ms | second_changed=1 blink=0
[2026-05-06 19:01:00.257] schedule_summary_tick took 24.5ms | second_changed=1 blink=0
[2026-05-06 19:01:01.248] schedule_summary_tick took 25.1ms | second_changed=1 blink=0
[2026-05-06 19:01:02.262] schedule_summary_tick took 29.3ms | second_changed=1 blink=0
[2026-05-06 19:01:03.258] schedule_summary_tick took 26.2ms | second_changed=1 blink=0
[2026-05-06 19:01:04.250] schedule_summary_tick took 23.0ms | second_changed=1 blink=0
[2026-05-06 19:01:05.244] schedule_summary_tick took 24.0ms | second_changed=1 blink=0
[2026-05-06 19:01:06.256] schedule_summary_tick took 22.8ms | second_changed=1 blink=0
[2026-05-06 19:01:07.255] schedule_summary_tick took 27.0ms | second_changed=1 blink=0
[2026-05-06 19:01:08.253] schedule_summary_tick took 27.8ms | second_changed=1 blink=0
[2026-05-06 19:01:09.259] schedule_summary_tick took 35.7ms | second_changed=1 blink=0
[2026-05-06 19:01:10.256] schedule_summary_tick took 23.5ms | second_changed=1 blink=0
[2026-05-06 19:01:11.260] schedule_summary_tick took 28.0ms | second_changed=1 blink=0
[2026-05-06 19:01:12.242] schedule_summary_tick took 20.2ms | second_changed=1 blink=0
[2026-05-06 19:01:13.247] schedule_summary_tick took 21.5ms | second_changed=1 blink=0
[2026-05-06 19:01:14.251] schedule_summary_tick took 23.4ms | second_changed=1 blink=0
[2026-05-06 19:01:15.250] schedule_summary_tick took 26.4ms | second_changed=1 blink=0
[2026-05-06 19:01:16.246] schedule_summary_tick took 26.2ms | second_changed=1 blink=0
[2026-05-06 19:01:17.251] schedule_summary_tick took 27.5ms | second_changed=1 blink=0
[2026-05-06 19:01:18.259] schedule_summary_tick took 25.7ms | second_changed=1 blink=0
[2026-05-06 19:01:19.252] schedule_summary_tick took 27.5ms | second_changed=1 blink=0
[2026-05-06 19:01:20.260] schedule_summary_tick took 26.2ms | second_changed=1 blink=0
[2026-05-06 19:01:21.255] schedule_summary_tick took 26.3ms | second_changed=1 blink=0
[2026-05-06 19:01:22.250] schedule_summary_tick took 27.5ms | second_changed=1 blink=0
[2026-05-06 19:01:23.256] schedule_summary_tick took 25.6ms | second_changed=1 blink=0
[2026-05-06 19:01:24.249] schedule_summary_tick took 25.7ms | second_changed=1 blink=0
[2026-05-06 19:01:25.264] schedule_summary_tick took 30.1ms | second_changed=1 blink=0
[2026-05-06 19:01:26.255] schedule_summary_tick took 28.2ms | second_changed=1 blink=0
[2026-05-06 19:01:27.253] schedule_summary_tick took 21.7ms | second_changed=1 blink=0
[2026-05-06 19:01:28.251] schedule_summary_tick took 25.8ms | second_changed=1 blink=0
[2026-05-06 19:01:29.254] schedule_summary_tick took 23.3ms | second_changed=1 blink=0
[2026-05-06 19:01:30.258] schedule_summary_tick took 24.4ms | second_changed=1 blink=0
[2026-05-06 19:01:31.248] schedule_summary_tick took 23.9ms | second_changed=1 blink=0
[2026-05-06 19:01:32.247] schedule_summary_tick took 24.8ms | second_changed=1 blink=0
[2026-05-06 19:01:33.254] schedule_summary_tick took 24.7ms | second_changed=1 blink=0
[2026-05-06 19:01:34.246] schedule_summary_tick took 21.9ms | second_changed=1 blink=0
[2026-05-06 19:01:35.242] schedule_summary_tick took 22.3ms | second_changed=1 blink=0
[2026-05-06 19:01:36.257] schedule_summary_tick took 25.8ms | second_changed=1 blink=0
[2026-05-06 19:01:37.251] schedule_summary_tick took 22.3ms | second_changed=1 blink=0
[2026-05-06 19:01:38.246] schedule_summary_tick took 24.0ms | second_changed=1 blink=0
[2026-05-06 19:01:39.255] schedule_summary_tick took 31.2ms | second_changed=1 blink=0
[2026-05-06 19:01:40.250] schedule_summary_tick took 27.2ms | second_changed=1 blink=0
[2026-05-06 19:01:41.254] schedule_summary_tick took 25.1ms | second_changed=1 blink=0
[2026-05-06 19:01:42.256] schedule_summary_tick took 22.4ms | second_changed=1 blink=0
[2026-05-06 19:01:43.246] schedule_summary_tick took 24.0ms | second_changed=1 blink=0
[2026-05-06 19:01:44.256] schedule_summary_tick took 26.6ms | second_changed=1 blink=0
[2026-05-06 19:01:45.249] schedule_summary_tick took 24.1ms | second_changed=1 blink=0
[2026-05-06 19:01:46.254] schedule_summary_tick took 23.0ms | second_changed=1 blink=0
[2026-05-06 19:01:47.249] schedule_summary_tick took 25.0ms | second_changed=1 blink=0
[2026-05-06 19:01:48.243] schedule_summary_tick took 23.9ms | second_changed=1 blink=0
[2026-05-06 19:01:49.251] schedule_summary_tick took 26.6ms | second_changed=1 blink=0
[2026-05-06 19:01:50.257] schedule_summary_tick took 25.4ms | second_changed=1 blink=0
[2026-05-06 19:01:51.247] schedule_summary_tick took 24.1ms | second_changed=1 blink=0
[2026-05-06 19:01:52.257] schedule_summary_tick took 22.8ms | second_changed=1 blink=0
[2026-05-06 19:01:53.249] schedule_summary_tick took 24.2ms | second_changed=1 blink=0
[2026-05-06 19:01:54.244] schedule_summary_tick took 22.6ms | second_changed=1 blink=0
[2026-05-06 19:01:55.259] schedule_summary_tick took 26.6ms | second_changed=1 blink=0
[2026-05-06 19:01:56.257] schedule_summary_tick took 31.0ms | second_changed=1 blink=0
[2026-05-06 19:01:57.244] schedule_summary_tick took 24.1ms | second_changed=1 blink=0
[2026-05-06 19:01:58.251] schedule_summary_tick took 22.1ms | second_changed=1 blink=0
[2026-05-06 19:01:59.252] schedule_summary_tick took 22.7ms | second_changed=1 blink=0
[2026-05-06 19:02:00.250] schedule_summary_tick took 25.0ms | second_changed=1 blink=0
[2026-05-06 19:02:01.260] schedule_summary_tick took 27.8ms | second_changed=1 blink=0
[2026-05-06 19:02:02.251] schedule_summary_tick took 24.0ms | second_changed=1 blink=0
[2026-05-06 19:02:03.247] schedule_summary_tick took 22.8ms | second_changed=1 blink=0
[2026-05-06 19:02:04.248] schedule_summary_tick took 22.6ms | second_changed=1 blink=0
[2026-05-06 19:02:05.253] schedule_summary_tick took 24.7ms | second_changed=1 blink=0
[2026-05-06 19:02:06.243] schedule_summary_tick took 23.2ms | second_changed=1 blink=0
[2026-05-06 19:02:07.249] schedule_summary_tick took 22.2ms | second_changed=1 blink=0
[2026-05-06 19:02:08.261] schedule_summary_tick took 27.3ms | second_changed=1 blink=0
[2026-05-06 19:02:09.246] schedule_summary_tick took 23.1ms | second_changed=1 blink=0
[2026-05-06 19:02:10.254] schedule_summary_tick took 23.1ms | second_changed=1 blink=0
[2026-05-06 19:02:11.247] schedule_summary_tick took 27.9ms | second_changed=1 blink=0
[2026-05-06 19:02:12.254] schedule_summary_tick took 31.4ms | second_changed=1 blink=0
[2026-05-06 19:02:13.258] schedule_summary_tick took 28.1ms | second_changed=1 blink=0
[2026-05-06 19:02:14.249] schedule_summary_tick took 23.1ms | second_changed=1 blink=0
[2026-05-06 19:02:15.254] schedule_summary_tick took 29.1ms | second_changed=1 blink=0
[2026-05-06 19:02:16.260] schedule_summary_tick took 25.5ms | second_changed=1 blink=0
[2026-05-06 19:02:17.251] schedule_summary_tick took 24.1ms | second_changed=1 blink=0
[2026-05-06 19:02:18.257] schedule_summary_tick took 23.6ms | second_changed=1 blink=0
[2026-05-06 19:02:19.251] schedule_summary_tick took 24.7ms | second_changed=1 blink=0
[2026-05-06 19:02:20.244] schedule_summary_tick took 23.2ms | second_changed=1 blink=0
[2026-05-06 19:02:21.252] schedule_summary_tick took 22.7ms | second_changed=1 blink=0
[2026-05-06 19:02:22.248] schedule_summary_tick took 26.0ms | second_changed=1 blink=0
[2026-05-06 19:02:23.250] schedule_summary_tick took 24.8ms | second_changed=1 blink=0
[2026-05-06 19:02:24.246] schedule_summary_tick took 22.8ms | second_changed=1 blink=0
[2026-05-06 19:02:25.255] schedule_summary_tick took 24.1ms | second_changed=1 blink=0
[2026-05-06 19:02:26.254] schedule_summary_tick took 25.5ms | second_changed=1 blink=0
[2026-05-06 19:02:27.251] schedule_summary_tick took 27.6ms | second_changed=1 blink=0
[2026-05-06 19:02:28.262] schedule_summary_tick took 30.6ms | second_changed=1 blink=0
[2026-05-06 19:02:29.251] schedule_summary_tick took 28.2ms | second_changed=1 blink=0
[2026-05-06 19:02:30.251] schedule_summary_tick took 27.7ms | second_changed=1 blink=0
[2026-05-06 19:02:31.252] schedule_summary_tick took 26.1ms | second_changed=1 blink=0
[2026-05-06 19:02:32.243] schedule_summary_tick took 21.9ms | second_changed=1 blink=0
[2026-05-06 19:02:33.254] schedule_summary_tick took 23.5ms | second_changed=1 blink=0
[2026-05-06 19:02:34.252] schedule_summary_tick took 25.0ms | second_changed=1 blink=0
[2026-05-06 19:02:35.255] schedule_summary_tick took 25.2ms | second_changed=1 blink=0
[2026-05-06 19:02:36.255] schedule_summary_tick took 28.1ms | second_changed=1 blink=0
[2026-05-06 19:02:37.246] schedule_summary_tick took 26.1ms | second_changed=1 blink=0
[2026-05-06 19:02:38.250] schedule_summary_tick took 20.6ms | second_changed=1 blink=0
[2026-05-06 19:02:39.250] schedule_summary_tick took 24.0ms | second_changed=1 blink=0
[2026-05-06 19:02:40.250] schedule_summary_tick took 23.7ms | second_changed=1 blink=0
[2026-05-06 19:02:41.254] schedule_summary_tick took 22.6ms | second_changed=1 blink=0
[2026-05-06 19:02:42.251] schedule_summary_tick took 25.9ms | second_changed=1 blink=0
[2026-05-06 19:02:43.263] schedule_summary_tick took 28.3ms | second_changed=1 blink=0
[2026-05-06 19:02:44.254] schedule_summary_tick took 29.3ms | second_changed=1 blink=0
[2026-05-06 19:02:45.254] schedule_summary_tick took 22.2ms | second_changed=1 blink=0
[2026-05-06 19:02:46.246] schedule_summary_tick took 22.2ms | second_changed=1 blink=0
[2026-05-06 19:02:47.258] schedule_summary_tick took 23.3ms | second_changed=1 blink=0
[2026-05-06 19:02:48.260] schedule_summary_tick took 28.9ms | second_changed=1 blink=0
[2026-05-06 19:02:49.261] schedule_summary_tick took 26.5ms | second_changed=1 blink=0
[2026-05-06 19:02:50.253] schedule_summary_tick took 23.8ms | second_changed=1 blink=0
[2026-05-06 19:02:51.244] schedule_summary_tick took 24.9ms | second_changed=1 blink=0
[2026-05-06 19:02:52.250] schedule_summary_tick took 25.4ms | second_changed=1 blink=0
[2026-05-06 19:02:53.259] schedule_summary_tick took 26.9ms | second_changed=1 blink=0
[2026-05-06 19:02:54.248] schedule_summary_tick took 25.7ms | second_changed=1 blink=0
[2026-05-06 19:02:55.251] schedule_summary_tick took 22.0ms | second_changed=1 blink=0
[2026-05-06 19:02:56.243] schedule_summary_tick took 20.8ms | second_changed=1 blink=0
[2026-05-06 19:02:57.253] schedule_summary_tick took 24.4ms | second_changed=1 blink=0
[2026-05-06 19:02:58.150] main_clock_tick took 20.3ms
[2026-05-06 19:02:58.254] schedule_summary_tick took 28.9ms | second_changed=1 blink=0
[2026-05-06 19:02:59.264] schedule_summary_tick took 31.2ms | second_changed=1 blink=0
[2026-05-06 19:03:00.250] schedule_summary_tick took 22.5ms | second_changed=1 blink=0
[2026-05-06 19:03:01.250] schedule_summary_tick took 30.4ms | second_changed=1 blink=0
[2026-05-06 19:03:02.254] schedule_summary_tick took 24.4ms | second_changed=1 blink=0
[2026-05-06 19:03:03.259] schedule_summary_tick took 24.8ms | second_changed=1 blink=0
[2026-05-06 19:03:04.245] schedule_summary_tick took 21.2ms | second_changed=1 blink=0
[2026-05-06 19:03:05.250] schedule_summary_tick took 23.5ms | second_changed=1 blink=0
[2026-05-06 19:03:06.250] schedule_summary_tick took 28.3ms | second_changed=1 blink=0
[2026-05-06 19:03:07.256] schedule_summary_tick took 23.7ms | second_changed=1 blink=0
[2026-05-06 19:03:08.254] schedule_summary_tick took 28.6ms | second_changed=1 blink=0
[2026-05-06 19:03:09.249] schedule_summary_tick took 26.1ms | second_changed=1 blink=0
[2026-05-06 19:03:10.255] schedule_summary_tick took 26.1ms | second_changed=1 blink=0
[2026-05-06 19:03:11.247] schedule_summary_tick took 24.2ms | second_changed=1 blink=0
[2026-05-06 19:03:12.258] schedule_summary_tick took 25.3ms | second_changed=1 blink=0
[2026-05-06 19:03:13.248] schedule_summary_tick took 22.1ms | second_changed=1 blink=0
[2026-05-06 19:03:14.262] schedule_summary_tick took 29.0ms | second_changed=1 blink=0
[2026-05-06 19:03:15.249] schedule_summary_tick took 29.0ms | second_changed=1 blink=0
[2026-05-06 19:03:16.251] schedule_summary_tick took 23.2ms | second_changed=1 blink=0
[2026-05-06 19:03:17.261] schedule_summary_tick took 27.7ms | second_changed=1 blink=0
[2026-05-06 19:03:18.247] schedule_summary_tick took 23.4ms | second_changed=1 blink=0
[2026-05-06 19:03:19.246] schedule_summary_tick took 24.2ms | second_changed=1 blink=0
[2026-05-06 19:03:20.249] schedule_summary_tick took 24.0ms | second_changed=1 blink=0
[2026-05-06 19:03:21.256] schedule_summary_tick took 25.0ms | second_changed=1 blink=0
[2026-05-06 19:03:22.249] schedule_summary_tick took 25.6ms | second_changed=1 blink=0
[2026-05-06 19:03:23.244] schedule_summary_tick took 23.6ms | second_changed=1 blink=0
[2026-05-06 19:03:24.258] schedule_summary_tick took 25.5ms | second_changed=1 blink=0
[2026-05-06 19:03:25.248] schedule_summary_tick took 24.4ms | second_changed=1 blink=0
[2026-05-06 19:03:26.243] schedule_summary_tick took 23.5ms | second_changed=1 blink=0
[2026-05-06 19:03:27.245] schedule_summary_tick took 24.2ms | second_changed=1 blink=0
[2026-05-06 19:03:28.251] schedule_summary_tick took 24.4ms | second_changed=1 blink=0
[2026-05-06 19:03:29.242] schedule_summary_tick took 21.9ms | second_changed=1 blink=0
[2026-05-06 19:03:30.257] schedule_summary_tick took 28.5ms | second_changed=1 blink=0
[2026-05-06 19:03:31.252] schedule_summary_tick took 29.0ms | second_changed=1 blink=0
[2026-05-06 19:03:32.257] schedule_summary_tick took 24.7ms | second_changed=1 blink=0
[2026-05-06 19:03:33.250] schedule_summary_tick took 24.4ms | second_changed=1 blink=0
[2026-05-06 19:03:34.247] schedule_summary_tick took 24.8ms | second_changed=1 blink=0
[2026-05-06 19:03:35.258] schedule_summary_tick took 26.2ms | second_changed=1 blink=0
[2026-05-06 19:03:36.254] schedule_summary_tick took 29.2ms | second_changed=1 blink=0
[2026-05-06 19:03:37.261] schedule_summary_tick took 25.8ms | second_changed=1 blink=0
[2026-05-06 19:03:38.252] schedule_summary_tick took 27.3ms | second_changed=1 blink=0
[2026-05-06 19:03:39.254] schedule_summary_tick took 22.7ms | second_changed=1 blink=0
[2026-05-06 19:03:40.248] schedule_summary_tick took 24.7ms | second_changed=1 blink=0
[2026-05-06 19:03:41.257] schedule_summary_tick took 24.4ms | second_changed=1 blink=0
[2026-05-06 19:03:42.249] schedule_summary_tick took 24.1ms | second_changed=1 blink=0
[2026-05-06 19:03:43.259] schedule_summary_tick took 25.2ms | second_changed=1 blink=0
[2026-05-06 19:03:44.252] schedule_summary_tick took 23.9ms | second_changed=1 blink=0
[2026-05-06 19:03:45.249] schedule_summary_tick took 25.4ms | second_changed=1 blink=0
[2026-05-06 19:03:46.262] schedule_summary_tick took 28.2ms | second_changed=1 blink=0
[2026-05-06 19:03:47.259] schedule_summary_tick took 29.3ms | second_changed=1 blink=0
[2026-05-06 19:03:48.254] schedule_summary_tick took 29.3ms | second_changed=1 blink=0
[2026-05-06 19:03:49.258] schedule_summary_tick took 23.7ms | second_changed=1 blink=0
[2026-05-06 19:03:50.253] schedule_summary_tick took 25.9ms | second_changed=1 blink=0
[2026-05-06 19:03:51.248] schedule_summary_tick took 27.0ms | second_changed=1 blink=0
[2026-05-06 19:03:52.259] schedule_summary_tick took 30.2ms | second_changed=1 blink=0
[2026-05-06 19:03:53.252] schedule_summary_tick took 26.0ms | second_changed=1 blink=0
[2026-05-06 19:03:54.247] schedule_summary_tick took 24.2ms | second_changed=1 blink=0
[2026-05-06 19:03:55.255] schedule_summary_tick took 23.7ms | second_changed=1 blink=0
[2026-05-06 19:03:56.257] schedule_summary_tick took 27.5ms | second_changed=1 blink=0
[2026-05-06 19:03:57.249] schedule_summary_tick took 22.6ms | second_changed=1 blink=0
[2026-05-06 19:03:58.260] schedule_summary_tick took 27.6ms | second_changed=1 blink=0
[2026-05-06 19:03:59.257] schedule_summary_tick took 27.1ms | second_changed=1 blink=0
[2026-05-06 19:04:00.253] schedule_summary_tick took 25.4ms | second_changed=1 blink=0
[2026-05-06 19:04:01.258] schedule_summary_tick took 29.8ms | second_changed=1 blink=0
[2026-05-06 19:04:02.263] schedule_summary_tick took 28.6ms | second_changed=1 blink=0
[2026-05-06 19:04:03.256] schedule_summary_tick took 25.5ms | second_changed=1 blink=0
[2026-05-06 19:04:04.251] schedule_summary_tick took 23.8ms | second_changed=1 blink=0
[2026-05-06 19:04:05.250] schedule_summary_tick took 23.5ms | second_changed=1 blink=0
[2026-05-06 19:04:06.250] schedule_summary_tick took 28.4ms | second_changed=1 blink=0
[2026-05-06 19:04:07.248] schedule_summary_tick took 27.8ms | second_changed=1 blink=0
[2026-05-06 19:04:08.256] schedule_summary_tick took 24.0ms | second_changed=1 blink=0
[2026-05-06 19:04:09.244] schedule_summary_tick took 22.0ms | second_changed=1 blink=0
[2026-05-06 19:04:10.246] schedule_summary_tick took 24.7ms | second_changed=1 blink=0
[2026-05-06 19:04:11.250] schedule_summary_tick took 23.0ms | second_changed=1 blink=0
[2026-05-06 19:04:12.246] schedule_summary_tick took 24.6ms | second_changed=1 blink=0
[2026-05-06 19:04:13.252] schedule_summary_tick took 24.7ms | second_changed=1 blink=0
[2026-05-06 19:04:14.262] schedule_summary_tick took 25.9ms | second_changed=1 blink=0
[2026-05-06 19:04:15.252] schedule_summary_tick took 25.2ms | second_changed=1 blink=0
[2026-05-06 19:04:16.243] schedule_summary_tick took 22.7ms | second_changed=1 blink=0
[2026-05-06 19:04:17.251] schedule_summary_tick took 27.9ms | second_changed=1 blink=0
[2026-05-06 19:04:18.260] schedule_summary_tick took 30.7ms | second_changed=1 blink=0
[2026-05-06 19:04:19.251] schedule_summary_tick took 25.0ms | second_changed=1 blink=0
[2026-05-06 19:04:20.244] schedule_summary_tick took 23.3ms | second_changed=1 blink=0
[2026-05-06 19:04:21.249] schedule_summary_tick took 22.3ms | second_changed=1 blink=0
[2026-05-06 19:04:22.260] schedule_summary_tick took 27.5ms | second_changed=1 blink=0
[2026-05-06 19:04:23.260] schedule_summary_tick took 25.3ms | second_changed=1 blink=0
[2026-05-06 19:04:24.253] schedule_summary_tick took 26.1ms | second_changed=1 blink=0
[2026-05-06 19:04:25.247] schedule_summary_tick took 27.1ms | second_changed=1 blink=0
[2026-05-06 19:04:26.254] schedule_summary_tick took 25.6ms | second_changed=1 blink=0
[2026-05-06 19:04:27.258] schedule_summary_tick took 24.0ms | second_changed=1 blink=0
[2026-05-06 19:04:28.266] schedule_summary_tick took 29.4ms | second_changed=1 blink=0
[2026-05-06 19:04:29.261] schedule_summary_tick took 27.2ms | second_changed=1 blink=0
[2026-05-06 19:04:30.253] schedule_summary_tick took 27.0ms | second_changed=1 blink=0
[2026-05-06 19:04:31.255] schedule_summary_tick took 23.6ms | second_changed=1 blink=0
[2026-05-06 19:04:32.251] schedule_summary_tick took 25.3ms | second_changed=1 blink=0
[2026-05-06 19:04:33.248] schedule_summary_tick took 25.4ms | second_changed=1 blink=0
[2026-05-06 19:04:34.248] schedule_summary_tick took 27.0ms | second_changed=1 blink=0
[2026-05-06 19:04:35.250] schedule_summary_tick took 24.3ms | second_changed=1 blink=0
[2026-05-06 19:04:36.259] schedule_summary_tick took 27.9ms | second_changed=1 blink=0
[2026-05-06 19:04:37.249] schedule_summary_tick took 27.2ms | second_changed=1 blink=0
[2026-05-06 19:04:38.256] schedule_summary_tick took 22.8ms | second_changed=1 blink=0
[2026-05-06 19:04:39.250] schedule_summary_tick took 23.9ms | second_changed=1 blink=0
[2026-05-06 19:04:40.261] schedule_summary_tick took 25.8ms | second_changed=1 blink=0
[2026-05-06 19:04:41.250] schedule_summary_tick took 23.8ms | second_changed=1 blink=0
[2026-05-06 19:04:42.248] schedule_summary_tick took 24.8ms | second_changed=1 blink=0
[2026-05-06 19:04:43.246] schedule_summary_tick took 25.2ms | second_changed=1 blink=0
[2026-05-06 19:04:44.254] schedule_summary_tick took 23.0ms | second_changed=1 blink=0
[2026-05-06 19:04:45.257] schedule_summary_tick took 28.7ms | second_changed=1 blink=0
[2026-05-06 19:04:46.246] schedule_summary_tick took 24.7ms | second_changed=1 blink=0
[2026-05-06 19:04:47.258] schedule_summary_tick took 23.8ms | second_changed=1 blink=0
[2026-05-06 19:04:48.248] schedule_summary_tick took 26.6ms | second_changed=1 blink=0
[2026-05-06 19:04:49.256] schedule_summary_tick took 25.6ms | second_changed=1 blink=0
[2026-05-06 19:04:50.253] schedule_summary_tick took 32.4ms | second_changed=1 blink=0
[2026-05-06 19:04:51.257] schedule_summary_tick took 22.5ms | second_changed=1 blink=0
[2026-05-06 19:04:52.250] schedule_summary_tick took 26.4ms | second_changed=1 blink=0
[2026-05-06 19:04:53.262] schedule_summary_tick took 27.5ms | second_changed=1 blink=0
[2026-05-06 19:04:54.252] schedule_summary_tick took 23.2ms | second_changed=1 blink=0
[2026-05-06 19:04:55.243] schedule_summary_tick took 20.8ms | second_changed=1 blink=0
[2026-05-06 19:04:56.244] schedule_summary_tick took 22.7ms | second_changed=1 blink=0
[2026-05-06 19:04:57.249] schedule_summary_tick took 22.9ms | second_changed=1 blink=0
[2026-05-06 19:04:58.261] schedule_summary_tick took 27.7ms | second_changed=1 blink=0
[2026-05-06 19:04:59.261] schedule_summary_tick took 32.1ms | second_changed=1 blink=0
[2026-05-06 19:05:00.262] schedule_summary_tick took 27.7ms | second_changed=1 blink=0
[2026-05-06 19:05:01.250] schedule_summary_tick took 26.0ms | second_changed=1 blink=0
[2026-05-06 19:05:02.246] schedule_summary_tick took 24.4ms | second_changed=1 blink=0
[2026-05-06 19:05:03.258] schedule_summary_tick took 24.1ms | second_changed=1 blink=0
[2026-05-06 19:05:04.249] schedule_summary_tick took 23.7ms | second_changed=1 blink=0
[2026-05-06 19:05:05.252] schedule_summary_tick took 31.1ms | second_changed=1 blink=0
[2026-05-06 19:05:06.258] schedule_summary_tick took 27.0ms | second_changed=1 blink=0
[2026-05-06 19:05:07.248] schedule_summary_tick took 27.0ms | second_changed=1 blink=0
[2026-05-06 19:05:08.246] schedule_summary_tick took 23.8ms | second_changed=1 blink=0
[2026-05-06 19:05:09.248] schedule_summary_tick took 24.4ms | second_changed=1 blink=0
[2026-05-06 19:05:10.257] schedule_summary_tick took 23.0ms | second_changed=1 blink=0
[2026-05-06 19:05:11.255] schedule_summary_tick took 23.5ms | second_changed=1 blink=0
[2026-05-06 19:05:12.247] schedule_summary_tick took 25.4ms | second_changed=1 blink=0
[2026-05-06 19:05:13.256] schedule_summary_tick took 23.8ms | second_changed=1 blink=0
[2026-05-06 19:05:14.259] schedule_summary_tick took 25.2ms | second_changed=1 blink=0
[2026-05-06 19:05:15.247] schedule_summary_tick took 23.1ms | second_changed=1 blink=0
[2026-05-06 19:05:16.256] schedule_summary_tick took 24.7ms | second_changed=1 blink=0
[2026-05-06 19:05:17.250] schedule_summary_tick took 27.8ms | second_changed=1 blink=0
[2026-05-06 19:05:18.253] schedule_summary_tick took 24.1ms | second_changed=1 blink=0
[2026-05-06 19:05:19.249] schedule_summary_tick took 23.8ms | second_changed=1 blink=0
[2026-05-06 19:05:20.258] schedule_summary_tick took 25.8ms | second_changed=1 blink=0
[2026-05-06 19:05:21.257] schedule_summary_tick took 28.4ms | second_changed=1 blink=0
[2026-05-06 19:05:22.249] schedule_summary_tick took 24.7ms | second_changed=1 blink=0
[2026-05-06 19:05:23.244] schedule_summary_tick took 22.9ms | second_changed=1 blink=0
[2026-05-06 19:05:24.256] schedule_summary_tick took 25.5ms | second_changed=1 blink=0
[2026-05-06 19:05:25.247] schedule_summary_tick took 23.4ms | second_changed=1 blink=0
[2026-05-06 19:05:26.249] schedule_summary_tick took 22.6ms | second_changed=1 blink=0
[2026-05-06 19:05:27.252] schedule_summary_tick took 31.9ms | second_changed=1 blink=0
[2026-05-06 19:05:28.248] schedule_summary_tick took 23.2ms | second_changed=1 blink=0
[2026-05-06 19:05:29.243] schedule_summary_tick took 23.2ms | second_changed=1 blink=0
[2026-05-06 19:05:30.253] schedule_summary_tick took 23.2ms | second_changed=1 blink=0
[2026-05-06 19:05:31.248] schedule_summary_tick took 27.6ms | second_changed=1 blink=0
[2026-05-06 19:05:32.258] schedule_summary_tick took 27.0ms | second_changed=1 blink=0
[2026-05-06 19:05:33.254] schedule_summary_tick took 31.6ms | second_changed=1 blink=0
[2026-05-06 19:05:34.260] schedule_summary_tick took 27.8ms | second_changed=1 blink=0
[2026-05-06 19:05:35.252] schedule_summary_tick took 27.0ms | second_changed=1 blink=0
[2026-05-06 19:05:36.257] schedule_summary_tick took 26.2ms | second_changed=1 blink=0
[2026-05-06 19:05:37.249] schedule_summary_tick took 28.6ms | second_changed=1 blink=0
[2026-05-06 19:05:38.250] schedule_summary_tick took 22.4ms | second_changed=1 blink=0
[2026-05-06 19:05:39.256] schedule_summary_tick took 21.5ms | second_changed=1 blink=0
[2026-05-06 19:05:40.256] schedule_summary_tick took 29.6ms | second_changed=1 blink=0
[2026-05-06 19:05:41.261] schedule_summary_tick took 28.0ms | second_changed=1 blink=0
[2026-05-06 19:05:42.249] schedule_summary_tick took 25.2ms | second_changed=1 blink=0
[2026-05-06 19:05:43.259] schedule_summary_tick took 28.2ms | second_changed=1 blink=0
[2026-05-06 19:05:44.248] schedule_summary_tick took 22.1ms | second_changed=1 blink=0
[2026-05-06 19:05:45.254] schedule_summary_tick took 25.5ms | second_changed=1 blink=0
[2026-05-06 19:05:46.258] schedule_summary_tick took 25.6ms | second_changed=1 blink=0
[2026-05-06 19:05:47.250] schedule_summary_tick took 25.0ms | second_changed=1 blink=0
[2026-05-06 19:05:48.246] schedule_summary_tick took 23.7ms | second_changed=1 blink=0
[2026-05-06 19:05:49.254] schedule_summary_tick took 23.4ms | second_changed=1 blink=0
[2026-05-06 19:05:50.256] schedule_summary_tick took 22.7ms | second_changed=1 blink=0
[2026-05-06 19:05:51.255] schedule_summary_tick took 24.5ms | second_changed=1 blink=0
[2026-05-06 19:05:52.251] schedule_summary_tick took 28.2ms | second_changed=1 blink=0
[2026-05-06 19:05:53.262] schedule_summary_tick took 28.6ms | second_changed=1 blink=0
[2026-05-06 19:05:54.258] schedule_summary_tick took 30.0ms | second_changed=1 blink=0
[2026-05-06 19:05:55.247] schedule_summary_tick took 25.7ms | second_changed=1 blink=0
[2026-05-06 19:05:56.250] schedule_summary_tick took 22.4ms | second_changed=1 blink=0
[2026-05-06 19:05:57.248] schedule_summary_tick took 24.7ms | second_changed=1 blink=0
[2026-05-06 19:05:58.256] schedule_summary_tick took 22.5ms | second_changed=1 blink=0
[2026-05-06 19:05:59.247] schedule_summary_tick took 24.2ms | second_changed=1 blink=0
[2026-05-06 19:06:00.262] schedule_summary_tick took 28.7ms | second_changed=1 blink=0
[2026-05-06 19:06:01.268] schedule_summary_tick took 41.6ms | second_changed=1 blink=0
[2026-05-06 19:06:02.264] schedule_summary_tick took 29.7ms | second_changed=1 blink=0
[2026-05-06 19:06:03.250] schedule_summary_tick took 25.2ms | second_changed=1 blink=0
[2026-05-06 19:06:04.263] schedule_summary_tick took 28.9ms | second_changed=1 blink=0
[2026-05-06 19:06:05.244] schedule_summary_tick took 23.6ms | second_changed=1 blink=0
[2026-05-06 19:06:06.250] schedule_summary_tick took 23.4ms | second_changed=1 blink=0
[2026-05-06 19:06:07.252] schedule_summary_tick took 28.8ms | second_changed=1 blink=0
[2026-05-06 19:06:08.298] schedule_summary_tick took 65.6ms | second_changed=1 blink=0
[2026-05-06 19:06:09.248] schedule_summary_tick took 27.8ms | second_changed=1 blink=0
[2026-05-06 19:06:10.253] schedule_summary_tick took 24.8ms | second_changed=1 blink=0
[2026-05-06 19:06:11.255] schedule_summary_tick took 20.8ms | second_changed=1 blink=0
[2026-05-06 19:06:12.250] schedule_summary_tick took 21.6ms | second_changed=1 blink=0
[2026-05-06 19:06:13.252] schedule_summary_tick took 20.1ms | second_changed=1 blink=0
[2026-05-06 19:06:14.250] schedule_summary_tick took 24.5ms | second_changed=1 blink=0
[2026-05-06 19:06:15.253] schedule_summary_tick took 23.5ms | second_changed=1 blink=0
[2026-05-06 19:06:16.254] schedule_summary_tick took 30.1ms | second_changed=1 blink=0
[2026-05-06 19:06:17.263] schedule_summary_tick took 30.5ms | second_changed=1 blink=0
[2026-05-06 19:06:18.258] schedule_summary_tick took 27.8ms | second_changed=1 blink=0
[2026-05-06 19:06:19.246] schedule_summary_tick took 24.5ms | second_changed=1 blink=0
[2026-05-06 19:06:20.252] schedule_summary_tick took 20.6ms | second_changed=1 blink=0
[2026-05-06 19:06:21.247] schedule_summary_tick took 23.4ms | second_changed=1 blink=0
[2026-05-06 19:06:22.244] schedule_summary_tick took 22.7ms | second_changed=1 blink=0
[2026-05-06 19:06:23.262] schedule_summary_tick took 26.8ms | second_changed=1 blink=0
[2026-05-06 19:06:24.255] schedule_summary_tick took 27.0ms | second_changed=1 blink=0
[2026-05-06 19:06:26.256] schedule_summary_tick took 24.6ms | second_changed=1 blink=0
[2026-05-06 19:06:27.250] schedule_summary_tick took 25.4ms | second_changed=1 blink=0
[2026-05-06 19:06:28.246] schedule_summary_tick took 25.1ms | second_changed=1 blink=0
[2026-05-06 19:06:29.252] schedule_summary_tick took 29.0ms | second_changed=1 blink=0
[2026-05-06 19:06:30.254] schedule_summary_tick took 28.7ms | second_changed=1 blink=0
[2026-05-06 19:06:31.242] schedule_summary_tick took 22.8ms | second_changed=1 blink=0
[2026-05-06 19:06:32.253] schedule_summary_tick took 24.0ms | second_changed=1 blink=0
[2026-05-06 19:06:33.248] schedule_summary_tick took 25.6ms | second_changed=1 blink=0
[2026-05-06 19:06:34.250] schedule_summary_tick took 23.0ms | second_changed=1 blink=0
[2026-05-06 19:06:35.251] schedule_summary_tick took 26.2ms | second_changed=1 blink=0
[2026-05-06 19:06:36.247] schedule_summary_tick took 26.5ms | second_changed=1 blink=0
[2026-05-06 19:06:37.244] schedule_summary_tick took 21.8ms | second_changed=1 blink=0
[2026-05-06 19:06:38.251] schedule_summary_tick took 28.2ms | second_changed=1 blink=0
[2026-05-06 19:06:39.260] schedule_summary_tick took 27.3ms | second_changed=1 blink=0
[2026-05-06 19:06:40.256] schedule_summary_tick took 25.9ms | second_changed=1 blink=0
[2026-05-06 19:06:41.255] schedule_summary_tick took 23.9ms | second_changed=1 blink=0
[2026-05-06 19:06:42.252] schedule_summary_tick took 24.9ms | second_changed=1 blink=0
[2026-05-06 19:06:43.250] schedule_summary_tick took 24.6ms | second_changed=1 blink=0
[2026-05-06 19:06:44.256] schedule_summary_tick took 24.3ms | second_changed=1 blink=0
[2026-05-06 19:06:45.247] schedule_summary_tick took 22.8ms | second_changed=1 blink=0
[2026-05-06 19:06:46.250] schedule_summary_tick took 23.2ms | second_changed=1 blink=0
[2026-05-06 19:06:47.251] schedule_summary_tick took 22.9ms | second_changed=1 blink=0
[2026-05-06 19:06:48.261] schedule_summary_tick took 30.7ms | second_changed=1 blink=0
[2026-05-06 19:06:49.255] schedule_summary_tick took 29.3ms | second_changed=1 blink=0
[2026-05-06 19:06:50.262] schedule_summary_tick took 29.9ms | second_changed=1 blink=0
[2026-05-06 19:06:51.254] schedule_summary_tick took 25.7ms | second_changed=1 blink=0
[2026-05-06 19:06:52.261] schedule_summary_tick took 26.3ms | second_changed=1 blink=0
[2026-05-06 19:06:53.253] schedule_summary_tick took 23.5ms | second_changed=1 blink=0
[2026-05-06 19:06:54.248] schedule_summary_tick took 24.0ms | second_changed=1 blink=0
[2026-05-06 19:06:55.262] schedule_summary_tick took 29.7ms | second_changed=1 blink=0
[2026-05-06 19:06:56.256] schedule_summary_tick took 27.7ms | second_changed=1 blink=0
[2026-05-06 19:06:57.262] schedule_summary_tick took 30.0ms | second_changed=1 blink=0
[2026-05-06 19:06:58.249] schedule_summary_tick took 21.5ms | second_changed=1 blink=0
[2026-05-06 19:06:59.259] schedule_summary_tick took 24.7ms | second_changed=1 blink=0
[2026-05-06 19:07:00.249] schedule_summary_tick took 23.0ms | second_changed=1 blink=0
[2026-05-06 19:07:01.248] schedule_summary_tick took 22.4ms | second_changed=1 blink=0
[2026-05-06 19:07:02.246] schedule_summary_tick took 24.5ms | second_changed=1 blink=0
[2026-05-06 19:07:03.247] schedule_summary_tick took 27.3ms | second_changed=1 blink=0
[2026-05-06 19:07:04.246] schedule_summary_tick took 23.6ms | second_changed=1 blink=0
[2026-05-06 19:07:05.253] schedule_summary_tick took 22.6ms | second_changed=1 blink=0
[2026-05-06 19:07:06.251] schedule_summary_tick took 24.1ms | second_changed=1 blink=0
[2026-05-06 19:07:07.248] schedule_summary_tick took 23.6ms | second_changed=1 blink=0
[2026-05-06 19:07:08.253] schedule_summary_tick took 29.2ms | second_changed=1 blink=0
[2026-05-06 19:07:09.263] schedule_summary_tick took 27.9ms | second_changed=1 blink=0
[2026-05-06 19:07:10.253] schedule_summary_tick took 24.3ms | second_changed=1 blink=0
[2026-05-06 19:07:11.252] schedule_summary_tick took 30.4ms | second_changed=1 blink=0
[2026-05-06 19:07:12.252] schedule_summary_tick took 22.0ms | second_changed=1 blink=0
[2026-05-06 19:07:13.250] schedule_summary_tick took 23.8ms | second_changed=1 blink=0
[2026-05-06 19:07:14.257] schedule_summary_tick took 24.8ms | second_changed=1 blink=0
[2026-05-06 19:07:15.243] schedule_summary_tick took 22.9ms | second_changed=1 blink=0
[2026-05-06 19:07:16.257] schedule_summary_tick took 24.7ms | second_changed=1 blink=0
[2026-05-06 19:07:17.254] schedule_summary_tick took 25.6ms | second_changed=1 blink=0
[2026-05-06 19:07:18.253] schedule_summary_tick took 27.5ms | second_changed=1 blink=0
[2026-05-06 19:07:19.251] schedule_summary_tick took 30.7ms | second_changed=1 blink=0
[2026-05-06 19:07:20.254] schedule_summary_tick took 25.2ms | second_changed=1 blink=0
[2026-05-06 19:07:21.247] schedule_summary_tick took 24.9ms | second_changed=1 blink=0
[2026-05-06 19:07:22.254] schedule_summary_tick took 24.8ms | second_changed=1 blink=0
[2026-05-06 19:07:23.251] schedule_summary_tick took 22.7ms | second_changed=1 blink=0
[2026-05-06 19:07:24.264] schedule_summary_tick took 28.9ms | second_changed=1 blink=0
[2026-05-06 19:07:25.262] schedule_summary_tick took 29.7ms | second_changed=1 blink=0
[2026-05-06 19:07:26.256] schedule_summary_tick took 32.1ms | second_changed=1 blink=0
[2026-05-06 19:07:27.259] schedule_summary_tick took 28.6ms | second_changed=1 blink=0
[2026-05-06 19:07:28.248] schedule_summary_tick took 24.7ms | second_changed=1 blink=0
[2026-05-06 19:07:29.252] schedule_summary_tick took 25.4ms | second_changed=1 blink=0
[2026-05-06 19:07:30.244] schedule_summary_tick took 23.3ms | second_changed=1 blink=0
[2026-05-06 19:07:31.248] schedule_summary_tick took 26.1ms | second_changed=1 blink=0
[2026-05-06 19:07:32.244] schedule_summary_tick took 24.2ms | second_changed=1 blink=0
[2026-05-06 19:07:33.260] schedule_summary_tick took 26.4ms | second_changed=1 blink=0
[2026-05-06 19:07:34.252] schedule_summary_tick took 27.1ms | second_changed=1 blink=0
[2026-05-06 19:07:35.254] schedule_summary_tick took 29.4ms | second_changed=1 blink=0
[2026-05-06 19:07:36.264] schedule_summary_tick took 29.7ms | second_changed=1 blink=0
[2026-05-06 19:07:37.248] schedule_summary_tick took 24.6ms | second_changed=1 blink=0
[2026-05-06 19:07:38.257] schedule_summary_tick took 25.2ms | second_changed=1 blink=0
[2026-05-06 19:07:39.262] schedule_summary_tick took 28.4ms | second_changed=1 blink=0
[2026-05-06 19:07:40.252] schedule_summary_tick took 26.2ms | second_changed=1 blink=0
[2026-05-06 19:07:41.250] schedule_summary_tick took 23.8ms | second_changed=1 blink=0
[2026-05-06 19:07:42.249] schedule_summary_tick took 29.2ms | second_changed=1 blink=0
[2026-05-06 19:07:43.252] schedule_summary_tick took 25.1ms | second_changed=1 blink=0
[2026-05-06 19:07:44.256] schedule_summary_tick took 29.6ms | second_changed=1 blink=0
[2026-05-06 19:07:45.247] schedule_summary_tick took 24.9ms | second_changed=1 blink=0
[2026-05-06 19:07:46.252] schedule_summary_tick took 26.3ms | second_changed=1 blink=0
[2026-05-06 19:07:47.258] schedule_summary_tick took 24.2ms | second_changed=1 blink=0
[2026-05-06 19:07:48.255] schedule_summary_tick took 22.3ms | second_changed=1 blink=0
[2026-05-06 19:07:49.248] schedule_summary_tick took 23.7ms | second_changed=1 blink=0
[2026-05-06 19:07:50.256] schedule_summary_tick took 30.8ms | second_changed=1 blink=0
[2026-05-06 19:07:51.263] schedule_summary_tick took 31.5ms | second_changed=1 blink=0
[2026-05-06 19:07:52.252] schedule_summary_tick took 28.3ms | second_changed=1 blink=0
[2026-05-06 19:07:53.251] schedule_summary_tick took 23.2ms | second_changed=1 blink=0
[2026-05-06 19:07:54.263] schedule_summary_tick took 29.6ms | second_changed=1 blink=0
[2026-05-06 19:07:55.257] schedule_summary_tick took 28.0ms | second_changed=1 blink=0
[2026-05-06 19:07:56.244] schedule_summary_tick took 23.2ms | second_changed=1 blink=0
[2026-05-06 19:07:57.258] schedule_summary_tick took 27.4ms | second_changed=1 blink=0
[2026-05-06 19:07:58.254] schedule_summary_tick took 30.8ms | second_changed=1 blink=0
[2026-05-06 19:07:59.269] schedule_summary_tick took 34.9ms | second_changed=1 blink=0
[2026-05-06 19:08:00.249] schedule_summary_tick took 26.5ms | second_changed=1 blink=0
[2026-05-06 19:08:01.244] schedule_summary_tick took 24.8ms | second_changed=1 blink=0
[2026-05-06 19:08:02.259] schedule_summary_tick took 27.4ms | second_changed=1 blink=0
[2026-05-06 19:08:03.254] schedule_summary_tick took 25.9ms | second_changed=1 blink=0
[2026-05-06 19:08:04.250] schedule_summary_tick took 28.8ms | second_changed=1 blink=0
[2026-05-06 19:08:05.253] schedule_summary_tick took 29.3ms | second_changed=1 blink=0
[2026-05-06 19:08:06.249] schedule_summary_tick took 29.8ms | second_changed=1 blink=0
[2026-05-06 19:08:07.272] schedule_summary_tick took 38.2ms | second_changed=1 blink=0
[2026-05-06 19:08:08.261] schedule_summary_tick took 33.4ms | second_changed=1 blink=0
[2026-05-06 19:08:09.260] schedule_summary_tick took 29.8ms | second_changed=1 blink=0
[2026-05-06 19:08:10.267] schedule_summary_tick took 34.7ms | second_changed=1 blink=0
[2026-05-06 19:08:11.262] schedule_summary_tick took 27.7ms | second_changed=1 blink=0
[2026-05-06 19:08:12.261] schedule_summary_tick took 33.8ms | second_changed=1 blink=0
[2026-05-06 19:08:13.248] schedule_summary_tick took 27.0ms | second_changed=1 blink=0
[2026-05-06 19:08:14.259] schedule_summary_tick took 29.6ms | second_changed=1 blink=0
[2026-05-06 19:08:15.256] schedule_summary_tick took 31.4ms | second_changed=1 blink=0
[2026-05-06 19:08:16.273] schedule_summary_tick took 38.4ms | second_changed=1 blink=0
[2026-05-06 19:08:17.257] schedule_summary_tick took 33.5ms | second_changed=1 blink=0
[2026-05-06 19:08:18.259] schedule_summary_tick took 27.4ms | second_changed=1 blink=0
[2026-05-06 19:08:19.247] schedule_summary_tick took 22.0ms | second_changed=1 blink=0
[2026-05-06 19:08:20.245] schedule_summary_tick took 23.8ms | second_changed=1 blink=0
[2026-05-06 19:08:21.262] schedule_summary_tick took 27.3ms | second_changed=1 blink=0
[2026-05-06 19:08:22.254] schedule_summary_tick took 27.4ms | second_changed=1 blink=0
[2026-05-06 19:08:23.254] schedule_summary_tick took 31.0ms | second_changed=1 blink=0
[2026-05-06 19:08:24.251] schedule_summary_tick took 30.6ms | second_changed=1 blink=0
[2026-05-06 19:08:25.263] schedule_summary_tick took 35.2ms | second_changed=1 blink=0
[2026-05-06 19:08:26.257] schedule_summary_tick took 33.8ms | second_changed=1 blink=0
[2026-05-06 19:08:27.268] schedule_summary_tick took 38.9ms | second_changed=1 blink=0
[2026-05-06 19:08:28.260] schedule_summary_tick took 37.7ms | second_changed=1 blink=0
[2026-05-06 19:08:29.267] schedule_summary_tick took 45.7ms | second_changed=1 blink=0
[2026-05-06 19:08:30.270] schedule_summary_tick took 36.5ms | second_changed=1 blink=0
[2026-05-06 19:08:31.262] schedule_summary_tick took 29.9ms | second_changed=1 blink=0
[2026-05-06 19:08:32.263] schedule_summary_tick took 30.1ms | second_changed=1 blink=0
[2026-05-06 19:08:33.253] schedule_summary_tick took 28.9ms | second_changed=1 blink=0
[2026-05-06 19:08:34.257] schedule_summary_tick took 27.4ms | second_changed=1 blink=0
[2026-05-06 19:08:35.253] schedule_summary_tick took 21.1ms | second_changed=1 blink=0
[2026-05-06 19:08:36.258] schedule_summary_tick took 31.7ms | second_changed=1 blink=0
[2026-05-06 19:08:37.264] schedule_summary_tick took 31.9ms | second_changed=1 blink=0
[2026-05-06 19:08:38.251] schedule_summary_tick took 23.7ms | second_changed=1 blink=0
[2026-05-06 19:08:39.259] schedule_summary_tick took 35.3ms | second_changed=1 blink=0
[2026-05-06 19:08:40.265] schedule_summary_tick took 32.7ms | second_changed=1 blink=0
[2026-05-06 19:08:41.251] schedule_summary_tick took 23.9ms | second_changed=1 blink=0
[2026-05-06 19:08:42.257] schedule_summary_tick took 23.7ms | second_changed=1 blink=0
[2026-05-06 19:08:43.256] schedule_summary_tick took 22.0ms | second_changed=1 blink=0
[2026-05-06 19:08:44.249] schedule_summary_tick took 24.7ms | second_changed=1 blink=0
[2026-05-06 19:08:45.260] schedule_summary_tick took 27.8ms | second_changed=1 blink=0
[2026-05-06 19:08:46.256] schedule_summary_tick took 32.9ms | second_changed=1 blink=0
[2026-05-06 19:08:47.262] schedule_summary_tick took 30.8ms | second_changed=1 blink=0
[2026-05-06 19:08:48.244] schedule_summary_tick took 22.8ms | second_changed=1 blink=0
[2026-05-06 19:08:49.338] schedule_summary_tick took 95.0ms | second_changed=1 blink=0
[2026-05-06 19:08:50.350] schedule_summary_tick took 116.3ms | second_changed=1 blink=0
[2026-05-06 19:08:51.295] schedule_summary_tick took 55.8ms | second_changed=1 blink=0
[2026-05-06 19:08:52.253] schedule_summary_tick took 30.6ms | second_changed=1 blink=0
[2026-05-06 19:08:53.268] schedule_summary_tick took 35.1ms | second_changed=1 blink=0
[2026-05-06 19:08:54.251] schedule_summary_tick took 26.4ms | second_changed=1 blink=0
[2026-05-06 19:08:55.246] schedule_summary_tick took 25.9ms | second_changed=1 blink=0
[2026-05-06 19:08:56.260] schedule_summary_tick took 31.5ms | second_changed=1 blink=0
[2026-05-06 19:08:57.246] schedule_summary_tick took 23.1ms | second_changed=1 blink=0
[2026-05-06 19:08:58.257] schedule_summary_tick took 23.0ms | second_changed=1 blink=0
[2026-05-06 19:08:59.258] schedule_summary_tick took 24.1ms | second_changed=1 blink=0
[2026-05-06 19:09:00.150] main_clock_tick took 26.2ms
[2026-05-06 19:09:00.255] schedule_summary_tick took 24.2ms | second_changed=1 blink=0
[2026-05-06 19:09:01.264] schedule_summary_tick took 30.3ms | second_changed=1 blink=0
[2026-05-06 19:09:02.250] schedule_summary_tick took 26.8ms | second_changed=1 blink=0
[2026-05-06 19:09:03.258] schedule_summary_tick took 23.4ms | second_changed=1 blink=0
[2026-05-06 19:09:04.248] schedule_summary_tick took 20.9ms | second_changed=1 blink=0
[2026-05-06 19:09:05.246] schedule_summary_tick took 24.6ms | second_changed=1 blink=0
[2026-05-06 19:09:06.265] schedule_summary_tick took 33.5ms | second_changed=1 blink=0
[2026-05-06 19:09:07.272] schedule_summary_tick took 38.2ms | second_changed=1 blink=0
[2026-05-06 19:09:08.261] schedule_summary_tick took 26.4ms | second_changed=1 blink=0
[2026-05-06 19:09:09.267] schedule_summary_tick took 34.4ms | second_changed=1 blink=0
[2026-05-06 19:09:10.279] schedule_summary_tick took 52.1ms | second_changed=1 blink=0
[2026-05-06 19:09:11.270] schedule_summary_tick took 45.2ms | second_changed=1 blink=0
[2026-05-06 19:09:12.248] schedule_summary_tick took 23.5ms | second_changed=1 blink=0
[2026-05-06 19:09:13.251] schedule_summary_tick took 25.3ms | second_changed=1 blink=0
[2026-05-06 19:09:14.260] schedule_summary_tick took 27.8ms | second_changed=1 blink=0
[2026-05-06 19:09:15.253] schedule_summary_tick took 26.9ms | second_changed=1 blink=0
[2026-05-06 19:09:16.265] schedule_summary_tick took 30.2ms | second_changed=1 blink=0
[2026-05-06 19:09:17.259] schedule_summary_tick took 30.7ms | second_changed=1 blink=0
[2026-05-06 19:09:18.255] schedule_summary_tick took 29.9ms | second_changed=1 blink=0
[2026-05-06 19:09:19.247] schedule_summary_tick took 25.2ms | second_changed=1 blink=0
[2026-05-06 19:09:20.251] schedule_summary_tick took 23.9ms | second_changed=1 blink=0
[2026-05-06 19:09:21.254] schedule_summary_tick took 24.0ms | second_changed=1 blink=0
[2026-05-06 19:09:22.255] schedule_summary_tick took 26.8ms | second_changed=1 blink=0
[2026-05-06 19:09:23.248] schedule_summary_tick took 27.3ms | second_changed=1 blink=0
[2026-05-06 19:09:24.264] schedule_summary_tick took 30.7ms | second_changed=1 blink=0
[2026-05-06 19:09:25.252] schedule_summary_tick took 26.1ms | second_changed=1 blink=0
[2026-05-06 19:09:26.247] schedule_summary_tick took 27.5ms | second_changed=1 blink=0
[2026-05-06 19:09:27.256] schedule_summary_tick took 26.4ms | second_changed=1 blink=0
[2026-05-06 19:09:28.247] schedule_summary_tick took 23.4ms | second_changed=1 blink=0
[2026-05-06 19:09:29.247] schedule_summary_tick took 22.7ms | second_changed=1 blink=0
[2026-05-06 19:09:30.247] schedule_summary_tick took 26.9ms | second_changed=1 blink=0
[2026-05-06 19:09:31.254] schedule_summary_tick took 24.6ms | second_changed=1 blink=0
[2026-05-06 19:09:32.244] schedule_summary_tick took 21.8ms | second_changed=1 blink=0
[2026-05-06 19:09:33.264] schedule_summary_tick took 33.0ms | second_changed=1 blink=0
[2026-05-06 19:09:34.273] schedule_summary_tick took 44.0ms | second_changed=1 blink=0
[2026-05-06 19:09:35.258] schedule_summary_tick took 34.9ms | second_changed=1 blink=0
[2026-05-06 19:09:36.249] schedule_summary_tick took 26.2ms | second_changed=1 blink=0
[2026-05-06 19:09:37.253] schedule_summary_tick took 25.2ms | second_changed=1 blink=0
[2026-05-06 19:09:38.247] schedule_summary_tick took 24.3ms | second_changed=1 blink=0
[2026-05-06 19:09:39.263] schedule_summary_tick took 29.0ms | second_changed=1 blink=0
[2026-05-06 19:09:40.256] schedule_summary_tick took 25.1ms | second_changed=1 blink=0
[2026-05-06 19:09:41.256] schedule_summary_tick took 31.1ms | second_changed=1 blink=0
[2026-05-06 19:09:42.251] schedule_summary_tick took 29.5ms | second_changed=1 blink=0
[2026-05-06 19:09:43.257] schedule_summary_tick took 25.7ms | second_changed=1 blink=0
[2026-05-06 19:09:44.251] schedule_summary_tick took 23.2ms | second_changed=1 blink=0
[2026-05-06 19:09:45.264] schedule_summary_tick took 30.3ms | second_changed=1 blink=0
[2026-05-06 19:09:46.248] schedule_summary_tick took 24.0ms | second_changed=1 blink=0
[2026-05-06 19:09:47.244] schedule_summary_tick took 24.0ms | second_changed=1 blink=0
[2026-05-06 19:09:48.247] schedule_summary_tick took 25.4ms | second_changed=1 blink=0
[2026-05-06 19:09:49.262] schedule_summary_tick took 30.7ms | second_changed=1 blink=0
[2026-05-06 19:09:50.244] schedule_summary_tick took 22.0ms | second_changed=1 blink=0
[2026-05-06 19:09:51.250] schedule_summary_tick took 21.5ms | second_changed=1 blink=0
[2026-05-06 19:09:52.243] schedule_summary_tick took 21.8ms | second_changed=1 blink=0
[2026-05-06 19:09:53.251] schedule_summary_tick took 24.6ms | second_changed=1 blink=0
[2026-05-06 19:09:54.271] schedule_summary_tick took 42.4ms | second_changed=1 blink=0
[2026-05-06 19:09:55.292] schedule_summary_tick took 68.9ms | second_changed=1 blink=0
[2026-05-06 19:09:56.177] main_clock_tick took 47.9ms
[2026-05-06 19:09:56.320] schedule_summary_tick took 86.8ms | second_changed=1 blink=0
[2026-05-06 19:09:57.252] schedule_summary_tick took 30.4ms | second_changed=1 blink=0
[2026-05-06 19:09:58.256] schedule_summary_tick took 32.2ms | second_changed=1 blink=0
[2026-05-06 19:09:59.262] schedule_summary_tick took 31.9ms | second_changed=1 blink=0
[2026-05-06 19:10:00.258] schedule_summary_tick took 34.3ms | second_changed=1 blink=0
[2026-05-06 19:10:01.265] schedule_summary_tick took 29.9ms | second_changed=1 blink=0
[2026-05-06 19:10:02.262] schedule_summary_tick took 30.8ms | second_changed=1 blink=0
[2026-05-06 19:10:03.253] schedule_summary_tick took 32.6ms | second_changed=1 blink=0
[2026-05-06 19:10:04.261] schedule_summary_tick took 34.6ms | second_changed=1 blink=0
[2026-05-06 19:10:05.255] schedule_summary_tick took 32.9ms | second_changed=1 blink=0
[2026-05-06 19:10:06.266] schedule_summary_tick took 35.1ms | second_changed=1 blink=0
[2026-05-06 19:10:07.258] schedule_summary_tick took 32.0ms | second_changed=1 blink=0
[2026-05-06 19:10:08.245] schedule_summary_tick took 24.7ms | second_changed=1 blink=0
[2026-05-06 19:10:09.259] schedule_summary_tick took 26.4ms | second_changed=1 blink=0
[2026-05-06 19:10:10.272] schedule_summary_tick took 44.1ms | second_changed=1 blink=0
[2026-05-06 19:10:11.274] schedule_summary_tick took 38.4ms | second_changed=1 blink=0
[2026-05-06 19:10:12.264] schedule_summary_tick took 30.3ms | second_changed=1 blink=0
[2026-05-06 19:10:13.280] schedule_summary_tick took 48.7ms | second_changed=1 blink=0
[2026-05-06 19:10:14.254] schedule_summary_tick took 28.3ms | second_changed=1 blink=0
[2026-05-06 19:10:15.249] schedule_summary_tick took 26.0ms | second_changed=1 blink=0
[2026-05-06 19:10:16.272] schedule_summary_tick took 42.8ms | second_changed=1 blink=0
[2026-05-06 19:10:17.257] schedule_summary_tick took 33.3ms | second_changed=1 blink=0
[2026-05-06 19:10:18.259] schedule_summary_tick took 29.7ms | second_changed=1 blink=0
[2026-05-06 19:10:19.259] schedule_summary_tick took 26.3ms | second_changed=1 blink=0
[2026-05-06 19:10:20.249] schedule_summary_tick took 28.7ms | second_changed=1 blink=0
[2026-05-06 19:10:21.261] schedule_summary_tick took 29.4ms | second_changed=1 blink=0
[2026-05-06 19:10:22.252] schedule_summary_tick took 26.1ms | second_changed=1 blink=0
[2026-05-06 19:10:23.247] schedule_summary_tick took 26.3ms | second_changed=1 blink=0
[2026-05-06 19:10:24.262] schedule_summary_tick took 31.8ms | second_changed=1 blink=0
[2026-05-06 19:10:25.260] schedule_summary_tick took 39.1ms | second_changed=1 blink=0
[2026-05-06 19:10:26.265] schedule_summary_tick took 33.8ms | second_changed=1 blink=0
[2026-05-06 19:10:27.251] schedule_summary_tick took 25.4ms | second_changed=1 blink=0
[2026-05-06 19:10:28.251] schedule_summary_tick took 26.2ms | second_changed=1 blink=0
[2026-05-06 19:10:29.249] schedule_summary_tick took 25.0ms | second_changed=1 blink=0
[2026-05-06 19:10:30.266] schedule_summary_tick took 30.6ms | second_changed=1 blink=0
[2026-05-06 19:10:31.257] schedule_summary_tick took 28.2ms | second_changed=1 blink=0
[2026-05-06 19:10:32.250] schedule_summary_tick took 28.6ms | second_changed=1 blink=0
[2026-05-06 19:10:33.249] schedule_summary_tick took 28.1ms | second_changed=1 blink=0
[2026-05-06 19:10:34.260] schedule_summary_tick took 28.2ms | second_changed=1 blink=0
[2026-05-06 19:10:35.258] schedule_summary_tick took 31.1ms | second_changed=1 blink=0
[2026-05-06 19:10:36.263] schedule_summary_tick took 35.8ms | second_changed=1 blink=0
[2026-05-06 19:10:37.248] schedule_summary_tick took 28.0ms | second_changed=1 blink=0
[2026-05-06 19:10:38.191] main_clock_tick took 59.2ms
[2026-05-06 19:10:38.258] schedule_summary_tick took 32.1ms | second_changed=1 blink=0
[2026-05-06 19:10:39.252] schedule_summary_tick took 26.3ms | second_changed=1 blink=0
[2026-05-06 19:10:40.272] schedule_summary_tick took 38.0ms | second_changed=1 blink=0
[2026-05-06 19:10:41.259] schedule_summary_tick took 32.4ms | second_changed=1 blink=0
[2026-05-06 19:10:42.312] schedule_summary_tick took 91.0ms | second_changed=1 blink=0
[2026-05-06 19:10:43.269] schedule_summary_tick took 47.3ms | second_changed=1 blink=0
[2026-05-06 19:10:44.262] schedule_summary_tick took 33.4ms | second_changed=1 blink=0
[2026-05-06 19:10:45.266] schedule_summary_tick took 29.2ms | second_changed=1 blink=0
[2026-05-06 19:10:46.262] schedule_summary_tick took 31.5ms | second_changed=1 blink=0
[2026-05-06 19:10:47.250] schedule_summary_tick took 24.3ms | second_changed=1 blink=0
[2026-05-06 19:10:48.246] schedule_summary_tick took 22.3ms | second_changed=1 blink=0
[2026-05-06 19:10:49.242] schedule_summary_tick took 22.8ms | second_changed=1 blink=0
[2026-05-06 19:10:50.253] schedule_summary_tick took 27.1ms | second_changed=1 blink=0
[2026-05-06 19:10:51.251] schedule_summary_tick took 28.1ms | second_changed=1 blink=0
[2026-05-06 19:10:52.262] schedule_summary_tick took 31.5ms | second_changed=1 blink=0
[2026-05-06 19:10:53.249] schedule_summary_tick took 22.2ms | second_changed=1 blink=0
[2026-05-06 19:10:54.246] schedule_summary_tick took 24.4ms | second_changed=1 blink=0
[2026-05-06 19:10:55.263] schedule_summary_tick took 28.9ms | second_changed=1 blink=0
[2026-05-06 19:10:56.256] schedule_summary_tick took 24.8ms | second_changed=1 blink=0
[2026-05-06 19:10:57.296] schedule_summary_tick took 74.3ms | second_changed=1 blink=0
[2026-05-06 19:10:58.253] schedule_summary_tick took 25.4ms | second_changed=1 blink=0
[2026-05-06 19:10:59.254] schedule_summary_tick took 24.1ms | second_changed=1 blink=0
[2026-05-06 19:11:00.250] schedule_summary_tick took 27.8ms | second_changed=1 blink=0
[2026-05-06 19:11:01.269] schedule_summary_tick took 33.0ms | second_changed=1 blink=0
[2026-05-06 19:11:02.263] schedule_summary_tick took 29.7ms | second_changed=1 blink=0
[2026-05-06 19:11:03.275] schedule_summary_tick took 41.9ms | second_changed=1 blink=0
[2026-05-06 19:11:04.264] schedule_summary_tick took 40.3ms | second_changed=1 blink=0
[2026-05-06 19:11:05.264] schedule_summary_tick took 41.0ms | second_changed=1 blink=0
[2026-05-06 19:11:06.262] schedule_summary_tick took 31.5ms | second_changed=1 blink=0
[2026-05-06 19:11:07.263] schedule_summary_tick took 35.0ms | second_changed=1 blink=0
[2026-05-06 19:11:08.252] schedule_summary_tick took 28.4ms | second_changed=1 blink=0
[2026-05-06 19:11:09.266] schedule_summary_tick took 31.8ms | second_changed=1 blink=0
[2026-05-06 19:11:10.361] schedule_summary_tick took 67.0ms | second_changed=1 blink=0
[2026-05-06 19:11:11.273] schedule_summary_tick took 44.8ms | second_changed=1 blink=0
[2026-05-06 19:11:12.264] schedule_summary_tick took 32.0ms | second_changed=1 blink=0
[2026-05-06 19:11:13.262] schedule_summary_tick took 34.0ms | second_changed=1 blink=0
[2026-05-06 19:11:14.261] schedule_summary_tick took 39.3ms | second_changed=1 blink=0
[2026-05-06 19:11:15.270] schedule_summary_tick took 39.5ms | second_changed=1 blink=0
[2026-05-06 19:11:16.265] schedule_summary_tick took 35.1ms | second_changed=1 blink=0
[2026-05-06 19:11:17.160] main_clock_tick took 28.4ms
[2026-05-06 19:11:17.271] schedule_summary_tick took 45.9ms | second_changed=1 blink=0
[2026-05-06 19:11:18.261] schedule_summary_tick took 32.0ms | second_changed=1 blink=0
[2026-05-06 19:11:19.254] schedule_summary_tick took 28.0ms | second_changed=1 blink=0
[2026-05-06 19:11:20.250] schedule_summary_tick took 28.6ms | second_changed=1 blink=0
[2026-05-06 19:11:21.260] schedule_summary_tick took 29.0ms | second_changed=1 blink=0
[2026-05-06 19:11:22.261] schedule_summary_tick took 27.4ms | second_changed=1 blink=0
[2026-05-06 19:11:23.247] schedule_summary_tick took 24.1ms | second_changed=1 blink=0
[2026-05-06 19:11:24.261] schedule_summary_tick took 29.4ms | second_changed=1 blink=0
[2026-05-06 19:11:25.256] schedule_summary_tick took 25.0ms | second_changed=1 blink=0
[2026-05-06 19:11:26.254] schedule_summary_tick took 31.6ms | second_changed=1 blink=0
[2026-05-06 19:11:27.251] schedule_summary_tick took 30.9ms | second_changed=1 blink=0
[2026-05-06 19:11:28.260] schedule_summary_tick took 34.8ms | second_changed=1 blink=0
[2026-05-06 19:11:29.254] schedule_summary_tick took 24.5ms | second_changed=1 blink=0
[2026-05-06 19:11:30.298] schedule_summary_tick took 57.7ms | second_changed=1 blink=0
[2026-05-06 19:11:31.272] schedule_summary_tick took 35.8ms | second_changed=1 blink=0
[2026-05-06 19:11:32.250] schedule_summary_tick took 23.8ms | second_changed=1 blink=0
[2026-05-06 19:11:33.244] schedule_summary_tick took 24.4ms | second_changed=1 blink=0
[2026-05-06 19:11:34.254] schedule_summary_tick took 22.3ms | second_changed=1 blink=0
[2026-05-06 19:11:35.246] schedule_summary_tick took 23.1ms | second_changed=1 blink=0
[2026-05-06 19:11:36.259] schedule_summary_tick took 26.2ms | second_changed=1 blink=0
[2026-05-06 19:11:37.248] schedule_summary_tick took 25.2ms | second_changed=1 blink=0
[2026-05-06 19:11:38.260] schedule_summary_tick took 27.3ms | second_changed=1 blink=0
[2026-05-06 19:11:39.256] schedule_summary_tick took 31.0ms | second_changed=1 blink=0
[2026-05-06 19:11:40.279] schedule_summary_tick took 52.0ms | second_changed=1 blink=0
[2026-05-06 19:11:41.257] schedule_summary_tick took 28.5ms | second_changed=1 blink=0
[2026-05-06 19:11:42.264] schedule_summary_tick took 29.6ms | second_changed=1 blink=0
[2026-05-06 19:11:43.256] schedule_summary_tick took 29.9ms | second_changed=1 blink=0
[2026-05-06 19:11:44.267] schedule_summary_tick took 33.1ms | second_changed=1 blink=0
[2026-05-06 19:11:45.256] schedule_summary_tick took 24.5ms | second_changed=1 blink=0
[2026-05-06 19:11:46.245] schedule_summary_tick took 23.1ms | second_changed=1 blink=0
[2026-05-06 19:11:47.254] schedule_summary_tick took 25.2ms | second_changed=1 blink=0
[2026-05-06 19:11:48.256] schedule_summary_tick took 29.0ms | second_changed=1 blink=0
[2026-05-06 19:11:50.071] schedule_alarm_tick took 33.5ms | second=19:11:50
[2026-05-06 19:11:50.246] schedule_summary_tick took 22.2ms | second_changed=1 blink=0
[2026-05-06 19:11:51.273] schedule_summary_tick took 41.2ms | second_changed=1 blink=0
[2026-05-06 19:11:52.253] schedule_summary_tick took 32.1ms | second_changed=1 blink=0
[2026-05-06 19:11:53.343] schedule_summary_tick took 100.3ms | second_changed=1 blink=0
[2026-05-06 19:11:54.273] schedule_summary_tick took 39.6ms | second_changed=1 blink=0
[2026-05-06 19:11:55.201] main_clock_tick took 56.4ms
[2026-05-06 19:11:55.279] schedule_summary_tick took 53.2ms | second_changed=1 blink=0
[2026-05-06 19:11:56.253] schedule_summary_tick took 30.5ms | second_changed=1 blink=0
[2026-05-06 19:11:57.256] schedule_summary_tick took 29.4ms | second_changed=1 blink=0
[2026-05-06 19:11:58.256] schedule_summary_tick took 27.6ms | second_changed=1 blink=0
[2026-05-06 19:11:59.250] schedule_summary_tick took 29.5ms | second_changed=1 blink=0
[2026-05-06 19:12:00.313] schedule_summary_tick took 72.7ms | second_changed=1 blink=0
[2026-05-06 19:12:01.260] schedule_summary_tick took 36.4ms | second_changed=1 blink=0
[2026-05-06 19:12:02.317] schedule_summary_tick took 81.4ms | second_changed=1 blink=0
[2026-05-06 19:12:03.258] schedule_summary_tick took 29.9ms | second_changed=1 blink=0
[2026-05-06 19:12:04.258] schedule_summary_tick took 30.5ms | second_changed=1 blink=0
[2026-05-06 19:12:05.264] schedule_summary_tick took 33.6ms | second_changed=1 blink=0
[2026-05-06 19:12:06.244] schedule_summary_tick took 22.9ms | second_changed=1 blink=0
[2026-05-06 19:12:07.252] schedule_summary_tick took 27.9ms | second_changed=1 blink=0
[2026-05-06 19:12:08.273] schedule_summary_tick took 51.4ms | second_changed=1 blink=0
[2026-05-06 19:12:09.252] schedule_summary_tick took 30.5ms | second_changed=1 blink=0
[2026-05-06 19:12:10.254] schedule_summary_tick took 27.1ms | second_changed=1 blink=0
[2026-05-06 19:12:11.270] schedule_summary_tick took 29.8ms | second_changed=1 blink=0
[2026-05-06 19:12:12.258] schedule_summary_tick took 29.9ms | second_changed=1 blink=0
[2026-05-06 19:12:13.252] schedule_summary_tick took 27.6ms | second_changed=1 blink=0
[2026-05-06 19:12:14.265] schedule_summary_tick took 45.2ms | second_changed=1 blink=0
[2026-05-06 19:12:15.266] schedule_summary_tick took 31.9ms | second_changed=1 blink=0
[2026-05-06 19:12:16.253] schedule_summary_tick took 27.5ms | second_changed=1 blink=0
[2026-05-06 19:12:17.260] schedule_summary_tick took 37.4ms | second_changed=1 blink=0
[2026-05-06 19:12:18.276] schedule_summary_tick took 44.2ms | second_changed=1 blink=0
[2026-05-06 19:12:19.249] schedule_summary_tick took 28.7ms | second_changed=1 blink=0
[2026-05-06 19:12:20.282] schedule_summary_tick took 47.9ms | second_changed=1 blink=0
[2026-05-06 19:12:21.266] schedule_summary_tick took 32.0ms | second_changed=1 blink=0
[2026-05-06 19:12:22.274] schedule_summary_tick took 46.3ms | second_changed=1 blink=0
[2026-05-06 19:12:23.258] schedule_summary_tick took 28.9ms | second_changed=1 blink=0
[2026-05-06 19:12:24.281] schedule_summary_tick took 55.5ms | second_changed=1 blink=0
[2026-05-06 19:12:25.273] schedule_summary_tick took 43.4ms | second_changed=1 blink=0
[2026-05-06 19:12:26.267] schedule_summary_tick took 44.6ms | second_changed=1 blink=0
[2026-05-06 19:12:27.276] schedule_summary_tick took 42.9ms | second_changed=1 blink=0
[2026-05-06 19:12:28.261] schedule_summary_tick took 34.6ms | second_changed=1 blink=0
[2026-05-06 19:12:29.254] schedule_summary_tick took 32.3ms | second_changed=1 blink=0
[2026-05-06 19:12:30.266] schedule_summary_tick took 34.9ms | second_changed=1 blink=0
[2026-05-06 19:12:31.163] main_clock_tick took 23.4ms
[2026-05-06 19:12:31.304] schedule_summary_tick took 81.4ms | second_changed=1 blink=0
[2026-05-06 19:12:32.518] schedule_summary_tick took 294.3ms | second_changed=1 blink=0
[2026-05-06 19:12:33.293] schedule_summary_tick took 54.9ms | second_changed=1 blink=0
[2026-05-06 19:12:34.263] schedule_summary_tick took 37.9ms | second_changed=1 blink=0
[2026-05-06 19:12:35.266] schedule_summary_tick took 36.2ms | second_changed=1 blink=0
[2026-05-06 19:12:36.360] schedule_summary_tick took 123.1ms | second_changed=1 blink=0
[2026-05-06 19:12:37.272] schedule_summary_tick took 36.6ms | second_changed=1 blink=0
[2026-05-06 19:12:38.278] schedule_summary_tick took 51.5ms | second_changed=1 blink=0
[2026-05-06 19:12:39.271] schedule_summary_tick took 39.0ms | second_changed=1 blink=0
[2026-05-06 19:12:40.260] schedule_summary_tick took 39.9ms | second_changed=1 blink=0
[2026-05-06 19:12:41.316] schedule_summary_tick took 71.6ms | second_changed=1 blink=0
[2026-05-06 19:12:42.263] schedule_summary_tick took 30.5ms | second_changed=1 blink=0
[2026-05-06 19:12:43.255] schedule_summary_tick took 31.2ms | second_changed=1 blink=0
[2026-05-06 19:12:44.261] schedule_summary_tick took 35.2ms | second_changed=1 blink=0
[2026-05-06 19:12:45.283] schedule_summary_tick took 59.2ms | second_changed=1 blink=0
[2026-05-06 19:12:46.274] schedule_summary_tick took 46.1ms | second_changed=1 blink=0
[2026-05-06 19:12:47.256] schedule_summary_tick took 28.4ms | second_changed=1 blink=0
[2026-05-06 19:12:48.260] schedule_summary_tick took 29.0ms | second_changed=1 blink=0
[2026-05-06 19:12:49.256] schedule_summary_tick took 23.5ms | second_changed=1 blink=0
[2026-05-06 19:12:50.252] schedule_summary_tick took 25.8ms | second_changed=1 blink=0
[2026-05-06 19:12:51.262] schedule_summary_tick took 30.4ms | second_changed=1 blink=0
[2026-05-06 19:12:52.256] schedule_summary_tick took 29.1ms | second_changed=1 blink=0
[2026-05-06 19:12:53.267] schedule_summary_tick took 35.9ms | second_changed=1 blink=0
[2026-05-06 19:12:54.250] schedule_summary_tick took 28.8ms | second_changed=1 blink=0
[2026-05-06 19:12:55.253] schedule_summary_tick took 29.2ms | second_changed=1 blink=0
[2026-05-06 19:12:56.321] schedule_summary_tick took 91.5ms | second_changed=1 blink=0
[2026-05-06 19:12:57.270] schedule_summary_tick took 34.8ms | second_changed=1 blink=0
[2026-05-06 19:12:58.255] schedule_summary_tick took 30.2ms | second_changed=1 blink=0
[2026-05-06 19:12:59.251] schedule_summary_tick took 30.2ms | second_changed=1 blink=0
[2026-05-06 19:13:00.263] schedule_summary_tick took 40.0ms | second_changed=1 blink=0
[2026-05-06 19:13:01.271] schedule_summary_tick took 39.7ms | second_changed=1 blink=0
[2026-05-06 19:13:02.263] schedule_summary_tick took 37.1ms | second_changed=1 blink=0
[2026-05-06 19:13:03.262] schedule_summary_tick took 29.7ms | second_changed=1 blink=0
[2026-05-06 19:13:04.258] schedule_summary_tick took 30.8ms | second_changed=1 blink=0
[2026-05-06 19:13:05.246] schedule_summary_tick took 23.8ms | second_changed=1 blink=0
[2026-05-06 19:13:06.255] schedule_summary_tick took 29.2ms | second_changed=1 blink=0
[2026-05-06 19:13:07.259] schedule_summary_tick took 25.7ms | second_changed=1 blink=0
[2026-05-06 19:13:09.250] schedule_summary_tick took 20.8ms | second_changed=1 blink=0
[2026-05-06 19:13:10.254] schedule_summary_tick took 32.5ms | second_changed=1 blink=0
[2026-05-06 19:13:11.256] schedule_summary_tick took 30.1ms | second_changed=1 blink=0
[2026-05-06 19:13:12.244] schedule_summary_tick took 22.8ms | second_changed=1 blink=0
[2026-05-06 19:13:13.249] schedule_summary_tick took 20.8ms | second_changed=1 blink=0
[2026-05-06 19:13:14.248] schedule_summary_tick took 23.4ms | second_changed=1 blink=0
[2026-05-06 19:13:15.266] schedule_summary_tick took 32.6ms | second_changed=1 blink=0
[2026-05-06 19:13:16.258] schedule_summary_tick took 29.1ms | second_changed=1 blink=0
[2026-05-06 19:13:17.251] schedule_summary_tick took 27.6ms | second_changed=1 blink=0
[2026-05-06 19:13:18.258] schedule_summary_tick took 24.7ms | second_changed=1 blink=0
[2026-05-06 19:13:19.149] main_clock_tick took 20.8ms
[2026-05-06 19:13:19.272] schedule_summary_tick took 38.8ms | second_changed=1 blink=0
[2026-05-06 19:13:20.252] schedule_summary_tick took 29.5ms | second_changed=1 blink=0
[2026-05-06 19:13:21.259] schedule_summary_tick took 29.0ms | second_changed=1 blink=0
[2026-05-06 19:13:22.252] schedule_summary_tick took 29.0ms | second_changed=1 blink=0
[2026-05-06 19:13:23.249] schedule_summary_tick took 23.5ms | second_changed=1 blink=0
[2026-05-06 19:13:24.250] schedule_summary_tick took 25.5ms | second_changed=1 blink=0
[2026-05-06 19:13:25.260] schedule_summary_tick took 25.8ms | second_changed=1 blink=0
[2026-05-06 19:13:26.253] schedule_summary_tick took 27.2ms | second_changed=1 blink=0
[2026-05-06 19:13:27.248] schedule_summary_tick took 27.0ms | second_changed=1 blink=0
[2026-05-06 19:13:28.254] schedule_summary_tick took 28.1ms | second_changed=1 blink=0
[2026-05-06 19:13:29.243] schedule_summary_tick took 23.4ms | second_changed=1 blink=0
[2026-05-06 19:13:30.258] schedule_summary_tick took 28.9ms | second_changed=1 blink=0
[2026-05-06 19:13:31.243] schedule_summary_tick took 22.8ms | second_changed=1 blink=0
[2026-05-06 19:13:32.261] schedule_summary_tick took 26.4ms | second_changed=1 blink=0
[2026-05-06 19:13:33.256] schedule_summary_tick took 29.4ms | second_changed=1 blink=0
[2026-05-06 19:13:34.256] schedule_summary_tick took 24.9ms | second_changed=1 blink=0
[2026-05-06 19:13:35.245] schedule_summary_tick took 21.1ms | second_changed=1 blink=0
[2026-05-06 19:13:36.262] schedule_summary_tick took 27.3ms | second_changed=1 blink=0
[2026-05-06 19:13:37.243] schedule_summary_tick took 21.7ms | second_changed=1 blink=0
[2026-05-06 19:13:38.253] schedule_summary_tick took 21.5ms | second_changed=1 blink=0
[2026-05-06 19:13:39.256] schedule_summary_tick took 22.7ms | second_changed=1 blink=0
[2026-05-06 19:13:40.257] schedule_summary_tick took 28.5ms | second_changed=1 blink=0
[2026-05-06 19:13:41.244] schedule_summary_tick took 22.9ms | second_changed=1 blink=0
[2026-05-06 19:13:42.247] schedule_summary_tick took 24.6ms | second_changed=1 blink=0
[2026-05-06 19:13:43.252] schedule_summary_tick took 29.4ms | second_changed=1 blink=0
[2026-05-06 19:13:44.250] schedule_summary_tick took 25.0ms | second_changed=1 blink=0
[2026-05-06 19:13:45.248] schedule_summary_tick took 24.7ms | second_changed=1 blink=0
[2026-05-06 19:13:46.250] schedule_summary_tick took 21.4ms | second_changed=1 blink=0
[2026-05-06 19:13:47.257] schedule_summary_tick took 24.1ms | second_changed=1 blink=0
[2026-05-06 19:13:48.246] schedule_summary_tick took 23.9ms | second_changed=1 blink=0
[2026-05-06 19:13:49.248] schedule_summary_tick took 23.1ms | second_changed=1 blink=0
[2026-05-06 19:13:50.254] schedule_summary_tick took 22.0ms | second_changed=1 blink=0
[2026-05-06 19:13:51.253] schedule_summary_tick took 25.8ms | second_changed=1 blink=0
[2026-05-06 19:13:52.251] schedule_summary_tick took 22.8ms | second_changed=1 blink=0
[2026-05-06 19:13:53.250] schedule_summary_tick took 21.0ms | second_changed=1 blink=0
[2026-05-06 19:13:54.252] schedule_summary_tick took 26.1ms | second_changed=1 blink=0
[2026-05-06 19:13:55.249] schedule_summary_tick took 22.0ms | second_changed=1 blink=0
[2026-05-06 19:13:57.251] schedule_summary_tick took 27.5ms | second_changed=1 blink=0
[2026-05-06 19:13:58.255] schedule_summary_tick took 24.1ms | second_changed=1 blink=0
[2026-05-06 19:13:59.253] schedule_summary_tick took 22.3ms | second_changed=1 blink=0
[2026-05-06 19:14:00.243] schedule_summary_tick took 22.3ms | second_changed=1 blink=0
[2026-05-06 19:14:02.243] schedule_summary_tick took 21.2ms | second_changed=1 blink=0
[2026-05-06 19:14:03.248] schedule_summary_tick took 26.0ms | second_changed=1 blink=0
[2026-05-06 19:14:04.256] schedule_summary_tick took 22.3ms | second_changed=1 blink=0
[2026-05-06 19:14:05.260] schedule_summary_tick took 29.0ms | second_changed=1 blink=0
[2026-05-06 19:14:06.248] schedule_summary_tick took 26.8ms | second_changed=1 blink=0
[2026-05-06 19:14:07.251] schedule_summary_tick took 28.4ms | second_changed=1 blink=0
[2026-05-06 19:14:08.256] schedule_summary_tick took 20.8ms | second_changed=1 blink=0
[2026-05-06 19:14:09.250] schedule_summary_tick took 21.0ms | second_changed=1 blink=0
[2026-05-06 19:14:10.248] schedule_summary_tick took 21.0ms | second_changed=1 blink=0
[2026-05-06 19:14:11.242] schedule_summary_tick took 20.4ms | second_changed=1 blink=0
[2026-05-06 19:14:12.255] schedule_summary_tick took 26.1ms | second_changed=1 blink=0
[2026-05-06 19:14:13.242] schedule_summary_tick took 21.8ms | second_changed=1 blink=0
[2026-05-06 19:14:14.258] schedule_summary_tick took 28.0ms | second_changed=1 blink=0
[2026-05-06 19:14:15.253] schedule_summary_tick took 27.1ms | second_changed=1 blink=0
[2026-05-06 19:14:16.244] schedule_summary_tick took 20.1ms | second_changed=1 blink=0
[2026-05-06 19:14:17.256] schedule_summary_tick took 21.9ms | second_changed=1 blink=0
[2026-05-06 19:14:18.252] schedule_summary_tick took 25.2ms | second_changed=1 blink=0
[2026-05-06 19:14:19.243] schedule_summary_tick took 20.6ms | second_changed=1 blink=0
[2026-05-06 19:14:20.252] schedule_summary_tick took 24.9ms | second_changed=1 blink=0
[2026-05-06 19:14:21.252] schedule_summary_tick took 22.1ms | second_changed=1 blink=0
[2026-05-06 19:14:22.245] schedule_summary_tick took 21.8ms | second_changed=1 blink=0
[2026-05-06 19:14:23.250] schedule_summary_tick took 22.6ms | second_changed=1 blink=0
[2026-05-06 19:14:24.246] schedule_summary_tick took 25.8ms | second_changed=1 blink=0
[2026-05-06 19:14:25.251] schedule_summary_tick took 21.6ms | second_changed=1 blink=0
[2026-05-06 19:14:26.242] schedule_summary_tick took 20.7ms | second_changed=1 blink=0
[2026-05-06 19:14:27.259] schedule_summary_tick took 29.5ms | second_changed=1 blink=0
[2026-05-06 19:14:28.252] schedule_summary_tick took 27.2ms | second_changed=1 blink=0
[2026-05-06 19:14:29.254] schedule_summary_tick took 25.1ms | second_changed=1 blink=0
[2026-05-06 19:14:31.245] schedule_summary_tick took 23.3ms | second_changed=1 blink=0
[2026-05-06 19:14:32.254] schedule_summary_tick took 20.0ms | second_changed=1 blink=0
[2026-05-06 19:14:33.251] schedule_summary_tick took 25.7ms | second_changed=1 blink=0
[2026-05-06 19:14:34.256] schedule_summary_tick took 22.0ms | second_changed=1 blink=0
[2026-05-06 19:14:35.254] schedule_summary_tick took 27.4ms | second_changed=1 blink=0
[2026-05-06 19:14:36.244] schedule_summary_tick took 21.9ms | second_changed=1 blink=0
[2026-05-06 19:14:37.250] schedule_summary_tick took 21.9ms | second_changed=1 blink=0
[2026-05-06 19:14:39.248] schedule_summary_tick took 22.0ms | second_changed=1 blink=0
[2026-05-06 19:14:40.260] schedule_summary_tick took 26.9ms | second_changed=1 blink=0
[2026-05-06 19:14:41.250] schedule_summary_tick took 24.3ms | second_changed=1 blink=0
[2026-05-06 19:14:42.254] schedule_summary_tick took 22.2ms | second_changed=1 blink=0
[2026-05-06 19:14:43.250] schedule_summary_tick took 28.7ms | second_changed=1 blink=0
[2026-05-06 19:14:44.260] schedule_summary_tick took 32.1ms | second_changed=1 blink=0
[2026-05-06 19:14:45.252] schedule_summary_tick took 21.1ms | second_changed=1 blink=0
[2026-05-06 19:14:46.242] schedule_summary_tick took 22.5ms | second_changed=1 blink=0
[2026-05-06 19:14:47.244] schedule_summary_tick took 21.0ms | second_changed=1 blink=0
[2026-05-06 19:14:50.251] schedule_summary_tick took 26.5ms | second_changed=1 blink=0
[2026-05-06 19:14:51.250] schedule_summary_tick took 26.4ms | second_changed=1 blink=0
[2026-05-06 19:14:52.243] schedule_summary_tick took 20.7ms | second_changed=1 blink=0
[2026-05-06 19:14:53.245] schedule_summary_tick took 21.1ms | second_changed=1 blink=0
[2026-05-06 19:14:54.251] schedule_summary_tick took 20.0ms | second_changed=1 blink=0
[2026-05-06 19:14:55.246] schedule_summary_tick took 24.5ms | second_changed=1 blink=0
[2026-05-06 19:14:57.246] schedule_summary_tick took 24.6ms | second_changed=1 blink=0
[2026-05-06 19:14:58.246] schedule_summary_tick took 23.5ms | second_changed=1 blink=0
[2026-05-06 19:14:59.255] schedule_summary_tick took 27.0ms | second_changed=1 blink=0
[2026-05-06 19:15:00.245] schedule_summary_tick took 24.1ms | second_changed=1 blink=0
[2026-05-06 19:15:01.254] schedule_summary_tick took 27.0ms | second_changed=1 blink=0
[2026-05-06 19:15:02.242] schedule_summary_tick took 23.0ms | second_changed=1 blink=0
[2026-05-06 19:15:03.252] schedule_summary_tick took 20.7ms | second_changed=1 blink=0
[2026-05-06 19:15:04.251] schedule_summary_tick took 24.1ms | second_changed=1 blink=0
[2026-05-06 19:15:05.246] schedule_summary_tick took 24.1ms | second_changed=1 blink=0
[2026-05-06 19:15:06.264] schedule_summary_tick took 39.0ms | second_changed=1 blink=0
[2026-05-06 19:15:07.257] schedule_summary_tick took 21.3ms | second_changed=1 blink=0
[2026-05-06 19:15:08.244] schedule_summary_tick took 22.6ms | second_changed=1 blink=0
[2026-05-06 19:15:09.248] schedule_summary_tick took 20.9ms | second_changed=1 blink=0
[2026-05-06 19:15:10.243] schedule_summary_tick took 21.6ms | second_changed=1 blink=0
[2026-05-06 19:15:11.244] schedule_summary_tick took 22.8ms | second_changed=1 blink=0
[2026-05-06 19:15:12.253] schedule_summary_tick took 21.3ms | second_changed=1 blink=0
[2026-05-06 19:15:13.250] schedule_summary_tick took 23.9ms | second_changed=1 blink=0
[2026-05-06 19:15:14.243] schedule_summary_tick took 21.6ms | second_changed=1 blink=0
[2026-05-06 19:15:15.258] schedule_summary_tick took 28.0ms | second_changed=1 blink=0
[2026-05-06 19:15:16.247] schedule_summary_tick took 21.3ms | second_changed=1 blink=0
[2026-05-06 19:15:17.253] schedule_summary_tick took 20.5ms | second_changed=1 blink=0
[2026-05-06 19:15:18.246] schedule_summary_tick took 22.6ms | second_changed=1 blink=0
[2026-05-06 19:15:19.251] schedule_summary_tick took 24.0ms | second_changed=1 blink=0
[2026-05-06 19:15:20.256] schedule_summary_tick took 23.5ms | second_changed=1 blink=0
[2026-05-06 19:15:21.253] schedule_summary_tick took 23.4ms | second_changed=1 blink=0
[2026-05-06 19:15:22.256] schedule_summary_tick took 21.6ms | second_changed=1 blink=0
[2026-05-06 19:15:23.242] schedule_summary_tick took 20.3ms | second_changed=1 blink=0
[2026-05-06 19:15:24.253] schedule_summary_tick took 22.3ms | second_changed=1 blink=0
[2026-05-06 19:15:25.244] schedule_summary_tick took 21.3ms | second_changed=1 blink=0
[2026-05-06 19:15:26.254] schedule_summary_tick took 20.9ms | second_changed=1 blink=0
[2026-05-06 19:15:27.253] schedule_summary_tick took 23.1ms | second_changed=1 blink=0
[2026-05-06 19:15:28.251] schedule_summary_tick took 28.5ms | second_changed=1 blink=0
[2026-05-06 19:15:29.242] schedule_summary_tick took 21.0ms | second_changed=1 blink=0
[2026-05-06 19:15:30.252] schedule_summary_tick took 28.1ms | second_changed=1 blink=0
[2026-05-06 19:15:31.256] schedule_summary_tick took 29.4ms | second_changed=1 blink=0
[2026-05-06 19:15:32.259] schedule_summary_tick took 24.2ms | second_changed=1 blink=0
[2026-05-06 19:15:33.253] schedule_summary_tick took 22.5ms | second_changed=1 blink=0
[2026-05-06 19:15:34.244] schedule_summary_tick took 21.1ms | second_changed=1 blink=0
[2026-05-06 19:15:35.256] schedule_summary_tick took 26.3ms | second_changed=1 blink=0
[2026-05-06 19:15:36.257] schedule_summary_tick took 28.3ms | second_changed=1 blink=0
[2026-05-06 19:15:37.250] schedule_summary_tick took 25.4ms | second_changed=1 blink=0
[2026-05-06 19:15:38.247] schedule_summary_tick took 27.8ms | second_changed=1 blink=0
[2026-05-06 19:15:40.257] schedule_summary_tick took 22.2ms | second_changed=1 blink=0
[2026-05-06 19:15:41.248] schedule_summary_tick took 21.0ms | second_changed=1 blink=0
[2026-05-06 19:15:42.252] schedule_summary_tick took 22.4ms | second_changed=1 blink=0
[2026-05-06 19:15:43.250] schedule_summary_tick took 25.2ms | second_changed=1 blink=0
[2026-05-06 19:15:45.243] schedule_summary_tick took 20.3ms | second_changed=1 blink=0
[2026-05-06 19:15:46.251] schedule_summary_tick took 22.6ms | second_changed=1 blink=0
[2026-05-06 19:15:47.244] schedule_summary_tick took 21.2ms | second_changed=1 blink=0
[2026-05-06 19:15:48.260] schedule_summary_tick took 25.4ms | second_changed=1 blink=0
[2026-05-06 19:15:50.254] schedule_summary_tick took 21.1ms | second_changed=1 blink=0
[2026-05-06 19:15:51.249] schedule_summary_tick took 24.1ms | second_changed=1 blink=0
[2026-05-06 19:15:52.256] schedule_summary_tick took 22.3ms | second_changed=1 blink=0
[2026-05-06 19:15:53.250] schedule_summary_tick took 24.4ms | second_changed=1 blink=0
[2026-05-06 19:15:54.260] schedule_summary_tick took 26.2ms | second_changed=1 blink=0
[2026-05-06 19:15:55.251] schedule_summary_tick took 22.7ms | second_changed=1 blink=0
[2026-05-06 19:15:56.258] schedule_summary_tick took 26.8ms | second_changed=1 blink=0
[2026-05-06 19:15:57.246] schedule_summary_tick took 24.1ms | second_changed=1 blink=0
[2026-05-06 19:15:58.251] schedule_summary_tick took 23.9ms | second_changed=1 blink=0
[2026-05-06 19:15:59.243] schedule_summary_tick took 21.4ms | second_changed=1 blink=0
[2026-05-06 19:16:00.255] schedule_summary_tick took 22.2ms | second_changed=1 blink=0
[2026-05-06 19:16:01.252] schedule_summary_tick took 22.1ms | second_changed=1 blink=0
[2026-05-06 19:16:02.249] schedule_summary_tick took 25.1ms | second_changed=1 blink=0
[2026-05-06 19:16:03.257] schedule_summary_tick took 25.1ms | second_changed=1 blink=0
[2026-05-06 19:16:04.252] schedule_summary_tick took 28.2ms | second_changed=1 blink=0
[2026-05-06 19:16:05.258] schedule_summary_tick took 24.5ms | second_changed=1 blink=0
[2026-05-06 19:16:06.249] schedule_summary_tick took 22.5ms | second_changed=1 blink=0
[2026-05-06 19:16:07.253] schedule_summary_tick took 21.4ms | second_changed=1 blink=0
[2026-05-06 19:16:08.250] schedule_summary_tick took 23.0ms | second_changed=1 blink=0
[2026-05-06 19:16:09.249] schedule_summary_tick took 23.6ms | second_changed=1 blink=0
[2026-05-06 19:16:10.249] schedule_summary_tick took 26.3ms | second_changed=1 blink=0
[2026-05-06 19:16:11.253] schedule_summary_tick took 22.8ms | second_changed=1 blink=0
[2026-05-06 19:16:12.247] schedule_summary_tick took 22.9ms | second_changed=1 blink=0
[2026-05-06 19:16:13.254] schedule_summary_tick took 21.2ms | second_changed=1 blink=0
[2026-05-06 19:16:14.246] schedule_summary_tick took 22.8ms | second_changed=1 blink=0
[2026-05-06 19:16:15.244] schedule_summary_tick took 22.8ms | second_changed=1 blink=0
[2026-05-06 19:16:16.257] schedule_summary_tick took 22.3ms | second_changed=1 blink=0
[2026-05-06 19:16:17.256] schedule_summary_tick took 24.9ms | second_changed=1 blink=0
[2026-05-06 19:16:18.255] schedule_summary_tick took 28.5ms | second_changed=1 blink=0
[2026-05-06 19:16:19.254] schedule_summary_tick took 20.6ms | second_changed=1 blink=0
[2026-05-06 19:16:20.254] schedule_summary_tick took 24.0ms | second_changed=1 blink=0
[2026-05-06 19:16:21.248] schedule_summary_tick took 26.9ms | second_changed=1 blink=0
[2026-05-06 19:16:22.253] schedule_summary_tick took 29.4ms | second_changed=1 blink=0
[2026-05-06 19:16:23.249] schedule_summary_tick took 27.8ms | second_changed=1 blink=0
[2026-05-06 19:16:24.256] schedule_summary_tick took 23.0ms | second_changed=1 blink=0
[2026-05-06 19:16:25.254] schedule_summary_tick took 25.8ms | second_changed=1 blink=0
[2026-05-06 19:16:26.247] schedule_summary_tick took 21.0ms | second_changed=1 blink=0
[2026-05-06 19:16:27.244] schedule_summary_tick took 22.4ms | second_changed=1 blink=0
[2026-05-06 19:16:28.240] schedule_summary_tick took 20.3ms | second_changed=1 blink=0
[2026-05-06 19:16:29.254] schedule_summary_tick took 22.9ms | second_changed=1 blink=0
[2026-05-06 19:16:30.254] schedule_summary_tick took 27.9ms | second_changed=1 blink=0
[2026-05-06 19:16:31.256] schedule_summary_tick took 21.6ms | second_changed=1 blink=0
[2026-05-06 19:16:32.259] schedule_summary_tick took 28.2ms | second_changed=1 blink=0
[2026-05-06 19:16:33.245] schedule_summary_tick took 22.6ms | second_changed=1 blink=0
[2026-05-06 19:16:34.254] schedule_summary_tick took 22.5ms | second_changed=1 blink=0
[2026-05-06 19:16:35.247] schedule_summary_tick took 20.5ms | second_changed=1 blink=0
[2026-05-06 19:16:36.260] schedule_summary_tick took 28.6ms | second_changed=1 blink=0
[2026-05-06 19:16:37.256] schedule_summary_tick took 24.2ms | second_changed=1 blink=0
[2026-05-06 19:16:38.268] schedule_summary_tick took 40.6ms | second_changed=1 blink=0
[2026-05-06 19:16:39.260] schedule_summary_tick took 26.4ms | second_changed=1 blink=0
[2026-05-06 19:16:40.256] schedule_summary_tick took 28.0ms | second_changed=1 blink=0
[2026-05-06 19:16:42.249] schedule_summary_tick took 22.0ms | second_changed=1 blink=0
[2026-05-06 19:16:43.253] schedule_summary_tick took 28.9ms | second_changed=1 blink=0
[2026-05-06 19:16:44.256] schedule_summary_tick took 23.1ms | second_changed=1 blink=0
[2026-05-06 19:16:45.253] schedule_summary_tick took 26.9ms | second_changed=1 blink=0
[2026-05-06 19:16:46.261] schedule_summary_tick took 27.0ms | second_changed=1 blink=0
[2026-05-06 19:16:47.254] schedule_summary_tick took 30.1ms | second_changed=1 blink=0
[2026-05-06 19:16:48.260] schedule_summary_tick took 29.7ms | second_changed=1 blink=0
[2026-05-06 19:16:49.254] schedule_summary_tick took 29.1ms | second_changed=1 blink=0
[2026-05-06 19:16:50.093] schedule_alarm_tick took 43.9ms | second=19:16:50
[2026-05-06 19:16:50.253] schedule_summary_tick took 31.4ms | second_changed=1 blink=0
[2026-05-06 19:16:51.253] schedule_summary_tick took 29.6ms | second_changed=1 blink=0
[2026-05-06 19:16:52.253] schedule_summary_tick took 25.9ms | second_changed=1 blink=0
[2026-05-06 19:16:53.249] schedule_summary_tick took 28.0ms | second_changed=1 blink=0
[2026-05-06 19:16:54.260] schedule_summary_tick took 34.9ms | second_changed=1 blink=0
[2026-05-06 19:16:55.266] schedule_summary_tick took 30.8ms | second_changed=1 blink=0
[2026-05-06 19:16:56.252] schedule_summary_tick took 28.9ms | second_changed=1 blink=0
[2026-05-06 19:16:57.256] schedule_summary_tick took 28.3ms | second_changed=1 blink=0
[2026-05-06 19:16:58.258] schedule_summary_tick took 23.1ms | second_changed=1 blink=0
[2026-05-06 19:16:59.074] schedule_alarm_tick took 32.7ms | second=19:16:59
[2026-05-06 19:16:59.256] schedule_summary_tick took 28.8ms | second_changed=1 blink=0
[2026-05-06 19:17:00.361] schedule_summary_tick took 126.5ms | second_changed=1 blink=0
[2026-05-06 19:17:01.354] schedule_summary_tick took 121.8ms | second_changed=1 blink=0
[2026-05-06 19:17:02.254] schedule_summary_tick took 28.7ms | second_changed=1 blink=0
[2026-05-06 19:17:03.254] schedule_summary_tick took 28.5ms | second_changed=1 blink=0
[2026-05-06 19:17:04.253] schedule_summary_tick took 28.1ms | second_changed=1 blink=0
[2026-05-06 19:17:05.259] schedule_summary_tick took 33.5ms | second_changed=1 blink=0
[2026-05-06 19:17:06.253] schedule_summary_tick took 26.5ms | second_changed=1 blink=0
[2026-05-06 19:17:07.246] schedule_summary_tick took 25.7ms | second_changed=1 blink=0
[2026-05-06 19:17:08.244] schedule_summary_tick took 25.1ms | second_changed=1 blink=0
[2026-05-06 19:17:09.249] schedule_summary_tick took 25.0ms | second_changed=1 blink=0
[2026-05-06 19:17:10.261] schedule_summary_tick took 27.7ms | second_changed=1 blink=0
[2026-05-06 19:17:11.259] schedule_summary_tick took 25.4ms | second_changed=1 blink=0
[2026-05-06 19:17:12.263] schedule_summary_tick took 28.1ms | second_changed=1 blink=0
[2026-05-06 19:17:13.255] schedule_summary_tick took 25.3ms | second_changed=1 blink=0
[2026-05-06 19:17:14.247] schedule_summary_tick took 25.7ms | second_changed=1 blink=0
[2026-05-06 19:17:15.244] schedule_summary_tick took 23.1ms | second_changed=1 blink=0
[2026-05-06 19:17:16.257] schedule_summary_tick took 26.0ms | second_changed=1 blink=0
[2026-05-06 19:17:17.253] schedule_summary_tick took 31.4ms | second_changed=1 blink=0
[2026-05-06 19:17:18.258] schedule_summary_tick took 32.8ms | second_changed=1 blink=0
[2026-05-06 19:17:19.251] schedule_summary_tick took 28.9ms | second_changed=1 blink=0
[2026-05-06 19:17:20.261] schedule_summary_tick took 29.0ms | second_changed=1 blink=0
[2026-05-06 19:17:21.249] schedule_summary_tick took 26.7ms | second_changed=1 blink=0
[2026-05-06 19:17:22.252] schedule_summary_tick took 31.3ms | second_changed=1 blink=0
[2026-05-06 19:17:23.251] schedule_summary_tick took 24.6ms | second_changed=1 blink=0
[2026-05-06 19:17:24.246] schedule_summary_tick took 25.1ms | second_changed=1 blink=0
[2026-05-06 19:17:25.262] schedule_summary_tick took 30.0ms | second_changed=1 blink=0
[2026-05-06 19:17:26.258] schedule_summary_tick took 28.9ms | second_changed=1 blink=0
[2026-05-06 19:17:27.251] schedule_summary_tick took 27.1ms | second_changed=1 blink=0
[2026-05-06 19:17:28.257] schedule_summary_tick took 28.2ms | second_changed=1 blink=0
[2026-05-06 19:17:29.246] schedule_summary_tick took 23.9ms | second_changed=1 blink=0
[2026-05-06 19:17:30.259] schedule_summary_tick took 27.9ms | second_changed=1 blink=0
[2026-05-06 19:17:31.253] schedule_summary_tick took 26.2ms | second_changed=1 blink=0
[2026-05-06 19:17:32.255] schedule_summary_tick took 22.1ms | second_changed=1 blink=0
[2026-05-06 19:17:33.248] schedule_summary_tick took 23.4ms | second_changed=1 blink=0
[2026-05-06 19:17:34.254] schedule_summary_tick took 29.0ms | second_changed=1 blink=0
[2026-05-06 19:17:35.258] schedule_summary_tick took 32.6ms | second_changed=1 blink=0
[2026-05-06 19:17:36.251] schedule_summary_tick took 30.5ms | second_changed=1 blink=0
[2026-05-06 19:17:37.253] schedule_summary_tick took 25.5ms | second_changed=1 blink=0
[2026-05-06 19:17:38.242] schedule_summary_tick took 22.6ms | second_changed=1 blink=0
[2026-05-06 19:17:39.254] schedule_summary_tick took 23.7ms | second_changed=1 blink=0
[2026-05-06 19:17:40.253] schedule_summary_tick took 24.6ms | second_changed=1 blink=0
[2026-05-06 19:17:41.246] schedule_summary_tick took 24.7ms | second_changed=1 blink=0
[2026-05-06 19:17:42.253] schedule_summary_tick took 28.0ms | second_changed=1 blink=0
[2026-05-06 19:17:43.258] schedule_summary_tick took 24.6ms | second_changed=1 blink=0
[2026-05-06 19:17:44.254] schedule_summary_tick took 25.9ms | second_changed=1 blink=0
[2026-05-06 19:17:45.243] schedule_summary_tick took 22.9ms | second_changed=1 blink=0
[2026-05-06 19:17:46.248] schedule_summary_tick took 23.7ms | second_changed=1 blink=0
[2026-05-06 19:17:47.253] schedule_summary_tick took 23.0ms | second_changed=1 blink=0
[2026-05-06 19:17:48.251] schedule_summary_tick took 26.1ms | second_changed=1 blink=0
[2026-05-06 19:17:49.255] schedule_summary_tick took 24.3ms | second_changed=1 blink=0
[2026-05-06 19:17:50.249] schedule_summary_tick took 24.8ms | second_changed=1 blink=0
[2026-05-06 19:17:51.263] schedule_summary_tick took 30.2ms | second_changed=1 blink=0
[2026-05-06 19:17:52.249] schedule_summary_tick took 21.0ms | second_changed=1 blink=0
[2026-05-06 19:17:53.246] schedule_summary_tick took 25.7ms | second_changed=1 blink=0
[2026-05-06 19:17:54.246] schedule_summary_tick took 23.6ms | second_changed=1 blink=0
[2026-05-06 19:17:55.257] schedule_summary_tick took 24.6ms | second_changed=1 blink=0
[2026-05-06 19:17:56.252] schedule_summary_tick took 24.3ms | second_changed=1 blink=0
[2026-05-06 19:17:57.254] schedule_summary_tick took 31.2ms | second_changed=1 blink=0
[2026-05-06 19:17:58.077] schedule_alarm_tick took 30.9ms | second=19:17:58
[2026-05-06 19:17:58.247] schedule_summary_tick took 25.9ms | second_changed=1 blink=0
[2026-05-06 19:17:59.358] schedule_summary_tick took 123.2ms | second_changed=1 blink=0
[2026-05-06 19:18:00.248] schedule_summary_tick took 21.9ms | second_changed=1 blink=0
[2026-05-06 19:18:01.255] schedule_summary_tick took 24.0ms | second_changed=1 blink=0
[2026-05-06 19:18:02.249] schedule_summary_tick took 22.8ms | second_changed=1 blink=0
[2026-05-06 19:18:03.255] schedule_summary_tick took 23.5ms | second_changed=1 blink=0
[2026-05-06 19:18:04.264] schedule_summary_tick took 29.9ms | second_changed=1 blink=0
[2026-05-06 19:18:05.253] schedule_summary_tick took 27.8ms | second_changed=1 blink=0
[2026-05-06 19:18:06.264] schedule_summary_tick took 31.2ms | second_changed=1 blink=0
[2026-05-06 19:18:07.257] schedule_summary_tick took 32.9ms | second_changed=1 blink=0
[2026-05-06 19:18:08.257] schedule_summary_tick took 24.3ms | second_changed=1 blink=0
[2026-05-06 19:18:09.256] schedule_summary_tick took 24.6ms | second_changed=1 blink=0
[2026-05-06 19:18:10.245] schedule_summary_tick took 21.9ms | second_changed=1 blink=0
[2026-05-06 19:18:11.260] schedule_summary_tick took 26.9ms | second_changed=1 blink=0
[2026-05-06 19:18:12.248] schedule_summary_tick took 26.0ms | second_changed=1 blink=0
[2026-05-06 19:18:13.246] schedule_summary_tick took 22.7ms | second_changed=1 blink=0
[2026-05-06 19:18:14.260] schedule_summary_tick took 26.0ms | second_changed=1 blink=0
[2026-05-06 19:18:15.257] schedule_summary_tick took 22.9ms | second_changed=1 blink=0
[2026-05-06 19:18:16.244] schedule_summary_tick took 22.5ms | second_changed=1 blink=0
[2026-05-06 19:18:17.262] schedule_summary_tick took 27.5ms | second_changed=1 blink=0
[2026-05-06 19:18:18.248] schedule_summary_tick took 26.4ms | second_changed=1 blink=0
[2026-05-06 19:18:19.265] schedule_summary_tick took 34.4ms | second_changed=1 blink=0
[2026-05-06 19:18:20.243] schedule_summary_tick took 22.4ms | second_changed=1 blink=0
[2026-05-06 19:18:21.243] schedule_summary_tick took 23.2ms | second_changed=1 blink=0
[2026-05-06 19:18:22.145] main_clock_tick took 21.1ms
[2026-05-06 19:18:22.266] schedule_summary_tick took 31.3ms | second_changed=1 blink=0
[2026-05-06 19:18:23.254] schedule_summary_tick took 30.0ms | second_changed=1 blink=0
[2026-05-06 19:18:24.279] schedule_summary_tick took 51.2ms | second_changed=1 blink=0
[2026-05-06 19:18:25.270] schedule_summary_tick took 35.5ms | second_changed=1 blink=0
[2026-05-06 19:18:26.249] schedule_summary_tick took 26.4ms | second_changed=1 blink=0
[2026-05-06 19:18:27.261] schedule_summary_tick took 29.4ms | second_changed=1 blink=0
[2026-05-06 19:18:28.259] schedule_summary_tick took 37.0ms | second_changed=1 blink=0
[2026-05-06 19:18:29.247] schedule_summary_tick took 26.1ms | second_changed=1 blink=0
[2026-05-06 19:18:30.254] schedule_summary_tick took 29.1ms | second_changed=1 blink=0
[2026-05-06 19:18:31.250] schedule_summary_tick took 29.5ms | second_changed=1 blink=0
[2026-05-06 19:18:32.259] schedule_summary_tick took 25.2ms | second_changed=1 blink=0
[2026-05-06 19:18:33.258] schedule_summary_tick took 27.6ms | second_changed=1 blink=0
[2026-05-06 19:18:34.246] schedule_summary_tick took 25.5ms | second_changed=1 blink=0
[2026-05-06 19:18:35.263] schedule_summary_tick took 27.6ms | second_changed=1 blink=0
[2026-05-06 19:18:36.261] schedule_summary_tick took 32.4ms | second_changed=1 blink=0
[2026-05-06 19:18:37.250] schedule_summary_tick took 29.1ms | second_changed=1 blink=0
[2026-05-06 19:18:38.258] schedule_summary_tick took 29.0ms | second_changed=1 blink=0
[2026-05-06 19:18:39.254] schedule_summary_tick took 30.5ms | second_changed=1 blink=0
[2026-05-06 19:18:40.241] schedule_summary_tick took 20.4ms | second_changed=1 blink=0
[2026-05-06 19:18:41.250] schedule_summary_tick took 22.6ms | second_changed=1 blink=0
[2026-05-06 19:18:42.241] schedule_summary_tick took 20.3ms | second_changed=1 blink=0
[2026-05-06 19:18:43.245] schedule_summary_tick took 22.2ms | second_changed=1 blink=0
[2026-05-06 19:18:44.259] schedule_summary_tick took 27.8ms | second_changed=1 blink=0
[2026-05-06 19:18:45.278] schedule_summary_tick took 38.8ms | second_changed=1 blink=0
[2026-05-06 19:18:46.245] schedule_summary_tick took 22.5ms | second_changed=1 blink=0
[2026-05-06 19:18:47.256] schedule_summary_tick took 25.6ms | second_changed=1 blink=0
[2026-05-06 19:18:48.244] schedule_summary_tick took 24.4ms | second_changed=1 blink=0
[2026-05-06 19:18:49.244] schedule_summary_tick took 22.1ms | second_changed=1 blink=0
[2026-05-06 19:18:51.244] schedule_summary_tick took 22.2ms | second_changed=1 blink=0
[2026-05-06 19:18:52.259] schedule_summary_tick took 28.5ms | second_changed=1 blink=0
[2026-05-06 19:18:53.251] schedule_summary_tick took 30.5ms | second_changed=1 blink=0
[2026-05-06 19:18:54.260] schedule_summary_tick took 32.4ms | second_changed=1 blink=0
[2026-05-06 19:18:55.248] schedule_summary_tick took 25.7ms | second_changed=1 blink=0
[2026-05-06 19:18:56.257] schedule_summary_tick took 26.9ms | second_changed=1 blink=0
[2026-05-06 19:18:57.249] schedule_summary_tick took 26.6ms | second_changed=1 blink=0
[2026-05-06 19:18:58.250] schedule_summary_tick took 22.3ms | second_changed=1 blink=0
[2026-05-06 19:18:59.242] schedule_summary_tick took 21.0ms | second_changed=1 blink=0
[2026-05-06 19:19:00.249] schedule_summary_tick took 24.7ms | second_changed=1 blink=0
[2026-05-06 19:19:01.253] schedule_summary_tick took 22.9ms | second_changed=1 blink=0
[2026-05-06 19:19:02.249] schedule_summary_tick took 24.7ms | second_changed=1 blink=0
[2026-05-06 19:19:03.261] schedule_summary_tick took 27.0ms | second_changed=1 blink=0
[2026-05-06 19:19:04.254] schedule_summary_tick took 25.7ms | second_changed=1 blink=0
[2026-05-06 19:19:05.256] schedule_summary_tick took 24.4ms | second_changed=1 blink=0
[2026-05-06 19:19:06.254] schedule_summary_tick took 29.2ms | second_changed=1 blink=0
[2026-05-06 19:19:07.249] schedule_summary_tick took 27.5ms | second_changed=1 blink=0
[2026-05-06 19:19:08.266] schedule_summary_tick took 32.9ms | second_changed=1 blink=0
[2026-05-06 19:19:09.249] schedule_summary_tick took 22.8ms | second_changed=1 blink=0
[2026-05-06 19:19:10.252] schedule_summary_tick took 23.8ms | second_changed=1 blink=0
[2026-05-06 19:19:11.254] schedule_summary_tick took 26.4ms | second_changed=1 blink=0
[2026-05-06 19:19:12.246] schedule_summary_tick took 25.0ms | second_changed=1 blink=0
[2026-05-06 19:19:13.257] schedule_summary_tick took 22.2ms | second_changed=1 blink=0
[2026-05-06 19:19:14.249] schedule_summary_tick took 28.0ms | second_changed=1 blink=0
[2026-05-06 19:19:15.257] schedule_summary_tick took 24.4ms | second_changed=1 blink=0
[2026-05-06 19:19:16.259] schedule_summary_tick took 35.0ms | second_changed=1 blink=0
[2026-05-06 19:19:17.258] schedule_summary_tick took 28.0ms | second_changed=1 blink=0
[2026-05-06 19:19:18.247] schedule_summary_tick took 24.0ms | second_changed=1 blink=0
[2026-05-06 19:19:19.253] schedule_summary_tick took 22.1ms | second_changed=1 blink=0
[2026-05-06 19:19:20.248] schedule_summary_tick took 20.5ms | second_changed=1 blink=0
[2026-05-06 19:19:21.253] schedule_summary_tick took 21.9ms | second_changed=1 blink=0
[2026-05-06 19:19:22.244] schedule_summary_tick took 22.0ms | second_changed=1 blink=0
[2026-05-06 19:19:23.264] schedule_summary_tick took 30.4ms | second_changed=1 blink=0
[2026-05-06 19:19:24.257] schedule_summary_tick took 32.6ms | second_changed=1 blink=0
[2026-05-06 19:19:25.249] schedule_summary_tick took 22.6ms | second_changed=1 blink=0
[2026-05-06 19:19:26.252] schedule_summary_tick took 29.8ms | second_changed=1 blink=0
[2026-05-06 19:19:27.247] schedule_summary_tick took 27.6ms | second_changed=1 blink=0
[2026-05-06 19:19:28.245] schedule_summary_tick took 21.4ms | second_changed=1 blink=0
[2026-05-06 19:19:29.253] schedule_summary_tick took 27.0ms | second_changed=1 blink=0
[2026-05-06 19:19:30.250] schedule_summary_tick took 29.5ms | second_changed=1 blink=0
[2026-05-06 19:19:31.251] schedule_summary_tick took 24.3ms | second_changed=1 blink=0
[2026-05-06 19:19:32.248] schedule_summary_tick took 25.0ms | second_changed=1 blink=0
[2026-05-06 19:19:33.252] schedule_summary_tick took 22.5ms | second_changed=1 blink=0
[2026-05-06 19:19:34.243] schedule_summary_tick took 22.5ms | second_changed=1 blink=0
[2026-05-06 19:19:35.261] schedule_summary_tick took 30.4ms | second_changed=1 blink=0
[2026-05-06 19:19:36.253] schedule_summary_tick took 24.3ms | second_changed=1 blink=0
[2026-05-06 19:19:37.242] schedule_summary_tick took 20.3ms | second_changed=1 blink=0
[2026-05-06 19:19:38.267] schedule_summary_tick took 38.8ms | second_changed=1 blink=0
[2026-05-06 19:19:39.253] schedule_summary_tick took 32.5ms | second_changed=1 blink=0
[2026-05-06 19:19:40.257] schedule_summary_tick took 32.9ms | second_changed=1 blink=0
[2026-05-06 19:19:41.248] schedule_summary_tick took 28.0ms | second_changed=1 blink=0
[2026-05-06 19:19:42.246] schedule_summary_tick took 23.0ms | second_changed=1 blink=0
[2026-05-06 19:19:43.248] schedule_summary_tick took 23.4ms | second_changed=1 blink=0
[2026-05-06 19:19:44.249] schedule_summary_tick took 22.7ms | second_changed=1 blink=0
[2026-05-06 19:19:45.249] schedule_summary_tick took 23.8ms | second_changed=1 blink=0
[2026-05-06 19:19:46.259] schedule_summary_tick took 26.5ms | second_changed=1 blink=0
[2026-05-06 19:19:47.247] schedule_summary_tick took 24.1ms | second_changed=1 blink=0
[2026-05-06 19:19:48.247] schedule_summary_tick took 25.3ms | second_changed=1 blink=0
[2026-05-06 19:19:49.250] schedule_summary_tick took 26.8ms | second_changed=1 blink=0
[2026-05-06 19:19:50.251] schedule_summary_tick took 20.4ms | second_changed=1 blink=0
[2026-05-06 19:19:52.253] schedule_summary_tick took 32.3ms | second_changed=1 blink=0
[2026-05-06 19:19:53.256] schedule_summary_tick took 27.3ms | second_changed=1 blink=0
[2026-05-06 19:19:54.249] schedule_summary_tick took 26.2ms | second_changed=1 blink=0
[2026-05-06 19:19:55.294] schedule_summary_tick took 65.1ms | second_changed=1 blink=0
[2026-05-06 19:19:56.248] schedule_summary_tick took 23.8ms | second_changed=1 blink=0
[2026-05-06 19:19:58.252] schedule_summary_tick took 20.2ms | second_changed=1 blink=0
[2026-05-06 19:20:02.252] schedule_summary_tick took 22.3ms | second_changed=1 blink=0
[2026-05-06 19:20:03.245] schedule_summary_tick took 25.1ms | second_changed=1 blink=0
[2026-05-06 19:20:04.250] schedule_summary_tick took 22.5ms | second_changed=1 blink=0
[2026-05-06 19:20:05.243] schedule_summary_tick took 20.8ms | second_changed=1 blink=0
[2026-05-06 19:20:06.247] schedule_summary_tick took 22.4ms | second_changed=1 blink=0
[2026-05-06 19:20:07.258] schedule_summary_tick took 24.5ms | second_changed=1 blink=0
[2026-05-06 19:20:09.248] schedule_summary_tick took 26.2ms | second_changed=1 blink=0
[2026-05-06 19:20:10.263] schedule_summary_tick took 29.8ms | second_changed=1 blink=0
[2026-05-06 19:20:11.249] schedule_summary_tick took 21.2ms | second_changed=1 blink=0
[2026-05-06 19:20:12.260] schedule_summary_tick took 39.3ms | second_changed=1 blink=0
[2026-05-06 19:20:13.259] schedule_summary_tick took 33.2ms | second_changed=1 blink=0
[2026-05-06 19:20:14.253] schedule_summary_tick took 32.6ms | second_changed=1 blink=0
[2026-05-06 19:20:15.255] schedule_summary_tick took 24.4ms | second_changed=1 blink=0
[2026-05-06 19:20:16.262] schedule_summary_tick took 30.3ms | second_changed=1 blink=0
[2026-05-06 19:20:17.257] schedule_summary_tick took 34.7ms | second_changed=1 blink=0
[2026-05-06 19:20:18.262] schedule_summary_tick took 33.6ms | second_changed=1 blink=0
[2026-05-06 19:20:19.258] schedule_summary_tick took 31.8ms | second_changed=1 blink=0
[2026-05-06 19:20:20.251] schedule_summary_tick took 27.5ms | second_changed=1 blink=0
[2026-05-06 19:20:21.244] schedule_summary_tick took 24.1ms | second_changed=1 blink=0
[2026-05-06 19:20:22.256] schedule_summary_tick took 30.4ms | second_changed=1 blink=0
[2026-05-06 19:20:23.244] schedule_summary_tick took 23.8ms | second_changed=1 blink=0
[2026-05-06 19:20:24.253] schedule_summary_tick took 27.1ms | second_changed=1 blink=0
[2026-05-06 19:20:25.258] schedule_summary_tick took 22.3ms | second_changed=1 blink=0
[2026-05-06 19:20:26.297] schedule_summary_tick took 54.4ms | second_changed=1 blink=0
[2026-05-06 19:20:27.260] schedule_summary_tick took 33.1ms | second_changed=1 blink=0
[2026-05-06 19:20:28.252] schedule_summary_tick took 28.5ms | second_changed=1 blink=0
[2026-05-06 19:20:29.177] main_clock_tick took 57.0ms
[2026-05-06 19:20:29.249] schedule_summary_tick took 26.9ms | second_changed=1 blink=0
[2026-05-06 19:20:30.252] schedule_summary_tick took 26.9ms | second_changed=1 blink=0
[2026-05-06 19:20:31.255] schedule_summary_tick took 23.1ms | second_changed=1 blink=0
[2026-05-06 19:20:32.247] schedule_summary_tick took 25.7ms | second_changed=1 blink=0
[2026-05-06 19:20:33.244] schedule_summary_tick took 24.0ms | second_changed=1 blink=0
[2026-05-06 19:20:34.253] schedule_summary_tick took 24.5ms | second_changed=1 blink=0
[2026-05-06 19:20:35.249] schedule_summary_tick took 24.1ms | second_changed=1 blink=0
[2026-05-06 19:20:36.254] schedule_summary_tick took 30.4ms | second_changed=1 blink=0
[2026-05-06 19:20:37.261] schedule_summary_tick took 29.3ms | second_changed=1 blink=0
[2026-05-06 19:20:38.253] schedule_summary_tick took 26.8ms | second_changed=1 blink=0
[2026-05-06 19:20:39.247] schedule_summary_tick took 24.6ms | second_changed=1 blink=0
[2026-05-06 19:20:40.253] schedule_summary_tick took 32.3ms | second_changed=1 blink=0
[2026-05-06 19:20:41.260] schedule_summary_tick took 27.7ms | second_changed=1 blink=0
[2026-05-06 19:20:42.263] schedule_summary_tick took 30.6ms | second_changed=1 blink=0
[2026-05-06 19:20:43.258] schedule_summary_tick took 28.8ms | second_changed=1 blink=0
[2026-05-06 19:20:44.263] schedule_summary_tick took 33.3ms | second_changed=1 blink=0
[2026-05-06 19:20:45.293] schedule_summary_tick took 70.0ms | second_changed=1 blink=0
[2026-05-06 19:20:46.254] schedule_summary_tick took 24.0ms | second_changed=1 blink=0
[2026-05-06 19:20:47.252] schedule_summary_tick took 30.9ms | second_changed=1 blink=0
[2026-05-06 19:20:48.248] schedule_summary_tick took 22.4ms | second_changed=1 blink=0
[2026-05-06 19:20:49.254] schedule_summary_tick took 21.5ms | second_changed=1 blink=0
[2026-05-06 19:20:50.246] schedule_summary_tick took 22.4ms | second_changed=1 blink=0
[2026-05-06 19:20:51.242] schedule_summary_tick took 21.1ms | second_changed=1 blink=0
[2026-05-06 19:20:52.248] schedule_summary_tick took 22.6ms | second_changed=1 blink=0
[2026-05-06 19:20:53.253] schedule_summary_tick took 20.4ms | second_changed=1 blink=0
[2026-05-06 19:20:54.243] schedule_summary_tick took 23.3ms | second_changed=1 blink=0
[2026-05-06 19:20:55.254] schedule_summary_tick took 22.8ms | second_changed=1 blink=0
[2026-05-06 19:20:56.247] schedule_summary_tick took 22.4ms | second_changed=1 blink=0
[2026-05-06 19:20:57.250] schedule_summary_tick took 26.0ms | second_changed=1 blink=0
[2026-05-06 19:20:58.250] schedule_summary_tick took 29.0ms | second_changed=1 blink=0
[2026-05-06 19:20:59.074] schedule_alarm_tick took 38.9ms | second=19:20:59
[2026-05-06 19:20:59.257] schedule_summary_tick took 26.0ms | second_changed=1 blink=0
[2026-05-06 19:21:00.218] main_clock_tick took 88.0ms
[2026-05-06 19:21:00.302] schedule_summary_tick took 72.3ms | second_changed=1 blink=0
[2026-05-06 19:21:01.223] main_clock_tick took 93.8ms
[2026-05-06 19:21:01.275] schedule_summary_tick took 26.8ms | second_changed=1 blink=0
[2026-05-06 19:21:02.264] schedule_summary_tick took 31.3ms | second_changed=1 blink=0
[2026-05-06 19:21:03.256] schedule_summary_tick took 26.7ms | second_changed=1 blink=0
[2026-05-06 19:21:04.262] schedule_summary_tick took 27.9ms | second_changed=1 blink=0
[2026-05-06 19:21:05.259] schedule_summary_tick took 33.6ms | second_changed=1 blink=0
[2026-05-06 19:21:06.266] schedule_summary_tick took 35.9ms | second_changed=1 blink=0
[2026-05-06 19:21:07.253] schedule_summary_tick took 32.0ms | second_changed=1 blink=0
[2026-05-06 19:21:08.252] schedule_summary_tick took 22.5ms | second_changed=1 blink=0
[2026-05-06 19:21:09.248] schedule_summary_tick took 26.6ms | second_changed=1 blink=0
[2026-05-06 19:21:10.257] schedule_summary_tick took 25.6ms | second_changed=1 blink=0
[2026-05-06 19:21:11.252] schedule_summary_tick took 28.0ms | second_changed=1 blink=0
[2026-05-06 19:21:12.253] schedule_summary_tick took 25.9ms | second_changed=1 blink=0
[2026-05-06 19:21:13.260] schedule_summary_tick took 26.8ms | second_changed=1 blink=0
[2026-05-06 19:21:14.181] main_clock_tick took 32.8ms
[2026-05-06 19:21:14.294] schedule_summary_tick took 70.4ms | second_changed=1 blink=0
[2026-05-06 19:21:15.251] schedule_summary_tick took 30.3ms | second_changed=1 blink=0
[2026-05-06 19:21:17.172] main_clock_tick took 31.3ms
[2026-05-06 19:21:17.270] schedule_summary_tick took 50.3ms | second_changed=1 blink=0
[2026-05-06 19:21:18.288] schedule_summary_tick took 55.4ms | second_changed=1 blink=0
[2026-05-06 19:21:19.250] schedule_summary_tick took 20.4ms | second_changed=1 blink=0
[2026-05-06 19:21:20.254] schedule_summary_tick took 28.7ms | second_changed=1 blink=0
[2026-05-06 19:21:21.256] schedule_summary_tick took 35.7ms | second_changed=1 blink=0
[2026-05-06 19:21:22.244] schedule_summary_tick took 24.6ms | second_changed=1 blink=0
[2026-05-06 19:21:23.250] schedule_summary_tick took 21.6ms | second_changed=1 blink=0
[2026-05-06 19:21:24.260] schedule_summary_tick took 26.5ms | second_changed=1 blink=0
[2026-05-06 19:21:25.248] schedule_summary_tick took 27.8ms | second_changed=1 blink=0
[2026-05-06 19:21:29.250] schedule_summary_tick took 24.3ms | second_changed=1 blink=0
[2026-05-06 19:21:31.256] schedule_summary_tick took 27.3ms | second_changed=1 blink=0
[2026-05-06 19:21:32.251] schedule_summary_tick took 26.0ms | second_changed=1 blink=0
[2026-05-06 19:21:33.251] schedule_summary_tick took 20.8ms | second_changed=1 blink=0
[2026-05-06 19:21:34.257] schedule_summary_tick took 24.7ms | second_changed=1 blink=0
[2026-05-06 19:21:37.248] schedule_summary_tick took 23.8ms | second_changed=1 blink=0
[2026-05-06 19:21:38.254] schedule_summary_tick took 23.3ms | second_changed=1 blink=0
[2026-05-06 19:21:40.247] schedule_summary_tick took 21.2ms | second_changed=1 blink=0
[2026-05-06 19:21:41.247] schedule_summary_tick took 23.2ms | second_changed=1 blink=0
[2026-05-06 19:21:42.254] schedule_summary_tick took 27.8ms | second_changed=1 blink=0
[2026-05-06 19:21:43.247] schedule_summary_tick took 24.8ms | second_changed=1 blink=0
[2026-05-06 19:21:44.248] schedule_summary_tick took 23.5ms | second_changed=1 blink=0
[2026-05-06 19:21:45.243] schedule_summary_tick took 21.3ms | second_changed=1 blink=0
[2026-05-06 19:21:46.241] schedule_summary_tick took 21.4ms | second_changed=1 blink=0
[2026-05-06 19:21:47.246] schedule_summary_tick took 25.4ms | second_changed=1 blink=0
[2026-05-06 19:21:48.247] schedule_summary_tick took 20.5ms | second_changed=1 blink=0
[2026-05-06 19:21:49.258] schedule_summary_tick took 23.0ms | second_changed=1 blink=0
[2026-05-06 19:21:50.249] schedule_summary_tick took 25.0ms | second_changed=1 blink=0
[2026-05-06 19:21:51.255] schedule_summary_tick took 22.8ms | second_changed=1 blink=0
[2026-05-06 19:21:52.249] schedule_summary_tick took 24.9ms | second_changed=1 blink=0
[2026-05-06 19:21:53.253] schedule_summary_tick took 21.3ms | second_changed=1 blink=0
[2026-05-06 19:21:54.251] schedule_summary_tick took 24.3ms | second_changed=1 blink=0
[2026-05-06 19:21:55.253] schedule_summary_tick took 22.2ms | second_changed=1 blink=0
[2026-05-06 19:21:58.072] schedule_alarm_tick took 36.1ms | second=19:21:58
[2026-05-06 19:21:59.040] schedule_summary_tick took 816.9ms | second_changed=1 blink=0
[2026-05-06 19:21:59.382] schedule_summary_tick took 117.9ms | second_changed=1 blink=0
[2026-05-06 19:22:00.918] schedule_summary_tick took 790.9ms | second_changed=1 blink=0
[2026-05-06 19:22:01.248] schedule_summary_tick took 22.8ms | second_changed=1 blink=1
[2026-05-06 19:22:04.119] schedule_summary_tick took 23.5ms | second_changed=1 blink=1
[2026-05-06 19:22:05.114] schedule_summary_tick took 21.6ms | second_changed=1 blink=1
[2026-05-06 19:22:06.165] schedule_summary_tick took 23.3ms | second_changed=1 blink=1
[2026-05-06 19:22:07.127] schedule_summary_tick took 25.3ms | second_changed=1 blink=1
[2026-05-06 19:22:08.772] schedule_summary_tick took 670.3ms | second_changed=1 blink=1
[2026-05-06 19:22:09.950] schedule_summary_tick took 715.9ms | second_changed=1 blink=0
[2026-05-06 19:22:11.246] schedule_summary_tick took 22.8ms | second_changed=1 blink=0
[2026-05-06 19:22:12.256] schedule_summary_tick took 22.7ms | second_changed=1 blink=0
[2026-05-06 19:22:14.244] schedule_summary_tick took 25.0ms | second_changed=1 blink=0
[2026-05-06 19:22:15.253] schedule_summary_tick took 22.0ms | second_changed=1 blink=0
[2026-05-06 19:22:16.250] schedule_summary_tick took 22.2ms | second_changed=1 blink=0
[2026-05-06 19:22:17.251] schedule_summary_tick took 24.1ms | second_changed=1 blink=0
[2026-05-06 19:22:18.249] schedule_summary_tick took 23.9ms | second_changed=1 blink=0
[2026-05-06 19:22:19.241] schedule_summary_tick took 21.3ms | second_changed=1 blink=0
[2026-05-06 19:22:20.247] schedule_summary_tick took 22.1ms | second_changed=1 blink=0
[2026-05-06 19:22:21.243] schedule_summary_tick took 21.3ms | second_changed=1 blink=0
[2026-05-06 19:22:23.250] schedule_summary_tick took 20.7ms | second_changed=1 blink=0
[2026-05-06 19:22:25.242] schedule_summary_tick took 21.9ms | second_changed=1 blink=0
[2026-05-06 19:22:26.251] schedule_summary_tick took 21.6ms | second_changed=1 blink=0
[2026-05-06 19:22:27.243] schedule_summary_tick took 20.1ms | second_changed=1 blink=0
[2026-05-06 19:22:29.247] schedule_summary_tick took 25.2ms | second_changed=1 blink=0
[2026-05-06 19:22:30.246] schedule_summary_tick took 25.1ms | second_changed=1 blink=0
[2026-05-06 19:22:31.252] schedule_summary_tick took 23.9ms | second_changed=1 blink=0
[2026-05-06 19:22:32.251] schedule_summary_tick took 25.2ms | second_changed=1 blink=0
[2026-05-06 19:22:33.251] schedule_summary_tick took 20.3ms | second_changed=1 blink=0
[2026-05-06 19:22:34.244] schedule_summary_tick took 20.4ms | second_changed=1 blink=0
[2026-05-06 19:22:35.253] schedule_summary_tick took 30.1ms | second_changed=1 blink=0
[2026-05-06 19:22:42.249] schedule_summary_tick took 22.2ms | second_changed=1 blink=0
[2026-05-06 19:22:43.241] schedule_summary_tick took 21.9ms | second_changed=1 blink=0
[2026-05-06 19:22:44.265] schedule_summary_tick took 29.8ms | second_changed=1 blink=0
[2026-05-06 19:22:45.258] schedule_summary_tick took 26.0ms | second_changed=1 blink=0
[2026-05-06 19:22:46.261] schedule_summary_tick took 29.4ms | second_changed=1 blink=0
[2026-05-06 19:22:47.250] schedule_summary_tick took 25.5ms | second_changed=1 blink=0
[2026-05-06 19:22:49.244] schedule_summary_tick took 23.8ms | second_changed=1 blink=0
[2026-05-06 19:22:50.252] schedule_summary_tick took 22.2ms | second_changed=1 blink=0
[2026-05-06 19:22:52.243] schedule_summary_tick took 23.6ms | second_changed=1 blink=0
[2026-05-06 19:22:53.247] schedule_summary_tick took 24.6ms | second_changed=1 blink=0
[2026-05-06 19:22:55.249] schedule_summary_tick took 24.7ms | second_changed=1 blink=0
[2026-05-06 19:22:56.252] schedule_summary_tick took 21.6ms | second_changed=1 blink=0
[2026-05-06 19:22:57.252] schedule_summary_tick took 27.4ms | second_changed=1 blink=0
[2026-05-06 19:22:58.924] schedule_summary_tick took 693.6ms | second_changed=1 blink=0
[2026-05-06 19:23:00.294] schedule_summary_tick took 1072.4ms | second_changed=1 blink=0
[2026-05-06 19:23:01.688] schedule_summary_tick took 626.3ms | second_changed=1 blink=0
[2026-05-06 19:23:02.256] schedule_summary_tick took 24.3ms | second_changed=1 blink=2
[2026-05-06 19:23:03.070] schedule_summary_tick took 27.9ms | second_changed=1 blink=2
[2026-05-06 19:23:04.053] schedule_summary_tick took 22.6ms | second_changed=1 blink=2
[2026-05-06 19:23:05.035] schedule_summary_tick took 23.3ms | second_changed=1 blink=2
[2026-05-06 19:23:06.024] schedule_summary_tick took 20.4ms | second_changed=1 blink=2
[2026-05-06 19:23:08.706] schedule_summary_tick took 638.4ms | second_changed=1 blink=2
[2026-05-06 19:23:09.949] schedule_summary_tick took 717.1ms | second_changed=1 blink=0
[2026-05-06 19:23:11.245] schedule_summary_tick took 24.7ms | second_changed=1 blink=0
[2026-05-06 19:23:12.246] schedule_summary_tick took 22.6ms | second_changed=1 blink=0
[2026-05-06 19:23:13.244] schedule_summary_tick took 24.4ms | second_changed=1 blink=0
[2026-05-06 19:23:16.248] schedule_summary_tick took 27.0ms | second_changed=1 blink=0
[2026-05-06 19:23:18.244] schedule_summary_tick took 23.6ms | second_changed=1 blink=0
[2026-05-06 19:23:19.255] schedule_summary_tick took 22.8ms | second_changed=1 blink=0
[2026-05-06 19:23:21.245] schedule_summary_tick took 22.1ms | second_changed=1 blink=0
[2026-05-06 19:23:22.246] schedule_summary_tick took 21.3ms | second_changed=1 blink=0
[2026-05-06 19:23:23.252] schedule_summary_tick took 22.8ms | second_changed=1 blink=0
[2026-05-06 19:23:25.251] schedule_summary_tick took 25.5ms | second_changed=1 blink=0
[2026-05-06 19:23:26.254] schedule_summary_tick took 25.7ms | second_changed=1 blink=0
[2026-05-06 19:23:27.252] schedule_summary_tick took 20.8ms | second_changed=1 blink=0
[2026-05-06 19:23:28.251] schedule_summary_tick took 23.8ms | second_changed=1 blink=0
[2026-05-06 19:23:29.244] schedule_summary_tick took 23.5ms | second_changed=1 blink=0
[2026-05-06 19:23:30.247] schedule_summary_tick took 20.4ms | second_changed=1 blink=0
[2026-05-06 19:23:31.248] schedule_summary_tick took 28.1ms | second_changed=1 blink=0
[2026-05-06 19:23:32.253] schedule_summary_tick took 29.3ms | second_changed=1 blink=0
[2026-05-06 19:23:33.259] schedule_summary_tick took 25.5ms | second_changed=1 blink=0
[2026-05-06 19:23:34.249] schedule_summary_tick took 24.1ms | second_changed=1 blink=0
[2026-05-06 19:23:35.255] schedule_summary_tick took 25.3ms | second_changed=1 blink=0
[2026-05-06 19:23:36.254] schedule_summary_tick took 25.9ms | second_changed=1 blink=0
[2026-05-06 19:23:37.246] schedule_summary_tick took 23.8ms | second_changed=1 blink=0
[2026-05-06 19:23:38.248] schedule_summary_tick took 22.0ms | second_changed=1 blink=0
[2026-05-06 19:23:39.250] schedule_summary_tick took 20.7ms | second_changed=1 blink=0
[2026-05-06 19:23:40.254] schedule_summary_tick took 27.7ms | second_changed=1 blink=0
[2026-05-06 19:23:41.244] schedule_summary_tick took 22.4ms | second_changed=1 blink=0
[2026-05-06 19:23:42.247] schedule_summary_tick took 21.2ms | second_changed=1 blink=0
[2026-05-06 19:23:43.264] schedule_summary_tick took 29.0ms | second_changed=1 blink=0
[2026-05-06 19:23:44.251] schedule_summary_tick took 25.3ms | second_changed=1 blink=0
[2026-05-06 19:23:45.251] schedule_summary_tick took 27.1ms | second_changed=1 blink=0
[2026-05-06 19:23:46.252] schedule_summary_tick took 21.2ms | second_changed=1 blink=0
[2026-05-06 19:23:47.258] schedule_summary_tick took 26.9ms | second_changed=1 blink=0
[2026-05-06 19:23:48.249] schedule_summary_tick took 27.9ms | second_changed=1 blink=0
[2026-05-06 19:23:49.246] schedule_summary_tick took 26.2ms | second_changed=1 blink=0
[2026-05-06 19:23:50.244] schedule_summary_tick took 21.7ms | second_changed=1 blink=0
[2026-05-06 19:23:51.261] schedule_summary_tick took 30.8ms | second_changed=1 blink=0
[2026-05-06 19:23:52.261] schedule_summary_tick took 27.5ms | second_changed=1 blink=0
[2026-05-06 19:23:53.246] schedule_summary_tick took 24.6ms | second_changed=1 blink=0
[2026-05-06 19:23:54.244] schedule_summary_tick took 23.2ms | second_changed=1 blink=0
[2026-05-06 19:23:55.254] schedule_summary_tick took 23.2ms | second_changed=1 blink=0
[2026-05-06 19:23:56.243] schedule_summary_tick took 22.6ms | second_changed=1 blink=0
[2026-05-06 19:23:57.259] schedule_summary_tick took 30.0ms | second_changed=1 blink=0
[2026-05-06 19:23:59.254] schedule_summary_tick took 22.5ms | second_changed=1 blink=0
[2026-05-06 19:24:00.246] schedule_summary_tick took 25.2ms | second_changed=1 blink=0
[2026-05-06 19:24:01.248] schedule_summary_tick took 20.8ms | second_changed=1 blink=0
[2026-05-06 19:24:02.256] schedule_summary_tick took 24.8ms | second_changed=1 blink=0
[2026-05-06 19:24:03.248] schedule_summary_tick took 23.4ms | second_changed=1 blink=0
[2026-05-06 19:24:04.260] schedule_summary_tick took 25.1ms | second_changed=1 blink=0
[2026-05-06 19:24:05.254] schedule_summary_tick took 28.4ms | second_changed=1 blink=0
[2026-05-06 19:24:06.263] schedule_summary_tick took 29.5ms | second_changed=1 blink=0
[2026-05-06 19:24:07.247] schedule_summary_tick took 23.2ms | second_changed=1 blink=0
[2026-05-06 19:24:08.254] schedule_summary_tick took 21.9ms | second_changed=1 blink=0
[2026-05-06 19:24:09.251] schedule_summary_tick took 30.9ms | second_changed=1 blink=0
[2026-05-06 19:24:10.258] schedule_summary_tick took 26.0ms | second_changed=1 blink=0
[2026-05-06 19:24:11.250] schedule_summary_tick took 21.1ms | second_changed=1 blink=0
[2026-05-06 19:24:12.254] schedule_summary_tick took 23.1ms | second_changed=1 blink=0
[2026-05-06 19:24:13.250] schedule_summary_tick took 23.0ms | second_changed=1 blink=0
[2026-05-06 19:24:15.249] schedule_summary_tick took 20.6ms | second_changed=1 blink=0
[2026-05-06 19:24:16.253] schedule_summary_tick took 20.7ms | second_changed=1 blink=0
[2026-05-06 19:24:17.251] schedule_summary_tick took 20.7ms | second_changed=1 blink=0
[2026-05-06 19:24:18.254] schedule_summary_tick took 23.9ms | second_changed=1 blink=0
[2026-05-06 19:24:19.244] schedule_summary_tick took 21.3ms | second_changed=1 blink=0
[2026-05-06 19:24:20.253] schedule_summary_tick took 28.2ms | second_changed=1 blink=0
[2026-05-06 19:24:21.250] schedule_summary_tick took 23.5ms | second_changed=1 blink=0
[2026-05-06 19:24:22.254] schedule_summary_tick took 24.9ms | second_changed=1 blink=0
[2026-05-06 19:24:23.247] schedule_summary_tick took 23.6ms | second_changed=1 blink=0
[2026-05-06 19:24:24.255] schedule_summary_tick took 27.4ms | second_changed=1 blink=0
[2026-05-06 19:24:25.247] schedule_summary_tick took 25.7ms | second_changed=1 blink=0
[2026-05-06 19:24:26.261] schedule_summary_tick took 29.0ms | second_changed=1 blink=0
[2026-05-06 19:24:27.261] schedule_summary_tick took 35.7ms | second_changed=1 blink=0
[2026-05-06 19:24:28.246] schedule_summary_tick took 26.1ms | second_changed=1 blink=0
[2026-05-06 19:24:29.256] schedule_summary_tick took 25.1ms | second_changed=1 blink=0
[2026-05-06 19:24:30.246] schedule_summary_tick took 21.3ms | second_changed=1 blink=0
[2026-05-06 19:24:31.256] schedule_summary_tick took 22.1ms | second_changed=1 blink=0
[2026-05-06 19:24:32.256] schedule_summary_tick took 29.3ms | second_changed=1 blink=0
[2026-05-06 19:24:33.261] schedule_summary_tick took 27.8ms | second_changed=1 blink=0
[2026-05-06 19:24:34.253] schedule_summary_tick took 27.6ms | second_changed=1 blink=0
[2026-05-06 19:24:35.249] schedule_summary_tick took 28.7ms | second_changed=1 blink=0
[2026-05-06 19:24:36.259] schedule_summary_tick took 29.4ms | second_changed=1 blink=0
[2026-05-06 19:24:37.244] schedule_summary_tick took 23.7ms | second_changed=1 blink=0
[2026-05-06 19:24:38.249] schedule_summary_tick took 24.9ms | second_changed=1 blink=0
[2026-05-06 19:24:39.249] schedule_summary_tick took 25.8ms | second_changed=1 blink=0
[2026-05-06 19:24:40.253] schedule_summary_tick took 27.6ms | second_changed=1 blink=0
[2026-05-06 19:24:41.253] schedule_summary_tick took 20.3ms | second_changed=1 blink=0
[2026-05-06 19:24:42.256] schedule_summary_tick took 29.4ms | second_changed=1 blink=0
[2026-05-06 19:24:43.254] schedule_summary_tick took 25.5ms | second_changed=1 blink=0
[2026-05-06 19:24:44.247] schedule_summary_tick took 24.6ms | second_changed=1 blink=0
[2026-05-06 19:24:45.251] schedule_summary_tick took 27.1ms | second_changed=1 blink=0
[2026-05-06 19:24:46.252] schedule_summary_tick took 21.1ms | second_changed=1 blink=0
[2026-05-06 19:24:48.254] schedule_summary_tick took 28.1ms | second_changed=1 blink=0
[2026-05-06 19:24:49.260] schedule_summary_tick took 29.0ms | second_changed=1 blink=0
[2026-05-06 19:24:50.246] schedule_summary_tick took 24.8ms | second_changed=1 blink=0
[2026-05-06 19:24:51.257] schedule_summary_tick took 27.7ms | second_changed=1 blink=0
[2026-05-06 19:24:52.249] schedule_summary_tick took 25.8ms | second_changed=1 blink=0
[2026-05-06 19:24:53.249] schedule_summary_tick took 20.9ms | second_changed=1 blink=0
[2026-05-06 19:24:54.248] schedule_summary_tick took 26.1ms | second_changed=1 blink=0
[2026-05-06 19:24:55.254] schedule_summary_tick took 20.2ms | second_changed=1 blink=0
[2026-05-06 19:24:56.249] schedule_summary_tick took 24.8ms | second_changed=1 blink=0
[2026-05-06 19:24:57.252] schedule_summary_tick took 20.4ms | second_changed=1 blink=0
[2026-05-06 19:24:59.255] schedule_summary_tick took 20.2ms | second_changed=1 blink=0
[2026-05-06 19:25:02.251] schedule_summary_tick took 27.5ms | second_changed=1 blink=0
[2026-05-06 19:25:03.253] schedule_summary_tick took 23.9ms | second_changed=1 blink=0
[2026-05-06 19:25:04.243] schedule_summary_tick took 22.5ms | second_changed=1 blink=0
[2026-05-06 19:25:05.251] schedule_summary_tick took 23.0ms | second_changed=1 blink=0
[2026-05-06 19:25:06.249] schedule_summary_tick took 25.3ms | second_changed=1 blink=0
[2026-05-06 19:25:08.253] schedule_summary_tick took 29.8ms | second_changed=1 blink=0
[2026-05-06 19:25:09.247] schedule_summary_tick took 20.9ms | second_changed=1 blink=0
[2026-05-06 19:25:10.244] schedule_summary_tick took 22.6ms | second_changed=1 blink=0
[2026-05-06 19:25:11.257] schedule_summary_tick took 26.2ms | second_changed=1 blink=0
[2026-05-06 19:25:12.255] schedule_summary_tick took 28.3ms | second_changed=1 blink=0
[2026-05-06 19:25:13.240] schedule_summary_tick took 20.7ms | second_changed=1 blink=0
[2026-05-06 19:25:14.249] schedule_summary_tick took 24.7ms | second_changed=1 blink=0
[2026-05-06 19:25:15.244] schedule_summary_tick took 25.1ms | second_changed=1 blink=0
[2026-05-06 19:25:18.240] schedule_summary_tick took 20.4ms | second_changed=1 blink=0
[2026-05-06 19:25:19.249] schedule_summary_tick took 20.7ms | second_changed=1 blink=0
[2026-05-06 19:25:20.246] schedule_summary_tick took 23.9ms | second_changed=1 blink=0
[2026-05-06 19:25:24.246] schedule_summary_tick took 20.7ms | second_changed=1 blink=0
[2026-05-06 19:25:25.250] schedule_summary_tick took 22.9ms | second_changed=1 blink=0
[2026-05-06 19:25:26.245] schedule_summary_tick took 20.5ms | second_changed=1 blink=0
[2026-05-06 19:25:29.244] schedule_summary_tick took 21.9ms | second_changed=1 blink=0
[2026-05-06 19:25:30.245] schedule_summary_tick took 23.8ms | second_changed=1 blink=0
[2026-05-06 19:25:32.254] schedule_summary_tick took 23.1ms | second_changed=1 blink=0
[2026-05-06 19:25:33.248] schedule_summary_tick took 26.8ms | second_changed=1 blink=0
[2026-05-06 19:25:35.245] schedule_summary_tick took 22.8ms | second_changed=1 blink=0
[2026-05-06 19:25:37.253] schedule_summary_tick took 21.0ms | second_changed=1 blink=0
[2026-05-06 19:25:38.249] schedule_summary_tick took 24.2ms | second_changed=1 blink=0
[2026-05-06 19:25:39.250] schedule_summary_tick took 25.2ms | second_changed=1 blink=0
[2026-05-06 19:25:40.246] schedule_summary_tick took 22.9ms | second_changed=1 blink=0
[2026-05-06 19:25:41.258] schedule_summary_tick took 24.8ms | second_changed=1 blink=0
[2026-05-06 19:25:42.258] schedule_summary_tick took 24.9ms | second_changed=1 blink=0
[2026-05-06 19:25:43.243] schedule_summary_tick took 21.2ms | second_changed=1 blink=0
[2026-05-06 19:25:44.244] schedule_summary_tick took 21.6ms | second_changed=1 blink=0
[2026-05-06 19:25:45.253] schedule_summary_tick took 20.7ms | second_changed=1 blink=0
[2026-05-06 19:25:47.244] schedule_summary_tick took 21.1ms | second_changed=1 blink=0
[2026-05-06 19:25:48.259] schedule_summary_tick took 25.4ms | second_changed=1 blink=0
[2026-05-06 19:25:49.246] schedule_summary_tick took 21.5ms | second_changed=1 blink=0
[2026-05-06 19:25:50.241] schedule_summary_tick took 20.6ms | second_changed=1 blink=0
[2026-05-06 19:25:51.253] schedule_summary_tick took 21.1ms | second_changed=1 blink=0
[2026-05-06 19:25:53.245] schedule_summary_tick took 23.7ms | second_changed=1 blink=0
[2026-05-06 19:25:54.253] schedule_summary_tick took 22.3ms | second_changed=1 blink=0
[2026-05-06 19:25:55.249] schedule_summary_tick took 22.0ms | second_changed=1 blink=0
[2026-05-06 19:25:57.247] schedule_summary_tick took 20.0ms | second_changed=1 blink=0
[2026-05-06 19:25:58.244] schedule_summary_tick took 22.0ms | second_changed=1 blink=0
[2026-05-06 19:25:59.249] schedule_summary_tick took 20.8ms | second_changed=1 blink=0
[2026-05-06 19:26:00.254] schedule_summary_tick took 28.4ms | second_changed=1 blink=0
[2026-05-06 19:26:01.252] schedule_summary_tick took 21.0ms | second_changed=1 blink=0
[2026-05-06 19:26:02.245] schedule_summary_tick took 20.9ms | second_changed=1 blink=0
[2026-05-06 19:26:03.274] schedule_summary_tick took 45.9ms | second_changed=1 blink=0
[2026-05-06 19:26:04.252] schedule_summary_tick took 24.3ms | second_changed=1 blink=0
[2026-05-06 19:26:05.255] schedule_summary_tick took 30.5ms | second_changed=1 blink=0
[2026-05-06 19:26:06.259] schedule_summary_tick took 24.2ms | second_changed=1 blink=0
[2026-05-06 19:26:07.246] schedule_summary_tick took 20.7ms | second_changed=1 blink=0
[2026-05-06 19:26:08.253] schedule_summary_tick took 27.4ms | second_changed=1 blink=0
[2026-05-06 19:26:09.269] schedule_summary_tick took 37.2ms | second_changed=1 blink=0
[2026-05-06 19:26:10.255] schedule_summary_tick took 26.7ms | second_changed=1 blink=0
[2026-05-06 19:26:11.256] schedule_summary_tick took 34.6ms | second_changed=1 blink=0
[2026-05-06 19:26:12.262] schedule_summary_tick took 30.3ms | second_changed=1 blink=0
[2026-05-06 19:26:13.247] schedule_summary_tick took 26.1ms | second_changed=1 blink=0
[2026-05-06 19:26:15.244] schedule_summary_tick took 25.0ms | second_changed=1 blink=0
[2026-05-06 19:26:16.258] schedule_summary_tick took 30.8ms | second_changed=1 blink=0
[2026-05-06 19:26:17.244] schedule_summary_tick took 24.1ms | second_changed=1 blink=0
[2026-05-06 19:26:18.246] schedule_summary_tick took 22.5ms | second_changed=1 blink=0
[2026-05-06 19:26:19.263] schedule_summary_tick took 33.0ms | second_changed=1 blink=0
[2026-05-06 19:26:20.245] schedule_summary_tick took 23.3ms | second_changed=1 blink=0
[2026-05-06 19:26:21.246] schedule_summary_tick took 25.3ms | second_changed=1 blink=0
[2026-05-06 19:26:22.259] schedule_summary_tick took 32.5ms | second_changed=1 blink=0
[2026-05-06 19:26:23.255] schedule_summary_tick took 26.9ms | second_changed=1 blink=0
[2026-05-06 19:26:24.247] schedule_summary_tick took 22.4ms | second_changed=1 blink=0
[2026-05-06 19:26:25.253] schedule_summary_tick took 25.1ms | second_changed=1 blink=0
[2026-05-06 19:26:26.240] schedule_summary_tick took 20.1ms | second_changed=1 blink=0
[2026-05-06 19:26:27.246] schedule_summary_tick took 24.6ms | second_changed=1 blink=0
[2026-05-06 19:26:28.257] schedule_summary_tick took 34.1ms | second_changed=1 blink=0
[2026-05-06 19:26:29.251] schedule_summary_tick took 23.6ms | second_changed=1 blink=0
[2026-05-06 19:26:30.261] schedule_summary_tick took 25.9ms | second_changed=1 blink=0
[2026-05-06 19:26:31.253] schedule_summary_tick took 28.4ms | second_changed=1 blink=0
[2026-05-06 19:26:32.257] schedule_summary_tick took 22.8ms | second_changed=1 blink=0
[2026-05-06 19:26:33.246] schedule_summary_tick took 21.1ms | second_changed=1 blink=0
[2026-05-06 19:26:34.259] schedule_summary_tick took 26.2ms | second_changed=1 blink=0
[2026-05-06 19:26:35.247] schedule_summary_tick took 26.1ms | second_changed=1 blink=0
[2026-05-06 19:26:36.258] schedule_summary_tick took 27.5ms | second_changed=1 blink=0
[2026-05-06 19:26:37.252] schedule_summary_tick took 27.6ms | second_changed=1 blink=0
[2026-05-06 19:26:38.257] schedule_summary_tick took 26.2ms | second_changed=1 blink=0
[2026-05-06 19:26:39.276] schedule_summary_tick took 49.5ms | second_changed=1 blink=0
[2026-05-06 19:26:40.249] schedule_summary_tick took 26.9ms | second_changed=1 blink=0
[2026-05-06 19:26:41.252] schedule_summary_tick took 26.6ms | second_changed=1 blink=0
[2026-05-06 19:26:42.255] schedule_summary_tick took 23.8ms | second_changed=1 blink=0
[2026-05-06 19:26:43.255] schedule_summary_tick took 27.5ms | second_changed=1 blink=0
[2026-05-06 19:26:44.245] schedule_summary_tick took 22.8ms | second_changed=1 blink=0
[2026-05-06 19:26:46.250] schedule_summary_tick took 30.2ms | second_changed=1 blink=0
[2026-05-06 19:26:47.254] schedule_summary_tick took 27.4ms | second_changed=1 blink=0
[2026-05-06 19:26:48.262] schedule_summary_tick took 26.9ms | second_changed=1 blink=0
[2026-05-06 19:26:49.262] schedule_summary_tick took 29.0ms | second_changed=1 blink=0
[2026-05-06 19:26:50.251] schedule_summary_tick took 24.2ms | second_changed=1 blink=0
[2026-05-06 19:26:51.252] schedule_summary_tick took 24.4ms | second_changed=1 blink=0
[2026-05-06 19:26:52.250] schedule_summary_tick took 28.1ms | second_changed=1 blink=0
[2026-05-06 19:26:53.251] schedule_summary_tick took 28.7ms | second_changed=1 blink=0
[2026-05-06 19:26:54.254] schedule_summary_tick took 26.6ms | second_changed=1 blink=0
[2026-05-06 19:26:55.259] schedule_summary_tick took 34.7ms | second_changed=1 blink=0
[2026-05-06 19:26:56.247] schedule_summary_tick took 25.2ms | second_changed=1 blink=0
[2026-05-06 19:26:57.252] schedule_summary_tick took 27.3ms | second_changed=1 blink=0
[2026-05-06 19:26:58.260] schedule_summary_tick took 26.3ms | second_changed=1 blink=0
[2026-05-06 19:27:00.252] schedule_summary_tick took 24.4ms | second_changed=1 blink=0
[2026-05-06 19:27:01.258] schedule_summary_tick took 30.5ms | second_changed=1 blink=0
[2026-05-06 19:27:02.256] schedule_summary_tick took 27.8ms | second_changed=1 blink=0
[2026-05-06 19:27:03.252] schedule_summary_tick took 29.8ms | second_changed=1 blink=0
[2026-05-06 19:27:04.259] schedule_summary_tick took 26.6ms | second_changed=1 blink=0
[2026-05-06 19:27:05.248] schedule_summary_tick took 21.8ms | second_changed=1 blink=0
[2026-05-06 19:27:06.256] schedule_summary_tick took 24.9ms | second_changed=1 blink=0
[2026-05-06 19:27:07.257] schedule_summary_tick took 32.5ms | second_changed=1 blink=0
[2026-05-06 19:27:08.253] schedule_summary_tick took 22.2ms | second_changed=1 blink=0
[2026-05-06 19:27:09.244] schedule_summary_tick took 23.4ms | second_changed=1 blink=0
[2026-05-06 19:27:10.246] schedule_summary_tick took 25.9ms | second_changed=1 blink=0
[2026-05-06 19:27:11.250] schedule_summary_tick took 24.5ms | second_changed=1 blink=0
[2026-05-06 19:27:12.256] schedule_summary_tick took 22.6ms | second_changed=1 blink=0
[2026-05-06 19:27:13.261] schedule_summary_tick took 32.1ms | second_changed=1 blink=0
[2026-05-06 19:27:14.258] schedule_summary_tick took 25.6ms | second_changed=1 blink=0
[2026-05-06 19:27:15.249] schedule_summary_tick took 27.4ms | second_changed=1 blink=0
[2026-05-06 19:27:16.254] schedule_summary_tick took 29.3ms | second_changed=1 blink=0
[2026-05-06 19:27:17.254] schedule_summary_tick took 26.5ms | second_changed=1 blink=0
[2026-05-06 19:27:18.261] schedule_summary_tick took 26.8ms | second_changed=1 blink=0
[2026-05-06 19:27:19.251] schedule_summary_tick took 27.7ms | second_changed=1 blink=0
[2026-05-06 19:27:20.260] schedule_summary_tick took 29.4ms | second_changed=1 blink=0
[2026-05-06 19:27:21.252] schedule_summary_tick took 26.6ms | second_changed=1 blink=0
[2026-05-06 19:27:22.258] schedule_summary_tick took 30.6ms | second_changed=1 blink=0
[2026-05-06 19:27:23.252] schedule_summary_tick took 30.3ms | second_changed=1 blink=0
[2026-05-06 19:27:24.259] schedule_summary_tick took 26.7ms | second_changed=1 blink=0
[2026-05-06 19:27:25.263] schedule_summary_tick took 29.4ms | second_changed=1 blink=0
[2026-05-06 19:27:26.250] schedule_summary_tick took 28.6ms | second_changed=1 blink=0
[2026-05-06 19:27:27.264] schedule_summary_tick took 31.4ms | second_changed=1 blink=0
[2026-05-06 19:27:28.252] schedule_summary_tick took 27.9ms | second_changed=1 blink=0
[2026-05-06 19:27:29.259] schedule_summary_tick took 30.1ms | second_changed=1 blink=0
[2026-05-06 19:27:30.243] schedule_summary_tick took 20.2ms | second_changed=1 blink=0
[2026-05-06 19:27:31.255] schedule_summary_tick took 28.1ms | second_changed=1 blink=0
[2026-05-06 19:27:32.258] schedule_summary_tick took 25.0ms | second_changed=1 blink=0
[2026-05-06 19:27:33.245] schedule_summary_tick took 22.8ms | second_changed=1 blink=0
[2026-05-06 19:27:34.253] schedule_summary_tick took 30.3ms | second_changed=1 blink=0
[2026-05-06 19:27:35.258] schedule_summary_tick took 31.0ms | second_changed=1 blink=0
[2026-05-06 19:27:36.250] schedule_summary_tick took 22.9ms | second_changed=1 blink=0
[2026-05-06 19:27:37.255] schedule_summary_tick took 33.5ms | second_changed=1 blink=0
[2026-05-06 19:27:38.250] schedule_summary_tick took 24.7ms | second_changed=1 blink=0
[2026-05-06 19:27:39.243] schedule_summary_tick took 21.3ms | second_changed=1 blink=0
[2026-05-06 19:27:40.259] schedule_summary_tick took 25.4ms | second_changed=1 blink=0
[2026-05-06 19:27:41.254] schedule_summary_tick took 27.7ms | second_changed=1 blink=0
[2026-05-06 19:27:42.257] schedule_summary_tick took 26.0ms | second_changed=1 blink=0
[2026-05-06 19:27:43.258] schedule_summary_tick took 32.0ms | second_changed=1 blink=0
[2026-05-06 19:27:44.254] schedule_summary_tick took 25.4ms | second_changed=1 blink=0
[2026-05-06 19:27:45.250] schedule_summary_tick took 27.1ms | second_changed=1 blink=0
[2026-05-06 19:27:46.254] schedule_summary_tick took 30.8ms | second_changed=1 blink=0
[2026-05-06 19:27:47.259] schedule_summary_tick took 26.1ms | second_changed=1 blink=0
[2026-05-06 19:27:48.246] schedule_summary_tick took 25.8ms | second_changed=1 blink=0
[2026-05-06 19:27:49.250] schedule_summary_tick took 24.9ms | second_changed=1 blink=0
[2026-05-06 19:27:50.250] schedule_summary_tick took 23.8ms | second_changed=1 blink=0
[2026-05-06 19:27:51.261] schedule_summary_tick took 27.0ms | second_changed=1 blink=0
[2026-05-06 19:27:52.257] schedule_summary_tick took 28.2ms | second_changed=1 blink=0
[2026-05-06 19:27:54.246] schedule_summary_tick took 24.8ms | second_changed=1 blink=0
[2026-05-06 19:27:55.244] schedule_summary_tick took 21.3ms | second_changed=1 blink=0
[2026-05-06 19:27:56.253] schedule_summary_tick took 22.5ms | second_changed=1 blink=0
[2026-05-06 19:27:57.255] schedule_summary_tick took 24.8ms | second_changed=1 blink=0
[2026-05-06 19:27:58.254] schedule_summary_tick took 31.8ms | second_changed=1 blink=0
[2026-05-06 19:27:59.254] schedule_summary_tick took 26.5ms | second_changed=1 blink=0
[2026-05-06 19:28:00.256] schedule_summary_tick took 25.2ms | second_changed=1 blink=0
[2026-05-06 19:28:01.255] schedule_summary_tick took 30.7ms | second_changed=1 blink=0
[2026-05-06 19:28:02.258] schedule_summary_tick took 24.0ms | second_changed=1 blink=0
[2026-05-06 19:28:03.248] schedule_summary_tick took 25.0ms | second_changed=1 blink=0
[2026-05-06 19:28:04.262] schedule_summary_tick took 28.6ms | second_changed=1 blink=0
[2026-05-06 19:28:05.260] schedule_summary_tick took 29.5ms | second_changed=1 blink=0
[2026-05-06 19:28:06.244] schedule_summary_tick took 24.7ms | second_changed=1 blink=0
[2026-05-06 19:28:07.253] schedule_summary_tick took 27.9ms | second_changed=1 blink=0
[2026-05-06 19:28:08.245] schedule_summary_tick took 24.1ms | second_changed=1 blink=0
[2026-05-06 19:28:09.269] schedule_summary_tick took 36.3ms | second_changed=1 blink=0
[2026-05-06 19:28:10.255] schedule_summary_tick took 27.5ms | second_changed=1 blink=0
[2026-05-06 19:28:11.255] schedule_summary_tick took 25.5ms | second_changed=1 blink=0
[2026-05-06 19:28:12.249] schedule_summary_tick took 24.0ms | second_changed=1 blink=0
[2026-05-06 19:28:13.259] schedule_summary_tick took 25.3ms | second_changed=1 blink=0
[2026-05-06 19:28:14.256] schedule_summary_tick took 25.6ms | second_changed=1 blink=0
[2026-05-06 19:28:15.249] schedule_summary_tick took 23.3ms | second_changed=1 blink=0
[2026-05-06 19:28:16.251] schedule_summary_tick took 22.2ms | second_changed=1 blink=0
[2026-05-06 19:28:17.253] schedule_summary_tick took 22.3ms | second_changed=1 blink=0
[2026-05-06 19:28:18.256] schedule_summary_tick took 30.0ms | second_changed=1 blink=0
[2026-05-06 19:28:19.243] schedule_summary_tick took 22.7ms | second_changed=1 blink=0
[2026-05-06 19:28:20.252] schedule_summary_tick took 23.3ms | second_changed=1 blink=0
[2026-05-06 19:28:21.245] schedule_summary_tick took 22.8ms | second_changed=1 blink=0
[2026-05-06 19:28:22.250] schedule_summary_tick took 22.5ms | second_changed=1 blink=0
[2026-05-06 19:28:23.243] schedule_summary_tick took 22.0ms | second_changed=1 blink=0
[2026-05-06 19:28:24.261] schedule_summary_tick took 27.6ms | second_changed=1 blink=0
[2026-05-06 19:28:25.244] schedule_summary_tick took 22.5ms | second_changed=1 blink=0
[2026-05-06 19:28:26.245] schedule_summary_tick took 22.3ms | second_changed=1 blink=0
[2026-05-06 19:28:27.247] schedule_summary_tick took 22.8ms | second_changed=1 blink=0
[2026-05-06 19:28:28.248] schedule_summary_tick took 24.8ms | second_changed=1 blink=0
[2026-05-06 19:28:29.256] schedule_summary_tick took 24.3ms | second_changed=1 blink=0
[2026-05-06 19:28:30.254] schedule_summary_tick took 27.7ms | second_changed=1 blink=0
[2026-05-06 19:28:31.255] schedule_summary_tick took 21.9ms | second_changed=1 blink=0
[2026-05-06 19:28:32.246] schedule_summary_tick took 22.0ms | second_changed=1 blink=0
[2026-05-06 19:28:33.266] schedule_summary_tick took 34.5ms | second_changed=1 blink=0
[2026-05-06 19:28:34.248] schedule_summary_tick took 28.8ms | second_changed=1 blink=0
[2026-05-06 19:28:35.251] schedule_summary_tick took 24.0ms | second_changed=1 blink=0
[2026-05-06 19:28:36.260] schedule_summary_tick took 26.3ms | second_changed=1 blink=0
[2026-05-06 19:28:37.254] schedule_summary_tick took 23.6ms | second_changed=1 blink=0
[2026-05-06 19:28:38.253] schedule_summary_tick took 26.2ms | second_changed=1 blink=0
[2026-05-06 19:28:39.262] schedule_summary_tick took 27.9ms | second_changed=1 blink=0
[2026-05-06 19:28:40.250] schedule_summary_tick took 24.6ms | second_changed=1 blink=0
[2026-05-06 19:28:41.248] schedule_summary_tick took 23.1ms | second_changed=1 blink=0
[2026-05-06 19:28:42.252] schedule_summary_tick took 24.4ms | second_changed=1 blink=0
[2026-05-06 19:28:43.260] schedule_summary_tick took 28.6ms | second_changed=1 blink=0
[2026-05-06 19:28:44.265] schedule_summary_tick took 31.6ms | second_changed=1 blink=0
[2026-05-06 19:28:45.256] schedule_summary_tick took 29.3ms | second_changed=1 blink=0
[2026-05-06 19:28:46.253] schedule_summary_tick took 25.2ms | second_changed=1 blink=0
[2026-05-06 19:28:47.253] schedule_summary_tick took 23.3ms | second_changed=1 blink=0
[2026-05-06 19:28:48.249] schedule_summary_tick took 28.2ms | second_changed=1 blink=0
[2026-05-06 19:28:49.247] schedule_summary_tick took 25.3ms | second_changed=1 blink=0
[2026-05-06 19:28:50.274] schedule_summary_tick took 44.2ms | second_changed=1 blink=0
[2026-05-06 19:28:51.248] schedule_summary_tick took 26.9ms | second_changed=1 blink=0
[2026-05-06 19:28:52.249] schedule_summary_tick took 21.0ms | second_changed=1 blink=0
[2026-05-06 19:28:53.242] schedule_summary_tick took 22.1ms | second_changed=1 blink=0
[2026-05-06 19:28:54.253] schedule_summary_tick took 25.2ms | second_changed=1 blink=0
[2026-05-06 19:28:55.245] schedule_summary_tick took 22.0ms | second_changed=1 blink=0
[2026-05-06 19:28:56.245] schedule_summary_tick took 21.9ms | second_changed=1 blink=0
[2026-05-06 19:28:57.262] schedule_summary_tick took 29.8ms | second_changed=1 blink=0
[2026-05-06 19:28:58.253] schedule_summary_tick took 23.2ms | second_changed=1 blink=0
[2026-05-06 19:28:59.248] schedule_summary_tick took 24.6ms | second_changed=1 blink=0
[2026-05-06 19:29:00.262] schedule_summary_tick took 27.9ms | second_changed=1 blink=0
[2026-05-06 19:29:01.249] schedule_summary_tick took 22.0ms | second_changed=1 blink=0
[2026-05-06 19:29:02.244] schedule_summary_tick took 21.5ms | second_changed=1 blink=0
[2026-05-06 19:29:03.255] schedule_summary_tick took 23.3ms | second_changed=1 blink=0
[2026-05-06 19:29:04.243] schedule_summary_tick took 23.1ms | second_changed=1 blink=0
[2026-05-06 19:29:05.254] schedule_summary_tick took 21.9ms | second_changed=1 blink=0
[2026-05-06 19:29:06.253] schedule_summary_tick took 26.4ms | second_changed=1 blink=0
[2026-05-06 19:29:07.253] schedule_summary_tick took 24.8ms | second_changed=1 blink=0
[2026-05-06 19:29:08.249] schedule_summary_tick took 22.2ms | second_changed=1 blink=0
[2026-05-06 19:29:09.255] schedule_summary_tick took 24.9ms | second_changed=1 blink=0
[2026-05-06 19:29:10.244] schedule_summary_tick took 22.6ms | second_changed=1 blink=0
[2026-05-06 19:29:11.254] schedule_summary_tick took 23.9ms | second_changed=1 blink=0
[2026-05-06 19:29:12.251] schedule_summary_tick took 29.9ms | second_changed=1 blink=0
[2026-05-06 19:29:13.250] schedule_summary_tick took 27.1ms | second_changed=1 blink=0
[2026-05-06 19:29:14.251] schedule_summary_tick took 28.3ms | second_changed=1 blink=0
[2026-05-06 19:29:15.247] schedule_summary_tick took 25.0ms | second_changed=1 blink=0
[2026-05-06 19:29:16.251] schedule_summary_tick took 22.0ms | second_changed=1 blink=0
[2026-05-06 19:29:17.251] schedule_summary_tick took 25.6ms | second_changed=1 blink=0
[2026-05-06 19:29:18.247] schedule_summary_tick took 25.8ms | second_changed=1 blink=0
[2026-05-06 19:29:19.245] schedule_summary_tick took 23.7ms | second_changed=1 blink=0
[2026-05-06 19:29:20.248] schedule_summary_tick took 22.9ms | second_changed=1 blink=0
[2026-05-06 19:29:21.254] schedule_summary_tick took 27.5ms | second_changed=1 blink=0
[2026-05-06 19:29:22.258] schedule_summary_tick took 28.8ms | second_changed=1 blink=0
[2026-05-06 19:29:23.256] schedule_summary_tick took 23.4ms | second_changed=1 blink=0
[2026-05-06 19:29:24.253] schedule_summary_tick took 24.8ms | second_changed=1 blink=0
[2026-05-06 19:29:25.249] schedule_summary_tick took 22.1ms | second_changed=1 blink=0
[2026-05-06 19:29:26.254] schedule_summary_tick took 23.6ms | second_changed=1 blink=0
[2026-05-06 19:29:27.244] schedule_summary_tick took 21.3ms | second_changed=1 blink=0
[2026-05-06 19:29:28.254] schedule_summary_tick took 21.6ms | second_changed=1 blink=0
[2026-05-06 19:29:29.252] schedule_summary_tick took 22.6ms | second_changed=1 blink=0
[2026-05-06 19:29:30.248] schedule_summary_tick took 23.1ms | second_changed=1 blink=0
[2026-05-06 19:29:31.252] schedule_summary_tick took 32.0ms | second_changed=1 blink=0
[2026-05-06 19:29:32.248] schedule_summary_tick took 22.9ms | second_changed=1 blink=0
[2026-05-06 19:29:33.248] schedule_summary_tick took 23.3ms | second_changed=1 blink=0
[2026-05-06 19:29:34.245] schedule_summary_tick took 22.2ms | second_changed=1 blink=0
[2026-05-06 19:29:35.253] schedule_summary_tick took 28.2ms | second_changed=1 blink=0
[2026-05-06 19:29:36.245] schedule_summary_tick took 25.4ms | second_changed=1 blink=0
[2026-05-06 19:29:37.249] schedule_summary_tick took 23.0ms | second_changed=1 blink=0
[2026-05-06 19:29:38.254] schedule_summary_tick took 23.9ms | second_changed=1 blink=0
[2026-05-06 19:29:39.278] schedule_summary_tick took 52.8ms | second_changed=1 blink=0
[2026-05-06 19:29:40.256] schedule_summary_tick took 35.2ms | second_changed=1 blink=0
[2026-05-06 19:29:41.255] schedule_summary_tick took 30.9ms | second_changed=1 blink=0
[2026-05-06 19:29:42.251] schedule_summary_tick took 28.7ms | second_changed=1 blink=0
[2026-05-06 19:29:43.284] schedule_summary_tick took 51.6ms | second_changed=1 blink=0
[2026-05-06 19:29:44.267] schedule_summary_tick took 36.4ms | second_changed=1 blink=0
[2026-05-06 19:29:45.251] schedule_summary_tick took 31.6ms | second_changed=1 blink=0
[2026-05-06 19:29:46.257] schedule_summary_tick took 28.8ms | second_changed=1 blink=0
[2026-05-06 19:29:47.248] schedule_summary_tick took 27.7ms | second_changed=1 blink=0
[2026-05-06 19:29:48.265] schedule_summary_tick took 33.0ms | second_changed=1 blink=0
[2026-05-06 19:29:49.255] schedule_summary_tick took 28.3ms | second_changed=1 blink=0
[2026-05-06 19:29:50.251] schedule_summary_tick took 29.8ms | second_changed=1 blink=0
[2026-05-06 19:29:51.248] schedule_summary_tick took 26.6ms | second_changed=1 blink=0
[2026-05-06 19:29:52.261] schedule_summary_tick took 34.2ms | second_changed=1 blink=0
[2026-05-06 19:29:53.248] schedule_summary_tick took 28.0ms | second_changed=1 blink=0
[2026-05-06 19:29:54.255] schedule_summary_tick took 26.8ms | second_changed=1 blink=0
[2026-05-06 19:29:55.250] schedule_summary_tick took 26.9ms | second_changed=1 blink=0
[2026-05-06 19:29:56.260] schedule_summary_tick took 27.6ms | second_changed=1 blink=0
[2026-05-06 19:29:57.259] schedule_summary_tick took 26.1ms | second_changed=1 blink=0
[2026-05-06 19:29:58.259] schedule_summary_tick took 32.6ms | second_changed=1 blink=0
[2026-05-06 19:29:59.262] schedule_summary_tick took 26.9ms | second_changed=1 blink=0
[2026-05-06 19:30:00.248] schedule_summary_tick took 24.8ms | second_changed=1 blink=0
[2026-05-06 19:30:01.264] schedule_summary_tick took 30.9ms | second_changed=1 blink=0
[2026-05-06 19:30:02.276] schedule_summary_tick took 40.8ms | second_changed=1 blink=0
[2026-05-06 19:30:03.256] schedule_summary_tick took 27.6ms | second_changed=1 blink=0
[2026-05-06 19:30:04.257] schedule_summary_tick took 33.2ms | second_changed=1 blink=0
[2026-05-06 19:30:05.249] schedule_summary_tick took 28.7ms | second_changed=1 blink=0
[2026-05-06 19:30:06.259] schedule_summary_tick took 25.0ms | second_changed=1 blink=0
[2026-05-06 19:30:07.251] schedule_summary_tick took 24.1ms | second_changed=1 blink=0
[2026-05-06 19:30:08.250] schedule_summary_tick took 25.6ms | second_changed=1 blink=0
[2026-05-06 19:30:09.251] schedule_summary_tick took 30.6ms | second_changed=1 blink=0
[2026-05-06 19:30:10.249] schedule_summary_tick took 24.5ms | second_changed=1 blink=0
[2026-05-06 19:30:11.252] schedule_summary_tick took 32.2ms | second_changed=1 blink=0
[2026-05-06 19:30:12.251] schedule_summary_tick took 21.3ms | second_changed=1 blink=0
[2026-05-06 19:30:13.247] schedule_summary_tick took 26.4ms | second_changed=1 blink=0
[2026-05-06 19:30:14.250] schedule_summary_tick took 24.5ms | second_changed=1 blink=0
[2026-05-06 19:30:16.241] schedule_summary_tick took 20.5ms | second_changed=1 blink=0
[2026-05-06 19:30:17.245] schedule_summary_tick took 23.4ms | second_changed=1 blink=0
[2026-05-06 19:30:19.244] schedule_summary_tick took 20.1ms | second_changed=1 blink=0
[2026-05-06 19:30:20.244] schedule_summary_tick took 21.8ms | second_changed=1 blink=0
[2026-05-06 19:30:22.246] schedule_summary_tick took 25.9ms | second_changed=1 blink=0
[2026-05-06 19:30:23.254] schedule_summary_tick took 22.4ms | second_changed=1 blink=0
[2026-05-06 19:30:24.257] schedule_summary_tick took 27.0ms | second_changed=1 blink=0
[2026-05-06 19:30:25.256] schedule_summary_tick took 27.9ms | second_changed=1 blink=0
[2026-05-06 19:30:26.248] schedule_summary_tick took 26.9ms | second_changed=1 blink=0
[2026-05-06 19:30:27.261] schedule_summary_tick took 31.1ms | second_changed=1 blink=0
[2026-05-06 19:30:28.251] schedule_summary_tick took 26.9ms | second_changed=1 blink=0
[2026-05-06 19:30:29.262] schedule_summary_tick took 27.7ms | second_changed=1 blink=0
[2026-05-06 19:30:30.258] schedule_summary_tick took 26.8ms | second_changed=1 blink=0
[2026-05-06 19:30:31.262] schedule_summary_tick took 29.2ms | second_changed=1 blink=0
[2026-05-06 19:30:32.250] schedule_summary_tick took 20.4ms | second_changed=1 blink=0
[2026-05-06 19:30:33.255] schedule_summary_tick took 28.7ms | second_changed=1 blink=0
[2026-05-06 19:30:38.260] schedule_summary_tick took 28.2ms | second_changed=1 blink=0
[2026-05-06 19:30:39.261] schedule_summary_tick took 34.7ms | second_changed=1 blink=0
[2026-05-06 19:30:40.251] schedule_summary_tick took 25.0ms | second_changed=1 blink=0
[2026-05-06 19:30:46.251] schedule_summary_tick took 27.3ms | second_changed=1 blink=0
[2026-05-06 19:30:47.252] schedule_summary_tick took 32.6ms | second_changed=1 blink=0
[2026-05-06 19:30:48.253] schedule_summary_tick took 21.8ms | second_changed=1 blink=0
[2026-05-06 19:30:49.240] schedule_summary_tick took 20.8ms | second_changed=1 blink=0
[2026-05-06 19:30:50.251] schedule_summary_tick took 29.5ms | second_changed=1 blink=0
[2026-05-06 19:30:52.249] schedule_summary_tick took 27.9ms | second_changed=1 blink=0
[2026-05-06 19:30:53.240] schedule_summary_tick took 20.6ms | second_changed=1 blink=0
[2026-05-06 19:30:54.251] schedule_summary_tick took 27.6ms | second_changed=1 blink=0
[2026-05-06 19:30:55.251] schedule_summary_tick took 22.6ms | second_changed=1 blink=0
[2026-05-06 19:30:57.255] schedule_summary_tick took 24.3ms | second_changed=1 blink=0
[2026-05-06 19:30:58.246] schedule_summary_tick took 20.7ms | second_changed=1 blink=0
[2026-05-06 19:30:59.257] schedule_summary_tick took 22.7ms | second_changed=1 blink=0
[2026-05-06 19:31:00.250] schedule_summary_tick took 21.9ms | second_changed=1 blink=0
[2026-05-06 19:31:01.282] schedule_summary_tick took 49.0ms | second_changed=1 blink=0
[2026-05-06 19:31:03.241] schedule_summary_tick took 21.0ms | second_changed=1 blink=0
[2026-05-06 19:31:04.252] schedule_summary_tick took 23.0ms | second_changed=1 blink=0
[2026-05-06 19:31:05.241] schedule_summary_tick took 20.3ms | second_changed=1 blink=0
[2026-05-06 19:31:07.257] schedule_summary_tick took 24.9ms | second_changed=1 blink=0
[2026-05-06 19:31:10.252] schedule_summary_tick took 22.2ms | second_changed=1 blink=0
[2026-05-06 19:31:11.244] schedule_summary_tick took 20.2ms | second_changed=1 blink=0
[2026-05-06 19:31:13.247] schedule_summary_tick took 25.3ms | second_changed=1 blink=0
[2026-05-06 19:31:17.253] schedule_summary_tick took 21.9ms | second_changed=1 blink=0
[2026-05-06 19:31:18.244] schedule_summary_tick took 20.7ms | second_changed=1 blink=0
[2026-05-06 19:31:20.252] schedule_summary_tick took 20.3ms | second_changed=1 blink=0
[2026-05-06 19:31:21.257] schedule_summary_tick took 20.8ms | second_changed=1 blink=0
[2026-05-06 19:31:22.252] schedule_summary_tick took 21.1ms | second_changed=1 blink=0
[2026-05-06 19:31:23.250] schedule_summary_tick took 24.7ms | second_changed=1 blink=0
[2026-05-06 19:31:24.251] schedule_summary_tick took 21.3ms | second_changed=1 blink=0
[2026-05-06 19:31:25.257] schedule_summary_tick took 31.5ms | second_changed=1 blink=0
[2026-05-06 19:31:26.241] schedule_summary_tick took 20.1ms | second_changed=1 blink=0
[2026-05-06 19:31:27.252] schedule_summary_tick took 28.1ms | second_changed=1 blink=0
[2026-05-06 19:31:28.256] schedule_summary_tick took 20.2ms | second_changed=1 blink=0
[2026-05-06 19:31:30.242] schedule_summary_tick took 21.1ms | second_changed=1 blink=0
[2026-05-06 19:31:31.246] schedule_summary_tick took 20.3ms | second_changed=1 blink=0
[2026-05-06 19:31:33.255] schedule_summary_tick took 21.6ms | second_changed=1 blink=0
[2026-05-06 19:31:35.263] schedule_summary_tick took 32.4ms | second_changed=1 blink=0
[2026-05-06 19:31:36.243] schedule_summary_tick took 20.0ms | second_changed=1 blink=0
[2026-05-06 19:31:37.256] schedule_summary_tick took 24.2ms | second_changed=1 blink=0
[2026-05-06 19:31:38.254] schedule_summary_tick took 26.8ms | second_changed=1 blink=0
[2026-05-06 19:31:39.260] schedule_summary_tick took 27.4ms | second_changed=1 blink=0
[2026-05-06 19:31:41.253] schedule_summary_tick took 20.5ms | second_changed=1 blink=0
[2026-05-06 19:31:42.251] schedule_summary_tick took 20.1ms | second_changed=1 blink=0
[2026-05-06 19:31:45.252] schedule_summary_tick took 21.0ms | second_changed=1 blink=0
[2026-05-06 19:31:47.259] schedule_summary_tick took 29.5ms | second_changed=1 blink=0
[2026-05-06 19:31:48.249] schedule_summary_tick took 25.7ms | second_changed=1 blink=0
[2026-05-06 19:31:49.254] schedule_summary_tick took 23.0ms | second_changed=1 blink=0
[2026-05-06 19:31:50.250] schedule_summary_tick took 22.4ms | second_changed=1 blink=0
[2026-05-06 19:31:51.248] schedule_summary_tick took 26.8ms | second_changed=1 blink=0
[2026-05-06 19:31:52.259] schedule_summary_tick took 36.7ms | second_changed=1 blink=0
[2026-05-06 19:31:53.248] schedule_summary_tick took 23.0ms | second_changed=1 blink=0
[2026-05-06 19:31:54.246] schedule_summary_tick took 26.1ms | second_changed=1 blink=0
[2026-05-06 19:31:55.256] schedule_summary_tick took 30.1ms | second_changed=1 blink=0
[2026-05-06 19:31:56.256] schedule_summary_tick took 30.6ms | second_changed=1 blink=0
[2026-05-06 19:31:57.248] schedule_summary_tick took 23.4ms | second_changed=1 blink=0
[2026-05-06 19:31:58.243] schedule_summary_tick took 20.0ms | second_changed=1 blink=0
[2026-05-06 19:31:59.246] schedule_summary_tick took 21.3ms | second_changed=1 blink=0
[2026-05-06 19:32:00.242] schedule_summary_tick took 21.0ms | second_changed=1 blink=0
[2026-05-06 19:32:01.254] schedule_summary_tick took 21.1ms | second_changed=1 blink=0
[2026-05-06 19:32:02.249] schedule_summary_tick took 22.3ms | second_changed=1 blink=0
[2026-05-06 19:32:07.243] schedule_summary_tick took 22.0ms | second_changed=1 blink=0
[2026-05-06 19:32:08.250] schedule_summary_tick took 20.6ms | second_changed=1 blink=0
[2026-05-06 19:32:09.246] schedule_summary_tick took 21.0ms | second_changed=1 blink=0
[2026-05-06 19:32:10.259] schedule_summary_tick took 23.4ms | second_changed=1 blink=0
[2026-05-06 19:32:11.259] schedule_summary_tick took 27.2ms | second_changed=1 blink=0
[2026-05-06 19:32:12.249] schedule_summary_tick took 23.4ms | second_changed=1 blink=0
[2026-05-06 19:32:13.242] schedule_summary_tick took 22.0ms | second_changed=1 blink=0
[2026-05-06 19:32:14.253] schedule_summary_tick took 24.2ms | second_changed=1 blink=0
[2026-05-06 19:32:15.247] schedule_summary_tick took 23.2ms | second_changed=1 blink=0
[2026-05-06 19:32:16.254] schedule_summary_tick took 21.5ms | second_changed=1 blink=0
[2026-05-06 19:32:17.252] schedule_summary_tick took 21.2ms | second_changed=1 blink=0
[2026-05-06 19:32:18.249] schedule_summary_tick took 25.1ms | second_changed=1 blink=0
[2026-05-06 19:32:19.258] schedule_summary_tick took 22.8ms | second_changed=1 blink=0
[2026-05-06 19:32:21.250] schedule_summary_tick took 21.5ms | second_changed=1 blink=0
[2026-05-06 19:32:22.244] schedule_summary_tick took 21.1ms | second_changed=1 blink=0
[2026-05-06 19:32:24.243] schedule_summary_tick took 20.4ms | second_changed=1 blink=0
[2026-05-06 19:32:25.260] schedule_summary_tick took 27.4ms | second_changed=1 blink=0
[2026-05-06 19:32:26.241] schedule_summary_tick took 21.2ms | second_changed=1 blink=0
[2026-05-06 19:32:27.248] schedule_summary_tick took 21.0ms | second_changed=1 blink=0
[2026-05-06 19:32:28.246] schedule_summary_tick took 21.5ms | second_changed=1 blink=0
[2026-05-06 19:32:29.256] schedule_summary_tick took 20.8ms | second_changed=1 blink=0
[2026-05-06 19:32:30.248] schedule_summary_tick took 21.2ms | second_changed=1 blink=0
[2026-05-06 19:32:32.258] schedule_summary_tick took 25.8ms | second_changed=1 blink=0
[2026-05-06 19:32:33.250] schedule_summary_tick took 22.1ms | second_changed=1 blink=0
[2026-05-06 19:32:34.241] schedule_summary_tick took 20.9ms | second_changed=1 blink=0
[2026-05-06 19:32:35.253] schedule_summary_tick took 20.5ms | second_changed=1 blink=0
[2026-05-06 19:32:36.243] schedule_summary_tick took 20.2ms | second_changed=1 blink=0
[2026-05-06 19:32:37.243] schedule_summary_tick took 23.3ms | second_changed=1 blink=0
[2026-05-06 19:32:38.248] schedule_summary_tick took 21.0ms | second_changed=1 blink=0
[2026-05-06 19:32:39.260] schedule_summary_tick took 25.3ms | second_changed=1 blink=0
[2026-05-06 19:32:40.261] schedule_summary_tick took 28.7ms | second_changed=1 blink=0
[2026-05-06 19:32:41.243] schedule_summary_tick took 23.1ms | second_changed=1 blink=0
[2026-05-06 19:32:42.247] schedule_summary_tick took 21.2ms | second_changed=1 blink=0
[2026-05-06 19:32:43.247] schedule_summary_tick took 25.4ms | second_changed=1 blink=0
[2026-05-06 19:32:44.256] schedule_summary_tick took 25.4ms | second_changed=1 blink=0
[2026-05-06 19:32:46.246] schedule_summary_tick took 21.2ms | second_changed=1 blink=0
[2026-05-06 19:32:47.254] schedule_summary_tick took 25.1ms | second_changed=1 blink=0
[2026-05-06 19:32:48.251] schedule_summary_tick took 23.5ms | second_changed=1 blink=0
[2026-05-06 19:32:49.246] schedule_summary_tick took 21.9ms | second_changed=1 blink=0
[2026-05-06 19:32:50.242] schedule_summary_tick took 22.1ms | second_changed=1 blink=0
[2026-05-06 19:32:52.259] schedule_summary_tick took 24.9ms | second_changed=1 blink=0
[2026-05-06 19:32:53.246] schedule_summary_tick took 20.3ms | second_changed=1 blink=0
[2026-05-06 19:32:54.246] schedule_summary_tick took 23.6ms | second_changed=1 blink=0
[2026-05-06 19:32:55.262] schedule_summary_tick took 28.2ms | second_changed=1 blink=0
[2026-05-06 19:32:56.258] schedule_summary_tick took 26.6ms | second_changed=1 blink=0
[2026-05-06 19:32:57.248] schedule_summary_tick took 24.6ms | second_changed=1 blink=0
[2026-05-06 19:32:58.266] schedule_summary_tick took 35.7ms | second_changed=1 blink=0
[2026-05-06 19:32:59.257] schedule_summary_tick took 32.2ms | second_changed=1 blink=0
[2026-05-06 19:33:00.244] schedule_summary_tick took 21.1ms | second_changed=1 blink=0
[2026-05-06 19:33:01.241] schedule_summary_tick took 20.9ms | second_changed=1 blink=0
[2026-05-06 19:33:02.260] schedule_summary_tick took 31.4ms | second_changed=1 blink=0
[2026-05-06 19:33:05.248] schedule_summary_tick took 21.3ms | second_changed=1 blink=0
[2026-05-06 19:33:06.253] schedule_summary_tick took 29.3ms | second_changed=1 blink=0
[2026-05-06 19:33:08.246] schedule_summary_tick took 23.3ms | second_changed=1 blink=0
