[2026-05-06 21:51:31] mode=ocr2
[이미지 1] area=요툰하임 base=21:51:10
  ocr2 fixed=1600x900 window=176,190,1410,709 area=요툰하임 best=요툰하임 final=요툰하임 reason=fixed_full_name_2plus highlight=- fixed_tab=- def=337 def_boss=4 slot_match=3 slot_strong=3 slot_full=3 base=21:51:10 diag=ok=1 err=- img=1474887 src=1600x900 ocr=1600x900 lines=37 words=78 text=257
  slot 1 파르바 [TIMED] [words_split_digits]=3시간 59분 ; segments=0 | 3 | 시간 | 59 | = | - | 남음 -> merged_digits='03 시간 59 = - 남음' ; prefix_noise='3시간 59 = -' -> '3시간 59분' (repair_noisy_hour_minute) / direct_parse='3시간 59분' => 01:50 파르바 / 현재=21:51:10 / 남은시간=3시간 59분 / 계산=01:50 / warnings=MULTI_TIMER_IN_SLOT
  slot 2 흐니르 [TIMED] [words_split_digits]=1시간 52분 ; segments=0 | 1 | 시간 | 52 | = | 남음 -> merged_digits='01 시간 52 = 남음' ; prefix_noise='1시간 52 =' -> '1시간 52분' (repair_noisy_hour_minute) / direct_parse='1시간 52분' => 23:43 흐니르 / 현재=21:51:10 / 남은시간=1시간 52분 / 계산=23:43 / warnings=MULTI_TIMER_IN_SLOT
  slot 3 바우티 [TIMED] [words_split_digits]=3시간 21분 ; segments=0 | 3 | 시간 | 21 | 분 | 남음 -> merged_digits='03 시간 21 분 남음' ; prefix_noise='3시간 21 분' -> '3시간 21분' (repair_noisy_hour_minute) / direct_parse='3시간 21분' => 01:12 바우티 / 현재=21:51:10 / 남은시간=3시간 21분 / 계산=01:12 / warnings=MULTI_TIMER_IN_SLOT
  slot 4 야른 [TIMED] [words_compact]=2시간 14분 ; segments=0 | 2시간 | 14분 | 남음 -> compact='02시간14분남음' ; prefix_noise='2시간14분' -> '2시간 14분' (repair_noisy_hour_minute) / direct_parse='2시간 14분' => 00:05 야른 / 현재=21:51:10 / 남은시간=2시간 14분 / 계산=00:05 / warnings=MULTI_TIMER_IN_SLOT
  slot 5 셀로비아 [TIMED] [words_compact]=3시간 48분 ; segments=0 | 3시간 | 48분 | 남음 -> compact='03시간48분남음' ; prefix_noise='3시간48분' -> '3시간 48분' (repair_noisy_hour_minute) / direct_parse='3시간 48분' => 01:39 셀로비아 / 현재=21:51:10 / 남은시간=3시간 48분 / 계산=01:39 / warnings=MULTI_TIMER_IN_SLOT
  slot 6 페티 [TIMED] [words_split_digits]=1시간 20분 ; segments=0 | 1 | 시간 | 20 | = | - | 남음 -> merged_digits='01 시간 20 = - 남음' ; prefix_noise='1시간 20 = -' -> '1시간 20분' (repair_noisy_hour_minute) / direct_parse='1시간 20분' => 23:11 페티 / 현재=21:51:10 / 남은시간=1시간 20분 / 계산=23:11 / warnings=MULTI_TIMER_IN_SLOT
  slot 7 니드호그 [TIMED] [words]=2시간 52분 ; segments=0 | 2시간 | 52 | = | 남음 -> spaced='0 2시간 52 = 남음' ; prefix_noise='2시간 52 =' -> '2시간 52분' (repair_noisy_hour_minute) / direct_parse='2시간 52분' => 00:43 니드호그 / 현재=21:51:10 / 남은시간=2시간 52분 / 계산=00:43 / warnings=MULTI_TIMER_IN_SLOT
  slot 8 티르 [ACTIVE] [line]=출현 중 ; line='0 출현 중' ; presence_detected => 티르 출현 중 / 현재=21:51:10 / 남은시간=출현 중 / 계산=- / warnings=MULTI_TIMER_IN_SLOT

[2026-05-06 21:51:39] mode=ocr
[이미지 1] area=요툰하임 base=21:51:10
  ocr window=0,164,1600,730 area=요툰하임 best=요툰하임 reason=fixed_full_name_2plus highlight=- top=0 def=337 def_terms=4 def_boss=4 slot_exact=6 slot_boss=6 slot_match=3 slot_strong=3 slot_full=3 exact_boss=8 boss=10 grid=8 empty=0 base=21:51:10 diag=ok=1 err=- img=1474887 src=1600x900 ocr=1600x900 lines=37 words=78 text=257
  slot 1 파르바 [TIMED] [card_words_group_merge]=3시간 59분 ; card_segments=침략자 | 0 | 3 | 시간 | 59 | = | - | 남음 -> merged_spaced='침략자 0 3 시간 59 = - 남음' ; prefix_noise='침략자 0 3 시간 59 = -' -> '침략자 0 3시간 59 = -' / unit_inferred=3시간 59분 (repair_pair:3시간->59분, skip_leading_zero) / direct_parse='3시간 59분' => 01:50 파르바 / 현재=21:51:10 / 남은시간=3시간 59분 / 계산=01:50 / warnings=MULTI_TIMER_IN_SLOT
  slot 2 흐니르 [TIMED] [words_split_digits]=1시간 52분 ; segments=0 | 1 | 시간 | 52 | = | 남음 -> merged_digits='01 시간 52 = 남음' ; prefix_noise='1시간 52 =' -> '1시간 52분' (repair_noisy_hour_minute) / direct_parse='1시간 52분' => 23:43 흐니르 / 현재=21:51:10 / 남은시간=1시간 52분 / 계산=23:43 / warnings=MULTI_TIMER_IN_SLOT
  slot 3 바우티 [TIMED] [card_words_group_merge]=3시간 21분 ; card_segments=3 | 시간 | 21 | 분 | 남음 | 0 -> merged_spaced='3 시간 21 분 남음 0' ; prefix_noise='3 시간 21 분 0' -> '3시간 21분' (repair_noisy_hour_minute) / direct_parse='3시간 21분' => 01:12 바우티 / 현재=21:51:10 / 남은시간=3시간 21분 / 계산=01:12 / warnings=MULTI_TIMER_IN_SLOT
  slot 4 야른 [TIMED] [words_compact]=2시간 14분 ; segments=2시간 | 14분 | 남음 -> compact='2시간14분남음' ; prefix_noise='2시간14분' -> '2시간 14분' (repair_noisy_hour_minute) / direct_parse='2시간 14분' => 00:05 야른 / 현재=21:51:10 / 남은시간=2시간 14분 / 계산=00:05 / warnings=MULTI_TIMER_IN_SLOT
  slot 5 셀로비아 [TIMED] [words_compact]=3시간 48분 ; segments=0 | 3시간 | 48분 | 남음 -> compact='03시간48분남음' ; prefix_noise='3시간48분' -> '3시간 48분' (repair_noisy_hour_minute) / direct_parse='3시간 48분' => 01:39 셀로비아 / 현재=21:51:10 / 남은시간=3시간 48분 / 계산=01:39 / warnings=MULTI_TIMER_IN_SLOT
  slot 6 페티 [TIMED] [words_split_digits]=1시간 20분 ; segments=0 | 1 | 시간 | 20 | = | 남음 -> merged_digits='01 시간 20 = 남음' ; prefix_noise='1시간 20 =' -> '1시간 20분' (repair_noisy_hour_minute) / direct_parse='1시간 20분' => 23:11 페티 / 현재=21:51:10 / 남은시간=1시간 20분 / 계산=23:11 / warnings=MULTI_TIMER_IN_SLOT
  slot 7 니드호그 [TIMED] [words_group_merge]=2시간 52분 ; segments=2시간 | 52 | = | 남음 | 0 -> merged_spaced='2시간 52 = 남음 0' ; prefix_noise='2시간 52 = 0' -> '2시간 52분' (repair_noisy_hour_minute) / direct_parse='2시간 52분' => 00:43 니드호그 / 현재=21:51:10 / 남은시간=2시간 52분 / 계산=00:43 / warnings=MULTI_TIMER_IN_SLOT
  slot 8 티르 [TIMED] [card_words]=0 ; card_segments=0 -> spaced='0' ; drop_lone_zero / numbers=[0] / minute_only=0분(score=66) / second_only=0초(score=40) / hour_only=0시간(score=28) / numeric_fallback='0' => 21:51 티르 / 현재=21:51:10 / 남은시간=0분 / 계산=21:51 / warnings=MULTI_TIMER_IN_SLOT, 단위 없는 숫자 OCR, 장주기 보스 단위 없는 숫자 확인 필요

[2026-05-06 21:52:18] mode=ocr2
[이미지 1] area=요툰하임 base=21:52:12
  ocr2 fixed=1600x900 window=176,190,1410,709 area=요툰하임 best=요툰하임 final=요툰하임 reason=fixed_full_name_2plus highlight=- fixed_tab=- def=337 def_boss=4 slot_match=3 slot_strong=3 slot_full=3 base=21:52:12 diag=ok=1 err=- img=1481014 src=1600x900 ocr=1600x900 lines=37 words=74 text=239
  slot 1 파르바 [TIMED] [words_split_digits]=3시간 58분 ; segments=0 | 3 | 시간 | 58 | = | 남음 -> merged_digits='03 시간 58 = 남음' ; prefix_noise='3시간 58 =' -> '3시간 58분' (repair_noisy_hour_minute) / direct_parse='3시간 58분' => 01:50 파르바 / 현재=21:52:12 / 남은시간=3시간 58분 / 계산=01:50 / warnings=MULTI_TIMER_IN_SLOT
  slot 2 흐니르 [TIMED] [words_split_digits]=1시간 51분 ; segments=0 | 1 | 시간 | 51 | 분 | 남음 -> merged_digits='01 시간 51 분 남음' ; prefix_noise='1시간 51 분' -> '1시간 51분' (repair_noisy_hour_minute) / direct_parse='1시간 51분' => 23:43 흐니르 / 현재=21:52:12 / 남은시간=1시간 51분 / 계산=23:43 / warnings=MULTI_TIMER_IN_SLOT
  slot 3 바우티 [TIMED] [words_split_digits]=3시간 20분 ; segments=0 | 3 | 시간 | 20 | = | - | 남음 -> merged_digits='03 시간 20 = - 남음' ; prefix_noise='3시간 20 = -' -> '3시간 20분' (repair_noisy_hour_minute) / direct_parse='3시간 20분' => 01:12 바우티 / 현재=21:52:12 / 남은시간=3시간 20분 / 계산=01:12 / warnings=MULTI_TIMER_IN_SLOT
  slot 4 야른 [TIMED] [words]=2시간 13분 ; segments=0 | 2시간 | 13 | 분 | 남음 -> spaced='0 2시간 13 분 남음' ; prefix_noise='2시간 13 분' -> '2시간 13분' (repair_noisy_hour_minute) / direct_parse='2시간 13분' => 00:05 야른 / 현재=21:52:12 / 남은시간=2시간 13분 / 계산=00:05 / warnings=MULTI_TIMER_IN_SLOT
  slot 5 셀로비아 [TIMED] [words_split_digits]=3시간 47분 ; segments=0 | 3 | 시간 | 47 | = | - | 남음 -> merged_digits='03 시간 47 = - 남음' ; prefix_noise='3시간 47 = -' -> '3시간 47분' (repair_noisy_hour_minute) / direct_parse='3시간 47분' => 01:39 셀로비아 / 현재=21:52:12 / 남은시간=3시간 47분 / 계산=01:39 / warnings=MULTI_TIMER_IN_SLOT
  slot 6 페티 [TIMED] [words_split_digits]=1시간 19분 ; segments=0 | 1 | 시간 | 19 | = | - | 남음 -> merged_digits='01 시간 19 = - 남음' ; prefix_noise='1시간 19 = -' -> '1시간 19분' (repair_noisy_hour_minute) / direct_parse='1시간 19분' => 23:11 페티 / 현재=21:52:12 / 남은시간=1시간 19분 / 계산=23:11 / warnings=MULTI_TIMER_IN_SLOT
  slot 7 니드호그 [TIMED] [words]=2시간 51분 ; segments=0 | 2시간 | 51 | 분 | 남음 -> spaced='0 2시간 51 분 남음' ; prefix_noise='2시간 51 분' -> '2시간 51분' (repair_noisy_hour_minute) / direct_parse='2시간 51분' => 00:43 니드호그 / 현재=21:52:12 / 남은시간=2시간 51분 / 계산=00:43 / warnings=MULTI_TIMER_IN_SLOT
  slot 8 티르 [ACTIVE] [line]=출현 중 ; line='0 출현 중' ; presence_detected => 티르 출현 중 / 현재=21:52:12 / 남은시간=출현 중 / 계산=- / warnings=MULTI_TIMER_IN_SLOT

[2026-05-06 21:52:25] mode=ocr
[이미지 1] area=요툰하임 base=21:52:12
  ocr window=0,164,1600,730 area=요툰하임 best=요툰하임 reason=fixed_full_name_2plus highlight=- top=0 def=337 def_terms=4 def_boss=4 slot_exact=6 slot_boss=6 slot_match=3 slot_strong=3 slot_full=3 exact_boss=8 boss=10 grid=8 empty=0 base=21:52:12 diag=ok=1 err=- img=1481014 src=1600x900 ocr=1600x900 lines=37 words=74 text=239
  slot 1 파르바 [TIMED] [words_group_merge]=3시간 58분 ; segments=대륙 | 침략자 | 0 | 3 | 시간 | 58 | = | 남음 -> merged_spaced='대륙 침략자 0 3 시간 58 = 남음' ; prefix_noise='대륙 침략자 0 3 시간 58 =' -> '대륙 침략자 0 3시간 58 =' / unit_inferred=3시간 58분 (repair_pair:3시간->58분, skip_leading_zero) / direct_parse='3시간 58분' => 01:50 파르바 / 현재=21:52:12 / 남은시간=3시간 58분 / 계산=01:50 / warnings=MULTI_TIMER_IN_SLOT
  slot 2 흐니르 [TIMED] [words_split_digits]=1시간 51분 ; segments=0 | 1 | 시간 | 51 | 분 | 남음 -> merged_digits='01 시간 51 분 남음' ; prefix_noise='1시간 51 분' -> '1시간 51분' (repair_noisy_hour_minute) / direct_parse='1시간 51분' => 23:43 흐니르 / 현재=21:52:12 / 남은시간=1시간 51분 / 계산=23:43 / warnings=MULTI_TIMER_IN_SLOT
  slot 3 바우티 [TIMED] [card_words_group_merge]=3시간 20분 ; card_segments=3 | 시간 | 20 | = | - | 남음 | 0 -> merged_spaced='3 시간 20 = - 남음 0' ; prefix_noise='3 시간 20 = - 0' -> '3시간 20분' (repair_noisy_hour_minute) / direct_parse='3시간 20분' => 01:12 바우티 / 현재=21:52:12 / 남은시간=3시간 20분 / 계산=01:12 / warnings=MULTI_TIMER_IN_SLOT
  slot 4 야른 [TIMED] [words_compact]=2시간 13분 ; segments=2시간 | 13 | 분 | 남음 -> compact='2시간13분남음' ; prefix_noise='2시간13분' -> '2시간 13분' (repair_noisy_hour_minute) / direct_parse='2시간 13분' => 00:05 야른 / 현재=21:52:12 / 남은시간=2시간 13분 / 계산=00:05 / warnings=MULTI_TIMER_IN_SLOT
  slot 5 셀로비아 [TIMED] [words_split_digits]=3시간 47분 ; segments=0 | 3 | 시간 | 47 | = | 남음 -> merged_digits='03 시간 47 = 남음' ; prefix_noise='3시간 47 =' -> '3시간 47분' (repair_noisy_hour_minute) / direct_parse='3시간 47분' => 01:39 셀로비아 / 현재=21:52:12 / 남은시간=3시간 47분 / 계산=01:39 / warnings=MULTI_TIMER_IN_SLOT
  slot 6 페티 [TIMED] [words_split_digits]=1시간 19분 ; segments=0 | 1 | 시간 | 19 | = | 남음 -> merged_digits='01 시간 19 = 남음' ; prefix_noise='1시간 19 =' -> '1시간 19분' (repair_noisy_hour_minute) / direct_parse='1시간 19분' => 23:11 페티 / 현재=21:52:12 / 남은시간=1시간 19분 / 계산=23:11 / warnings=MULTI_TIMER_IN_SLOT
  slot 7 니드호그 [TIMED] [words_group_merge]=2시간 51분 ; segments=2시간 | 51 | 분 | 남음 | 0 -> merged_spaced='2시간 51 분 남음 0' ; prefix_noise='2시간 51 분 0' -> '2시간 51분' (repair_noisy_hour_minute) / direct_parse='2시간 51분' => 00:43 니드호그 / 현재=21:52:12 / 남은시간=2시간 51분 / 계산=00:43 / warnings=MULTI_TIMER_IN_SLOT
  slot 8 티르 [TIMED] [card_words]=0 ; card_segments=0 -> spaced='0' ; drop_lone_zero / numbers=[0] / minute_only=0분(score=66) / second_only=0초(score=40) / hour_only=0시간(score=28) / numeric_fallback='0' => 21:52 티르 / 현재=21:52:12 / 남은시간=0분 / 계산=21:52 / warnings=MULTI_TIMER_IN_SLOT, 단위 없는 숫자 OCR, 장주기 보스 단위 없는 숫자 확인 필요

[2026-05-06 21:53:54] mode=ocr
[이미지 1] area=요툰하임 base=21:52:12
  ocr window=0,164,1600,730 area=요툰하임 best=요툰하임 reason=fixed_full_name_2plus highlight=- top=0 def=337 def_terms=4 def_boss=4 slot_exact=6 slot_boss=6 slot_match=3 slot_strong=3 slot_full=3 exact_boss=8 boss=10 grid=8 empty=0 base=21:52:12 diag=ok=1 err=- img=1481014 src=1600x900 ocr=1600x900 lines=37 words=74 text=239
  slot 1 파르바 [TIMED] [words_group_merge]=3시간 58분 ; segments=대륙 | 침략자 | 0 | 3 | 시간 | 58 | = | 남음 -> merged_spaced='대륙 침략자 0 3 시간 58 = 남음' ; prefix_noise='대륙 침략자 0 3 시간 58 =' -> '대륙 침략자 0 3시간 58 =' / unit_inferred=3시간 58분 (repair_pair:3시간->58분, skip_leading_zero) / direct_parse='3시간 58분' => 01:50 파르바 / 현재=21:52:12 / 남은시간=3시간 58분 / 계산=01:50 / warnings=MULTI_TIMER_IN_SLOT
  slot 2 흐니르 [TIMED] [words_split_digits]=1시간 51분 ; segments=0 | 1 | 시간 | 51 | 분 | 남음 -> merged_digits='01 시간 51 분 남음' ; prefix_noise='1시간 51 분' -> '1시간 51분' (repair_noisy_hour_minute) / direct_parse='1시간 51분' => 23:43 흐니르 / 현재=21:52:12 / 남은시간=1시간 51분 / 계산=23:43 / warnings=MULTI_TIMER_IN_SLOT
  slot 3 바우티 [TIMED] [card_words_group_merge]=3시간 20분 ; card_segments=3 | 시간 | 20 | = | - | 남음 | 0 -> merged_spaced='3 시간 20 = - 남음 0' ; prefix_noise='3 시간 20 = - 0' -> '3시간 20분' (repair_noisy_hour_minute) / direct_parse='3시간 20분' => 01:12 바우티 / 현재=21:52:12 / 남은시간=3시간 20분 / 계산=01:12 / warnings=MULTI_TIMER_IN_SLOT
  slot 4 야른 [TIMED] [words_compact]=2시간 13분 ; segments=2시간 | 13 | 분 | 남음 -> compact='2시간13분남음' ; prefix_noise='2시간13분' -> '2시간 13분' (repair_noisy_hour_minute) / direct_parse='2시간 13분' => 00:05 야른 / 현재=21:52:12 / 남은시간=2시간 13분 / 계산=00:05 / warnings=MULTI_TIMER_IN_SLOT
  slot 5 셀로비아 [TIMED] [words_split_digits]=3시간 47분 ; segments=0 | 3 | 시간 | 47 | = | 남음 -> merged_digits='03 시간 47 = 남음' ; prefix_noise='3시간 47 =' -> '3시간 47분' (repair_noisy_hour_minute) / direct_parse='3시간 47분' => 01:39 셀로비아 / 현재=21:52:12 / 남은시간=3시간 47분 / 계산=01:39 / warnings=MULTI_TIMER_IN_SLOT
  slot 6 페티 [TIMED] [words_split_digits]=1시간 19분 ; segments=0 | 1 | 시간 | 19 | = | 남음 -> merged_digits='01 시간 19 = 남음' ; prefix_noise='1시간 19 =' -> '1시간 19분' (repair_noisy_hour_minute) / direct_parse='1시간 19분' => 23:11 페티 / 현재=21:52:12 / 남은시간=1시간 19분 / 계산=23:11 / warnings=MULTI_TIMER_IN_SLOT
  slot 7 니드호그 [TIMED] [words_group_merge]=2시간 51분 ; segments=2시간 | 51 | 분 | 남음 | 0 -> merged_spaced='2시간 51 분 남음 0' ; prefix_noise='2시간 51 분 0' -> '2시간 51분' (repair_noisy_hour_minute) / direct_parse='2시간 51분' => 00:43 니드호그 / 현재=21:52:12 / 남은시간=2시간 51분 / 계산=00:43 / warnings=MULTI_TIMER_IN_SLOT
  slot 8 티르 [TIMED] [card_words]=0 ; card_segments=0 -> spaced='0' ; drop_lone_zero / numbers=[0] / minute_only=0분(score=66) / second_only=0초(score=40) / hour_only=0시간(score=28) / numeric_fallback='0' => 21:52 티르 / 현재=21:52:12 / 남은시간=0분 / 계산=21:52 / warnings=MULTI_TIMER_IN_SLOT, 단위 없는 숫자 OCR, 장주기 보스 단위 없는 숫자 확인 필요

[2026-05-06 21:56:46] mode=ocr2
[이미지 1] area=요툰하임 base=21:56:40
  ocr2 fixed=1600x900 window=176,190,1410,709 area=요툰하임 best=요툰하임 final=요툰하임 reason=fixed_full_name_2plus highlight=- fixed_tab=- def=337 def_boss=4 slot_match=3 slot_strong=3 slot_full=3 base=21:56:40 diag=ok=1 err=- img=1432910 src=1600x900 ocr=1600x900 lines=37 words=78 text=256
  slot 1 파르바 [TIMED] [words_compact]=3시간 54분 ; segments=0 | 3시간 | 54분 | 남음 -> compact='03시간54분남음' ; prefix_noise='3시간54분' -> '3시간 54분' (repair_noisy_hour_minute) / direct_parse='3시간 54분' => 01:50 파르바 / 현재=21:56:40 / 남은시간=3시간 54분 / 계산=01:50 / warnings=MULTI_TIMER_IN_SLOT
  slot 2 흐니르 [TIMED] [words_split_digits]=1시간 47분 ; segments=0 | 1 | 시간 | 47 | = | - | 남음 -> merged_digits='01 시간 47 = - 남음' ; prefix_noise='1시간 47 = -' -> '1시간 47분' (repair_noisy_hour_minute) / direct_parse='1시간 47분' => 23:43 흐니르 / 현재=21:56:40 / 남은시간=1시간 47분 / 계산=23:43 / warnings=MULTI_TIMER_IN_SLOT
  slot 3 바우티 [TIMED] [words_split_digits]=3시간 15분 ; segments=0 | 3 | 시간 | 15 | 분 | 남음 -> merged_digits='03 시간 15 분 남음' ; prefix_noise='3시간 15 분' -> '3시간 15분' (repair_noisy_hour_minute) / direct_parse='3시간 15분' => 01:11 바우티 / 현재=21:56:40 / 남은시간=3시간 15분 / 계산=01:11 / warnings=MULTI_TIMER_IN_SLOT
  slot 4 야른 [TIMED] [words_compact]=2시간 8분 ; segments=0 | 2시간 | 8분 | 남음 -> compact='02시간8분남음' ; prefix_noise='2시간8분' -> '2시간 8분' (repair_noisy_hour_minute) / direct_parse='2시간 8분' => 00:04 야른 / 현재=21:56:40 / 남은시간=2시간 8분 / 계산=00:04 / warnings=MULTI_TIMER_IN_SLOT
  slot 5 셀로비아 [TIMED] [words_split_digits]=3시간 42분 ; segments=0 | 3 | 시간 | 42 | = | 남음 -> merged_digits='03 시간 42 = 남음' ; prefix_noise='3시간 42 =' -> '3시간 42분' (repair_noisy_hour_minute) / direct_parse='3시간 42분' => 01:38 셀로비아 / 현재=21:56:40 / 남은시간=3시간 42분 / 계산=01:38 / warnings=MULTI_TIMER_IN_SLOT
  slot 6 페티 [TIMED] [words_split_digits]=1시간 15분 ; segments=0 | 1 | 시간 | 15 | 분 | 남음 -> merged_digits='01 시간 15 분 남음' ; prefix_noise='1시간 15 분' -> '1시간 15분' (repair_noisy_hour_minute) / direct_parse='1시간 15분' => 23:11 페티 / 현재=21:56:40 / 남은시간=1시간 15분 / 계산=23:11 / warnings=MULTI_TIMER_IN_SLOT
  slot 7 니드호그 [TIMED] [words]=2시간 47분 ; segments=0 | 2시간 | 47 | = | - | 남음 -> spaced='0 2시간 47 = - 남음' ; prefix_noise='2시간 47 = -' -> '2시간 47분' (repair_noisy_hour_minute) / direct_parse='2시간 47분' => 00:43 니드호그 / 현재=21:56:40 / 남은시간=2시간 47분 / 계산=00:43 / warnings=MULTI_TIMER_IN_SLOT
  slot 8 티르 [ACTIVE] [line]=출현 중 ; line='0 출현 중' ; presence_detected => 티르 출현 중 / 현재=21:56:40 / 남은시간=출현 중 / 계산=- / warnings=MULTI_TIMER_IN_SLOT

[2026-05-06 21:56:53] mode=ocr
[이미지 1] area=요툰하임 base=21:56:40
  ocr window=0,164,1600,730 area=요툰하임 best=요툰하임 reason=fixed_full_name_2plus highlight=- top=0 def=337 def_terms=4 def_boss=4 slot_exact=6 slot_boss=6 slot_match=3 slot_strong=3 slot_full=3 exact_boss=8 boss=10 grid=8 empty=0 base=21:56:40 diag=ok=1 err=- img=1432910 src=1600x900 ocr=1600x900 lines=37 words=78 text=256
  slot 1 파르바 [TIMED] [card_words_group_merge_compact]=3시간 54분 ; card_segments=침략자 | 0 | 3시간 | 54분 | 남음 -> merged_compact='침략자03시간54분남음' ; unit_inferred=3시간 54분 / direct_parse='3시간 54분' => 01:50 파르바 / 현재=21:56:40 / 남은시간=3시간 54분 / 계산=01:50 / warnings=MULTI_TIMER_IN_SLOT
  slot 2 흐니르 [TIMED] [words_split_digits]=1시간 47분 ; segments=0 | 1 | 시간 | 47 | = | - | 남음 -> merged_digits='01 시간 47 = - 남음' ; prefix_noise='1시간 47 = -' -> '1시간 47분' (repair_noisy_hour_minute) / direct_parse='1시간 47분' => 23:43 흐니르 / 현재=21:56:40 / 남은시간=1시간 47분 / 계산=23:43 / warnings=MULTI_TIMER_IN_SLOT
  slot 3 바우티 [TIMED] [card_words_group_merge]=3시간 15분 ; card_segments=3 | 시간 | 15 | 분 | 남음 | 0 -> merged_spaced='3 시간 15 분 남음 0' ; prefix_noise='3 시간 15 분 0' -> '3시간 15분' (repair_noisy_hour_minute) / direct_parse='3시간 15분' => 01:11 바우티 / 현재=21:56:40 / 남은시간=3시간 15분 / 계산=01:11 / warnings=MULTI_TIMER_IN_SLOT
  slot 4 야른 [TIMED] [words_compact]=2시간 8분 ; segments=2시간 | 8분 | 남음 -> compact='2시간8분남음' ; prefix_noise='2시간8분' -> '2시간 8분' (repair_noisy_hour_minute) / direct_parse='2시간 8분' => 00:04 야른 / 현재=21:56:40 / 남은시간=2시간 8분 / 계산=00:04 / warnings=MULTI_TIMER_IN_SLOT
  slot 5 셀로비아 [TIMED] [words_split_digits]=3시간 42분 ; segments=0 | 3 | 시간 | 42 | = | 남음 -> merged_digits='03 시간 42 = 남음' ; prefix_noise='3시간 42 =' -> '3시간 42분' (repair_noisy_hour_minute) / direct_parse='3시간 42분' => 01:38 셀로비아 / 현재=21:56:40 / 남은시간=3시간 42분 / 계산=01:38 / warnings=MULTI_TIMER_IN_SLOT
  slot 6 페티 [TIMED] [words_split_digits]=1시간 15분 ; segments=0 | 1 | 시간 | 15 | 분 | 남음 -> merged_digits='01 시간 15 분 남음' ; prefix_noise='1시간 15 분' -> '1시간 15분' (repair_noisy_hour_minute) / direct_parse='1시간 15분' => 23:11 페티 / 현재=21:56:40 / 남은시간=1시간 15분 / 계산=23:11 / warnings=MULTI_TIMER_IN_SLOT
  slot 7 니드호그 [TIMED] [words_group_merge]=2시간 47분 ; segments=2시간 | 47 | = | 남음 | 0 -> merged_spaced='2시간 47 = 남음 0' ; prefix_noise='2시간 47 = 0' -> '2시간 47분' (repair_noisy_hour_minute) / direct_parse='2시간 47분' => 00:43 니드호그 / 현재=21:56:40 / 남은시간=2시간 47분 / 계산=00:43 / warnings=MULTI_TIMER_IN_SLOT
  slot 8 티르 [ACTIVE] [words]=출현 중 ; segments=출현 | 중 -> spaced='출현 중' ; presence_detected => 티르 출현 중 / 현재=21:56:40 / 남은시간=출현 중 / 계산=- / warnings=MULTI_TIMER_IN_SLOT

[2026-05-06 22:00:33] mode=ocr2
[이미지 1] area=알브하임 base=22:00:25
  ocr2 fixed=1600x900 window=176,190,1410,709 area=알브하임 best=알브하임 final=알브하임 reason=fixed_full_name_2plus highlight=- fixed_tab=- def=440 def_boss=5 slot_match=5 slot_strong=5 slot_full=5 base=22:00:25 diag=ok=1 err=- img=1263003 src=1600x900 ocr=1600x900 lines=38 words=73 text=266
  slot 1 스바르트 [TIMED] [words_compact]=14시간 14분 ; segments=0 | 14시간 | 14분 | 남음 -> compact='014시간14분남음' ; prefix_noise='14시간14분' -> '14시간 14분' (repair_noisy_hour_minute) / direct_parse='14시간 14분' => 12:14 스바르트 / 현재=22:00:25 / 남은시간=14시간 14분 / 계산=12:14 / warnings=MULTI_TIMER_IN_SLOT
  slot 2 모네가름 [TIMED] [words]=19시간 2분 ; segments=0 | 19시간 | 2 | = | “ | 남음 -> spaced='0 19시간 2 = “ 남음' ; prefix_noise='19시간 2 = “' -> '19시간 2분' (repair_noisy_hour_minute) / direct_parse='19시간 2분' => 17:02 모네가름 / 현재=22:00:25 / 남은시간=19시간 2분 / 계산=17:02 / warnings=MULTI_TIMER_IN_SLOT
  slot 3 굴베이그 [TIMED] [words]=19시간 22분 ; segments=0 | 19시간 | 22 | = | - | 남음 -> spaced='0 19시간 22 = - 남음' ; prefix_noise='19시간 22 = -' -> '19시간 22분' (repair_noisy_hour_minute) / direct_parse='19시간 22분' => 17:22 굴베이그 / 현재=22:00:25 / 남은시간=19시간 22분 / 계산=17:22 / warnings=MULTI_TIMER_IN_SLOT
  slot 4 두라스로르 [TIMED] [words]=14시간 29분 ; segments=0 | 14시간 | 29 | = | - | 남음 -> spaced='0 14시간 29 = - 남음' ; prefix_noise='14시간 29 = -' -> '14시간 29분' (repair_noisy_hour_minute) / direct_parse='14시간 29분' => 12:29 두라스로르 / 현재=22:00:25 / 남은시간=14시간 29분 / 계산=12:29 / warnings=MULTI_TIMER_IN_SLOT
  slot 5 드라우그 [TIMED] [words]=12시간 22분 ; segments=0 | 12시간 | 22 | = | “ | 남음 -> spaced='0 12시간 22 = “ 남음' ; prefix_noise='12시간 22 = “' -> '12시간 22분' (repair_noisy_hour_minute) / direct_parse='12시간 22분' => 10:22 드라우그 / 현재=22:00:25 / 남은시간=12시간 22분 / 계산=10:22 / warnings=MULTI_TIMER_IN_SLOT
  slot 6 오딘 [TIMED] [words_compact]=2일 23시간 ; segments=0 | 2일 | 23시간 | 남음 -> compact='02일23시간남음' ; unit_inferred=2일 23시간 / direct_parse='2일 23시간' => 오딘 2일 23시간 / 현재=22:00:25 / 남은시간=2일 23시간 / 계산=21:00 / warnings=MULTI_TIMER_IN_SLOT

[2026-05-06 22:01:18] mode=ocr2
[이미지 1] area=니다벨리르 base=22:00:48
  ocr2 fixed=1600x900 window=176,190,1410,709 area=니다벨리르 best=니다벨리르 final=니다벨리르 reason=fixed_full_name_2plus highlight=- fixed_tab=- def=337 def_boss=4 slot_match=4 slot_strong=4 slot_full=4 base=22:00:48 diag=ok=1 err=- img=1416032 src=1600x900 ocr=1600x900 lines=39 words=80 text=271
  slot 1 라이노르 [TIMED] [words_split_digits]=3시간 37분 ; segments=0 | 3 | 시간 | 37 | = | - | 남음 -> merged_digits='03 시간 37 = - 남음' ; prefix_noise='3시간 37 = -' -> '3시간 37분' (repair_noisy_hour_minute) / direct_parse='3시간 37분' => 01:37 라이노르 / 현재=22:00:48 / 남은시간=3시간 37분 / 계산=01:37 / warnings=MULTI_TIMER_IN_SLOT
  slot 2 헤르모드 [TIMED] [words_compact]=50초 ; segments=0 | 50초 | 남음 -> compact='050초남음' ; direct_parse='50초' / ocr2_retries=4 => 22:01:38 헤르모드 / 현재=22:00:48 / 남은시간=50초 / 계산=22:01:38 / warnings=-
  slot 3 브륀힐드 [TIMED] [words_compact]=1분 8초 ; segments=0 | 1분 | 8초 | 남음 -> compact='01분8초남음' ; unit_inferred=1분 8초 / direct_parse='1분 8초' => 22:01:56 브륀힐드 / 현재=22:00:48 / 남은시간=1분 8초 / 계산=22:01:56 / warnings=MULTI_TIMER_IN_SLOT
  slot 4 수드리 [TIMED] [words_compact]=1분 9초 ; segments=0 | 1분 | 9초 | 남음 -> compact='01분9초남음' ; unit_inferred=1분 9초 / direct_parse='1분 9초' => 22:01:57 수드리 / 현재=22:00:48 / 남은시간=1분 9초 / 계산=22:01:57 / warnings=MULTI_TIMER_IN_SLOT
  slot 5 비요른 [TIMED] [words_split_digits]=1분 24초 ; segments=0 | 1 | 분 | 24초 | 남음 -> merged_digits='01 분 24초 남음' ; direct_parse='1분 24초' => 22:02:12 비요른 / 현재=22:00:48 / 남은시간=1분 24초 / 계산=22:02:12 / warnings=MULTI_TIMER_IN_SLOT
  slot 6 스칼라니르 [TIMED] [words_split_digits]=3시간 18분 ; segments=0 | 3 | 시간 | 18 | = | 남음 -> merged_digits='03 시간 18 = 남음' ; prefix_noise='3시간 18 =' -> '3시간 18분' (repair_noisy_hour_minute) / direct_parse='3시간 18분' => 01:18 스칼라니르 / 현재=22:00:48 / 남은시간=3시간 18분 / 계산=01:18 / warnings=MULTI_TIMER_IN_SLOT
  slot 7 라타토스크 [TIMED] [words_split_digits]=1시간 52분 ; segments=0 | 1 | 시간 | 52 | = | 남음 -> merged_digits='01 시간 52 = 남음' ; prefix_noise='1시간 52 =' -> '1시간 52분' (repair_noisy_hour_minute) / direct_parse='1시간 52분' => 23:52 라타토스크 / 현재=22:00:48 / 남은시간=1시간 52분 / 계산=23:52 / warnings=MULTI_TIMER_IN_SLOT
  slot 8 토르 [TIMED] [words_compact]=2일 12시간 ; segments=0 | 2일 | 12시간 | 남음 -> compact='02일12시간남음' ; unit_inferred=2일 12시간 / direct_parse='2일 12시간' => 토르 2일 12시간 / 현재=22:00:48 / 남은시간=2일 12시간 / 계산=10:00 / warnings=MULTI_TIMER_IN_SLOT

[2026-05-06 22:26:51] mode=ocr2
[이미지 1] area=니다벨리르 base=22:00:48
  ocr2 fixed=1600x900 window=176,190,1410,709 area=니다벨리르 best=니다벨리르 final=니다벨리르 reason=fixed_full_name_2plus highlight=- fixed_tab=- def=337 def_boss=4 slot_match=4 slot_strong=4 slot_full=4 base=22:00:48 diag=ok=1 err=- img=1416032 src=1600x900 ocr=1600x900 lines=39 words=80 text=271
  slot 1 라이노르 [TIMED] [words_split_digits]=3시간 37분 ; segments=0 | 3 | 시간 | 37 | = | - | 남음 -> merged_digits='03 시간 37 = - 남음' ; prefix_noise='3시간 37 = -' -> '3시간 37분' (repair_noisy_hour_minute) / direct_parse='3시간 37분' => 01:37 라이노르 / 현재=22:00:48 / 남은시간=3시간 37분 / 계산=01:37 / warnings=MULTI_TIMER_IN_SLOT
  slot 2 헤르모드 [TIMED] [words_compact]=50초 ; segments=0 | 50초 | 남음 -> compact='050초남음' ; direct_parse='50초' / ocr2_retries=4 => 22:01:38 헤르모드 / 현재=22:00:48 / 남은시간=50초 / 계산=22:01:38 / warnings=-
  slot 3 브륀힐드 [TIMED] [words_compact]=1분 8초 ; segments=0 | 1분 | 8초 | 남음 -> compact='01분8초남음' ; unit_inferred=1분 8초 / direct_parse='1분 8초' => 22:01:56 브륀힐드 / 현재=22:00:48 / 남은시간=1분 8초 / 계산=22:01:56 / warnings=MULTI_TIMER_IN_SLOT
  slot 4 수드리 [TIMED] [words_compact]=1분 9초 ; segments=0 | 1분 | 9초 | 남음 -> compact='01분9초남음' ; unit_inferred=1분 9초 / direct_parse='1분 9초' => 22:01:57 수드리 / 현재=22:00:48 / 남은시간=1분 9초 / 계산=22:01:57 / warnings=MULTI_TIMER_IN_SLOT
  slot 5 비요른 [TIMED] [words_split_digits]=1분 24초 ; segments=0 | 1 | 분 | 24초 | 남음 -> merged_digits='01 분 24초 남음' ; direct_parse='1분 24초' => 22:02:12 비요른 / 현재=22:00:48 / 남은시간=1분 24초 / 계산=22:02:12 / warnings=MULTI_TIMER_IN_SLOT
  slot 6 스칼라니르 [TIMED] [words_split_digits]=3시간 18분 ; segments=0 | 3 | 시간 | 18 | = | 남음 -> merged_digits='03 시간 18 = 남음' ; prefix_noise='3시간 18 =' -> '3시간 18분' (repair_noisy_hour_minute) / direct_parse='3시간 18분' => 01:18 스칼라니르 / 현재=22:00:48 / 남은시간=3시간 18분 / 계산=01:18 / warnings=MULTI_TIMER_IN_SLOT
  slot 7 라타토스크 [TIMED] [words_split_digits]=1시간 52분 ; segments=0 | 1 | 시간 | 52 | = | 남음 -> merged_digits='01 시간 52 = 남음' ; prefix_noise='1시간 52 =' -> '1시간 52분' (repair_noisy_hour_minute) / direct_parse='1시간 52분' => 23:52 라타토스크 / 현재=22:00:48 / 남은시간=1시간 52분 / 계산=23:52 / warnings=MULTI_TIMER_IN_SLOT
  slot 8 토르 [TIMED] [words_compact]=2일 12시간 ; segments=0 | 2일 | 12시간 | 남음 -> compact='02일12시간남음' ; unit_inferred=2일 12시간 / direct_parse='2일 12시간' => 토르 2일 12시간 / 현재=22:00:48 / 남은시간=2일 12시간 / 계산=10:00 / warnings=MULTI_TIMER_IN_SLOT

[2026-05-06 22:27:27] mode=ocr2
[이미지 1] area=니다벨리르 base=22:27:15
  ocr2 fixed=1600x900 window=176,190,1410,709 area=니다벨리르 best=니다벨리르 final=니다벨리르 reason=fixed_full_name_2plus highlight=- fixed_tab=- def=309 def_boss=3 slot_match=4 slot_strong=4 slot_full=4 base=22:27:15 diag=ok=1 err=- img=1439648 src=1600x900 ocr=1600x900 lines=40 words=87 text=288
  slot 1 라이노르 [TIMED] [words]=3시간 11분 ; segments=0 | 3시간 | 1 | 1 | 분 | 남음 -> spaced='0 3시간 1 1 분 남음' ; prefix_noise='3시간 1 1 분' -> '3시간 11분' (merge_split_minute_digits_after_hour, repair_noisy_hour_minute) / direct_parse='3시간 11분' => 01:38 라이노르 / 현재=22:27:15 / 남은시간=3시간 11분 / 계산=01:38 / warnings=MULTI_TIMER_IN_SLOT
  slot 2 헤르모드 [TIMED] [words]=11시간 34분 ; segments=0 | 1 | 1 | 시간 | 34분 | 남음 -> spaced='0 1 1 시간 34분 남음' ; prefix_noise='0 1 1 시간 34분' -> '11시간 34분' (drop_leading_zero, merge_split_hour_digits_explicit, repair_noisy_hour_minute) / direct_parse='11시간 34분' => 10:01 헤르모드 / 현재=22:27:15 / 남은시간=11시간 34분 / 계산=10:01 / warnings=MULTI_TIMER_IN_SLOT
  slot 3 브륀힐드 [TIMED] [words]=11시간 34분 ; segments=0 | 1 | 1 | 시간 | 34분 | 남음 -> spaced='0 1 1 시간 34분 남음' ; prefix_noise='0 1 1 시간 34분' -> '11시간 34분' (drop_leading_zero, merge_split_hour_digits_explicit, repair_noisy_hour_minute) / direct_parse='11시간 34분' => 10:01 브륀힐드 / 현재=22:27:15 / 남은시간=11시간 34분 / 계산=10:01 / warnings=MULTI_TIMER_IN_SLOT
  slot 4 수드리 [TIMED] [words]=11시간 34분 ; segments=0 | 1 | 1 | 시간 | 34분 | 남음 -> spaced='0 1 1 시간 34분 남음' ; prefix_noise='0 1 1 시간 34분' -> '11시간 34분' (drop_leading_zero, merge_split_hour_digits_explicit, repair_noisy_hour_minute) / direct_parse='11시간 34분' => 10:01 수드리 / 현재=22:27:15 / 남은시간=11시간 34분 / 계산=10:01 / warnings=-
  slot 5 비요른 [TIMED] [words]=11시간 35분 ; segments=0 | 1 | 1 | 시간 | 35 | 분 | 남음 -> spaced='0 1 1 시간 35 분 남음' ; prefix_noise='0 1 1 시간 35 분' -> '11시간 35분' (drop_leading_zero, merge_split_hour_digits_explicit, repair_noisy_hour_minute) / direct_parse='11시간 35분' => 10:02 비요른 / 현재=22:27:15 / 남은시간=11시간 35분 / 계산=10:02 / warnings=MULTI_TIMER_IN_SLOT
  slot 6 스칼라니르 [TIMED] [words]=2시간 52분 ; segments=0 | 2시간 | 52 | = | 남음 -> spaced='0 2시간 52 = 남음' ; prefix_noise='2시간 52 =' -> '2시간 52분' (repair_noisy_hour_minute) / direct_parse='2시간 52분' => 01:19 스칼라니르 / 현재=22:27:15 / 남은시간=2시간 52분 / 계산=01:19 / warnings=MULTI_TIMER_IN_SLOT
  slot 7 라타토스크 [TIMED] [words_split_digits]=1시간 26분 ; segments=0 | 1 | 시간 | 26 | 분 | 남음 -> merged_digits='01 시간 26 분 남음' ; prefix_noise='1시간 26 분' -> '1시간 26분' (repair_noisy_hour_minute) / direct_parse='1시간 26분' => 23:53 라타토스크 / 현재=22:27:15 / 남은시간=1시간 26분 / 계산=23:53 / warnings=MULTI_TIMER_IN_SLOT
  slot 8 토르 [TIMED] [words_compact]=2일 12시간 ; segments=0 | 2일 | 12시간 | 남음 -> compact='02일12시간남음' ; unit_inferred=2일 12시간 / direct_parse='2일 12시간' => 토르 2일 12시간 / 현재=22:27:15 / 남은시간=2일 12시간 / 계산=10:27 / warnings=MULTI_TIMER_IN_SLOT

[2026-05-06 22:28:01] mode=ocr2
[이미지 1] area=요툰하임 base=22:27:41
  ocr2 fixed=1600x900 window=176,190,1410,709 area=요툰하임 best=요툰하임 final=요툰하임 reason=fixed_full_name_2plus highlight=- fixed_tab=- def=337 def_boss=4 slot_match=3 slot_strong=3 slot_full=3 base=22:27:41 diag=ok=1 err=- img=1421400 src=1600x900 ocr=1600x900 lines=44 words=105 text=359
  slot 1 파르바 [TIMED] [words_split_digits]=3시간 23분 ; segments=0 | 3 | 시간 | 23 | 분 | 남음 -> merged_digits='03 시간 23 분 남음' ; prefix_noise='3시간 23 분' -> '3시간 23분' (repair_noisy_hour_minute) / direct_parse='3시간 23분' => 01:50 파르바 / 현재=22:27:41 / 남은시간=3시간 23분 / 계산=01:50 / warnings=MULTI_TIMER_IN_SLOT
  slot 2 흐니르 [TIMED] [words_split_digits]=1시간 16분 ; segments=0 | 1 | 시간 | 16 | 분 | 남음 -> merged_digits='01 시간 16 분 남음' ; prefix_noise='1시간 16 분' -> '1시간 16분' (repair_noisy_hour_minute) / direct_parse='1시간 16분' => 23:43 흐니르 / 현재=22:27:41 / 남은시간=1시간 16분 / 계산=23:43 / warnings=MULTI_TIMER_IN_SLOT
  slot 3 바우티 [TIMED] [words_compact]=2시간 44분 ; segments=0 | 2시간 | 44분 | 남음 -> compact='02시간44분남음' ; prefix_noise='2시간44분' -> '2시간 44분' (repair_noisy_hour_minute) / direct_parse='2시간 44분' => 01:11 바우티 / 현재=22:27:41 / 남은시간=2시간 44분 / 계산=01:11 / warnings=MULTI_TIMER_IN_SLOT
  slot 4 야른 [TIMED] [words_split_digits]=1시간 37분 ; segments=0 | 1 | 시간 | 37 | = | - | 남음 -> merged_digits='01 시간 37 = - 남음' ; prefix_noise='1시간 37 = -' -> '1시간 37분' (repair_noisy_hour_minute) / direct_parse='1시간 37분' => 00:04 야른 / 현재=22:27:41 / 남은시간=1시간 37분 / 계산=00:04 / warnings=MULTI_TIMER_IN_SLOT
  slot 5 셀로비아 [TIMED] [words]=3시간 11분 ; segments=0 | 3시간 | 1 | 1 | 분 | 남음 -> spaced='0 3시간 1 1 분 남음' ; prefix_noise='3시간 1 1 분' -> '3시간 11분' (merge_split_minute_digits_after_hour, repair_noisy_hour_minute) / direct_parse='3시간 11분' => 01:38 셀로비아 / 현재=22:27:41 / 남은시간=3시간 11분 / 계산=01:38 / warnings=MULTI_TIMER_IN_SLOT
  slot 6 페티 [TIMED] [words_compact]=44분 19초 ; segments=0 | 44분 | 19초 | 남음 -> compact='044분19초남음' ; unit_inferred=44분 19초 / direct_parse='44분 19초' => 23:12:00 페티 / 현재=22:27:41 / 남은시간=44분 19초 / 계산=23:12:00 / warnings=MULTI_TIMER_IN_SLOT
  slot 7 니드호그 [TIMED] [words]=2시간 16분 ; segments=0 | 2시간 | 16 | 분 | 남음 -> spaced='0 2시간 16 분 남음' ; prefix_noise='2시간 16 분' -> '2시간 16분' (repair_noisy_hour_minute) / direct_parse='2시간 16분' => 00:43 니드호그 / 현재=22:27:41 / 남은시간=2시간 16분 / 계산=00:43 / warnings=MULTI_TIMER_IN_SLOT
  slot 8 티르 [ACTIVE] [line]=출현 중 ; line='0 출현 중' ; presence_detected => 티르 출현 중 / 현재=22:27:41 / 남은시간=출현 중 / 계산=- / warnings=MULTI_TIMER_IN_SLOT

[2026-05-06 22:28:39] mode=ocr2
[이미지 1] area=요툰하임 base=22:27:41
  ocr2 fixed=1600x900 window=176,190,1410,709 area=요툰하임 best=요툰하임 final=요툰하임 reason=fixed_full_name_2plus highlight=- fixed_tab=- def=337 def_boss=4 slot_match=3 slot_strong=3 slot_full=3 base=22:27:41 diag=ok=1 err=- img=1421400 src=1600x900 ocr=1600x900 lines=44 words=105 text=359
  slot 1 파르바 [TIMED] [words_split_digits]=3시간 23분 ; segments=0 | 3 | 시간 | 23 | 분 | 남음 -> merged_digits='03 시간 23 분 남음' ; prefix_noise='3시간 23 분' -> '3시간 23분' (repair_noisy_hour_minute) / direct_parse='3시간 23분' => 01:50 파르바 / 현재=22:27:41 / 남은시간=3시간 23분 / 계산=01:50 / warnings=MULTI_TIMER_IN_SLOT
  slot 2 흐니르 [TIMED] [words_split_digits]=1시간 16분 ; segments=0 | 1 | 시간 | 16 | 분 | 남음 -> merged_digits='01 시간 16 분 남음' ; prefix_noise='1시간 16 분' -> '1시간 16분' (repair_noisy_hour_minute) / direct_parse='1시간 16분' => 23:43 흐니르 / 현재=22:27:41 / 남은시간=1시간 16분 / 계산=23:43 / warnings=MULTI_TIMER_IN_SLOT
  slot 3 바우티 [TIMED] [words_compact]=2시간 44분 ; segments=0 | 2시간 | 44분 | 남음 -> compact='02시간44분남음' ; prefix_noise='2시간44분' -> '2시간 44분' (repair_noisy_hour_minute) / direct_parse='2시간 44분' => 01:11 바우티 / 현재=22:27:41 / 남은시간=2시간 44분 / 계산=01:11 / warnings=MULTI_TIMER_IN_SLOT
  slot 4 야른 [TIMED] [words_split_digits]=1시간 37분 ; segments=0 | 1 | 시간 | 37 | = | - | 남음 -> merged_digits='01 시간 37 = - 남음' ; prefix_noise='1시간 37 = -' -> '1시간 37분' (repair_noisy_hour_minute) / direct_parse='1시간 37분' => 00:04 야른 / 현재=22:27:41 / 남은시간=1시간 37분 / 계산=00:04 / warnings=MULTI_TIMER_IN_SLOT
  slot 5 셀로비아 [TIMED] [words]=3시간 11분 ; segments=0 | 3시간 | 1 | 1 | 분 | 남음 -> spaced='0 3시간 1 1 분 남음' ; prefix_noise='3시간 1 1 분' -> '3시간 11분' (merge_split_minute_digits_after_hour, repair_noisy_hour_minute) / direct_parse='3시간 11분' => 01:38 셀로비아 / 현재=22:27:41 / 남은시간=3시간 11분 / 계산=01:38 / warnings=MULTI_TIMER_IN_SLOT
  slot 6 페티 [TIMED] [words_compact]=44분 19초 ; segments=0 | 44분 | 19초 | 남음 -> compact='044분19초남음' ; unit_inferred=44분 19초 / direct_parse='44분 19초' => 23:12:00 페티 / 현재=22:27:41 / 남은시간=44분 19초 / 계산=23:12:00 / warnings=MULTI_TIMER_IN_SLOT
  slot 7 니드호그 [TIMED] [words]=2시간 16분 ; segments=0 | 2시간 | 16 | 분 | 남음 -> spaced='0 2시간 16 분 남음' ; prefix_noise='2시간 16 분' -> '2시간 16분' (repair_noisy_hour_minute) / direct_parse='2시간 16분' => 00:43 니드호그 / 현재=22:27:41 / 남은시간=2시간 16분 / 계산=00:43 / warnings=MULTI_TIMER_IN_SLOT
  slot 8 티르 [ACTIVE] [line]=출현 중 ; line='0 출현 중' ; presence_detected => 티르 출현 중 / 현재=22:27:41 / 남은시간=출현 중 / 계산=- / warnings=MULTI_TIMER_IN_SLOT

[2026-05-06 23:31:37] mode=ocr2
[이미지 1] area=아스가르드 base=23:31:22
  ocr2 fixed=1600x900 window=176,190,1410,709 area=아스가르드 best=아스가르드 final=아스가르드 reason=fixed_full_name_2plus highlight=- fixed_tab=- def=440 def_boss=5 slot_match=5 slot_strong=5 slot_full=5 base=23:31:22 diag=ok=1 err=- img=1179354 src=1600x900 ocr=1600x900 lines=34 words=69 text=241
  slot 1 발리 [TIMED] [words_compact]=1일 21시간 ; segments=0 | 1일 | 21시간 | 남음 -> compact='01일21시간남음' ; unit_inferred=1일 21시간 / direct_parse='1일 21시간' => 발리 1일 21시간 / 현재=23:31:22 / 남은시간=1일 21시간 / 계산=20:31 / warnings=MULTI_TIMER_IN_SLOT
  slot 2 샤무크 [TIMED] [words]=6시간 28분 ; segments=0 | 6시간 | 28 | = | 남음 -> spaced='0 6시간 28 = 남음' ; prefix_noise='6시간 28 =' -> '6시간 28분' (repair_noisy_hour_minute) / direct_parse='6시간 28분' => 05:59 샤무크 / 현재=23:31:22 / 남은시간=6시간 28분 / 계산=05:59 / warnings=MULTI_TIMER_IN_SLOT
  slot 3 그로아 [TIMED] [words_compact]=5분 4초 ; segments=0 | 5분 | 4초 | 남음 -> compact='05분4초남음' ; unit_inferred=5분 4초 / direct_parse='5분 4초' => 23:36:26 그로아 / 현재=23:31:22 / 남은시간=5분 4초 / 계산=23:36:26 / warnings=MULTI_TIMER_IN_SLOT
  slot 4 노트 [TIMED] [words_compact]=4시간 0분 ; segments=0 | 4시간 | 0분 | 남음 -> compact='04시간0분남음' ; prefix_noise='4시간0분' -> '4시간 0분' (repair_noisy_hour_minute) / direct_parse='4시간 0분' => 03:31 노트 / 현재=23:31:22 / 남은시간=4시간 0분 / 계산=03:31 / warnings=MULTI_TIMER_IN_SLOT
  slot 5 스칼드메르 [TIMED] [words_compact]=54분 49초 ; segments=0 | 54분 | 49초 | 남음 -> compact='054분49초남음' ; unit_inferred=54분 49초 / direct_parse='54분 49초' => 00:26:11 스칼드메르 / 현재=23:31:22 / 남은시간=54분 49초 / 계산=00:26:11 / warnings=MULTI_TIMER_IN_SLOT
  slot 6 미미르 [TIMED] [words_compact]=2일 13시간 ; segments=0 | 2일 | 13시간 | 남음 -> compact='02일13시간남음' ; unit_inferred=2일 13시간 / direct_parse='2일 13시간' => 미미르 2일 13시간 / 현재=23:31:22 / 남은시간=2일 13시간 / 계산=12:31 / warnings=MULTI_TIMER_IN_SLOT
[이미지 2] area=던전 base=23:31:27
  ocr2 fixed=1600x900 window=176,190,1410,709 area=던전 best=던전 final=던전 reason=fixed_full_name_2plus highlight=- fixed_tab=- def=612 def_boss=6 slot_match=5 slot_strong=3 slot_full=5 base=23:31:27 diag=ok=1 err=- img=1183034 src=1600x900 ocr=1600x900 lines=39 words=81 text=308
  slot 1 최하층굴베 [TIMED] [words_compact]=1일 4시간 ; segments=0 | 1일 | 4시간 | 남음 -> compact='01일4시간남음' ; unit_inferred=1일 4시간 / direct_parse='1일 4시간' => 최하층굴베 1일 4시간 / 현재=23:31:27 / 남은시간=1일 4시간 / 계산=03:31 / warnings=MULTI_TIMER_IN_SLOT
  slot 2 최하층스네르 [ACTIVE] [line]=출현 중 ; line='0 출현 중' ; presence_detected => 최하층스네르 출현 중 / 현재=23:31:27 / 남은시간=출현 중 / 계산=- / warnings=MULTI_TIMER_IN_SLOT
  slot 3 7층 [TIMED] [words_compact]=15시간 42분 ; segments=0 | 15시간 | 42분 | 남음 -> compact='015시간42분남음' ; prefix_noise='15시간42분' -> '15시간 42분' (repair_noisy_hour_minute) / direct_parse='15시간 42분' => 15:13 7층 / 현재=23:31:27 / 남은시간=15시간 42분 / 계산=15:13 / warnings=MULTI_TIMER_IN_SLOT
  slot 4 최하층강글 [TIMED] [words_compact]=2시간 50분 ; segments=0 | 2시간 | 50분 | 남음 -> compact='02시간50분남음' ; prefix_noise='2시간50분' -> '2시간 50분' (repair_noisy_hour_minute) / direct_parse='2시간 50분' => 02:21 최하층강글 / 현재=23:31:27 / 남은시간=2시간 50분 / 계산=02:21 / warnings=MULTI_TIMER_IN_SLOT
  slot 5 4층 [TIMED] [words]=10시간 31분 ; segments=0 | 10시간 | 3 | 1 | 분 | 남음 -> spaced='0 10시간 3 1 분 남음' ; direct_parse='10시간 31분' => 10:02 4층 / 현재=23:31:27 / 남은시간=10시간 31분 / 계산=10:02 / warnings=MULTI_TIMER_IN_SLOT
  slot 6 10층 [TIMED] [words_compact]=1시간 41분 ; segments=0 | 1시간 | 41분 | 남음 -> compact='01시간41분남음' ; prefix_noise='1시간41분' -> '1시간 41분' (repair_noisy_hour_minute) / direct_parse='1시간 41분' => 01:12 10층 / 현재=23:31:27 / 남은시간=1시간 41분 / 계산=01:12 / warnings=MULTI_TIMER_IN_SLOT

[2026-05-07 02:50:05] mode=ocr2
[이미지 1] area=요툰하임 base=02:49:45
  ocr2 fixed=1600x900 window=176,190,1410,709 area=요툰하임 best=요툰하임 final=요툰하임 reason=fixed_full_name_2plus highlight=- fixed_tab=- def=337 def_boss=4 slot_match=3 slot_strong=3 slot_full=3 base=02:49:45 diag=ok=1 err=- img=1345134 src=1600x900 ocr=1600x900 lines=34 words=67 text=217
  slot 1 파르바 [TIMED] [words_split_digits]=8시간 39분 ; segments=0 | 8 | 시간 | 39 | = | - | 남음 -> merged_digits='08 시간 39 = - 남음' ; prefix_noise='8시간 39 = -' -> '8시간 39분' (repair_noisy_hour_minute) / direct_parse='8시간 39분' => 11:28 파르바 / 현재=02:49:45 / 남은시간=8시간 39분 / 계산=11:28 / warnings=MULTI_TIMER_IN_SLOT
  slot 2 흐니르 [TIMED] [words_split_digits]=7시간 52분 ; segments=0 | 7 | 시간 | 52 | = | 남음 -> merged_digits='07 시간 52 = 남음' ; prefix_noise='7시간 52 =' -> '7시간 52분' (repair_noisy_hour_minute) / direct_parse='7시간 52분' => 10:41 흐니르 / 현재=02:49:45 / 남은시간=7시간 52분 / 계산=10:41 / warnings=MULTI_TIMER_IN_SLOT
  slot 3 바우티 [TIMED] [words]=7시간 11분 ; segments=0 | 7시간 | 1 | 1 | 분 | 남음 -> spaced='0 7시간 1 1 분 남음' ; prefix_noise='7시간 1 1 분' -> '7시간 11분' (merge_split_minute_digits_after_hour, repair_noisy_hour_minute) / direct_parse='7시간 11분' => 10:00 바우티 / 현재=02:49:45 / 남은시간=7시간 11분 / 계산=10:00 / warnings=MULTI_TIMER_IN_SLOT
  slot 4 야른 [TIMED] [words_compact]=8시간 38분 ; segments=0 | 8시간 | 38분 | 남음 -> compact='08시간38분남음' ; prefix_noise='8시간38분' -> '8시간 38분' (repair_noisy_hour_minute) / direct_parse='8시간 38분' => 11:27 야른 / 현재=02:49:45 / 남은시간=8시간 38분 / 계산=11:27 / warnings=MULTI_TIMER_IN_SLOT
  slot 5 셀로비아 [TIMED] [words]=7시간 11분 ; segments=0 | 7시간 | 1 | 1 | 분 | 남음 -> spaced='0 7시간 1 1 분 남음' ; prefix_noise='7시간 1 1 분' -> '7시간 11분' (merge_split_minute_digits_after_hour, repair_noisy_hour_minute) / direct_parse='7시간 11분' => 10:00 셀로비아 / 현재=02:49:45 / 남은시간=7시간 11분 / 계산=10:00 / warnings=MULTI_TIMER_IN_SLOT
  slot 6 페티 [TIMED] [words]=10시간 16분 ; segments=0 | 10시간 | 16 | 분 | 남음 -> spaced='0 10시간 16 분 남음' ; prefix_noise='10시간 16 분' -> '10시간 16분' (repair_noisy_hour_minute) / direct_parse='10시간 16분' => 13:05 페티 / 현재=02:49:45 / 남은시간=10시간 16분 / 계산=13:05 / warnings=MULTI_TIMER_IN_SLOT
  slot 7 니드호그 [TIMED] [words_split_digits]=8시간 21분 ; segments=0 | 8 | 시간 | 21 | 분 | 남음 -> merged_digits='08 시간 21 분 남음' ; prefix_noise='8시간 21 분' -> '8시간 21분' (repair_noisy_hour_minute) / direct_parse='8시간 21분' => 11:10 니드호그 / 현재=02:49:45 / 남은시간=8시간 21분 / 계산=11:10 / warnings=MULTI_TIMER_IN_SLOT
  slot 8 티르 [TIMED] [words_compact]=1일 13시간 ; segments=0 | 1일 | 13시간 | 남음 -> compact='01일13시간남음' ; unit_inferred=1일 13시간 / direct_parse='1일 13시간' => 티르 1일 13시간 / 현재=02:49:45 / 남은시간=1일 13시간 / 계산=15:49 / warnings=MULTI_TIMER_IN_SLOT
[이미지 2] area=니다벨리르 base=02:49:46
  ocr2 fixed=1600x900 window=176,190,1410,709 area=니다벨리르 best=니다벨리르 final=니다벨리르 reason=fixed_full_name_2plus highlight=- fixed_tab=- def=337 def_boss=4 slot_match=4 slot_strong=4 slot_full=4 base=02:49:46 diag=ok=1 err=- img=1368161 src=1600x900 ocr=1600x900 lines=35 words=65 text=227
  slot 1 라이노르 [TIMED] [words_split_digits]=8시간 13분 ; segments=0 | 8 | 시간 | 13 | 분 | 남음 -> merged_digits='08 시간 13 분 남음' ; prefix_noise='8시간 13 분' -> '8시간 13분' (repair_noisy_hour_minute) / direct_parse='8시간 13분' => 11:02 라이노르 / 현재=02:49:46 / 남은시간=8시간 13분 / 계산=11:02 / warnings=MULTI_TIMER_IN_SLOT
  slot 2 헤르모드 [TIMED] [words]=10시간 36분 ; segments=0 | 10시간 | 36 | 분 | 남음 -> spaced='0 10시간 36 분 남음' ; prefix_noise='10시간 36 분' -> '10시간 36분' (repair_noisy_hour_minute) / direct_parse='10시간 36분' => 13:25 헤르모드 / 현재=02:49:46 / 남은시간=10시간 36분 / 계산=13:25 / warnings=MULTI_TIMER_IN_SLOT
  slot 3 브륀힐드 [TIMED] [words_split_digits]=7시간 52분 ; segments=0 | 7 | 시간 | 52 | = | 남음 -> merged_digits='07 시간 52 = 남음' ; prefix_noise='7시간 52 =' -> '7시간 52분' (repair_noisy_hour_minute) / direct_parse='7시간 52분' => 10:41 브륀힐드 / 현재=02:49:46 / 남은시간=7시간 52분 / 계산=10:41 / warnings=MULTI_TIMER_IN_SLOT
  slot 4 수드리 [TIMED] [words_compact]=9시간 19분 ; segments=0 | 9시간 | 19분 | 남음 -> compact='09시간19분남음' ; prefix_noise='9시간19분' -> '9시간 19분' (repair_noisy_hour_minute) / direct_parse='9시간 19분' => 12:08 수드리 / 현재=02:49:46 / 남은시간=9시간 19분 / 계산=12:08 / warnings=MULTI_TIMER_IN_SLOT
  slot 5 비요른 [TIMED] [words]=10시간 3분 ; segments=0 | 10시간 | 3 | 분 | 남음 -> spaced='0 10시간 3 분 남음' ; prefix_noise='10시간 3 분' -> '10시간 3분' (repair_noisy_hour_minute) / direct_parse='10시간 3분' => 12:52 비요른 / 현재=02:49:46 / 남은시간=10시간 3분 / 계산=12:52 / warnings=MULTI_TIMER_IN_SLOT
  slot 6 스칼라니르 [TIMED] [words]=10시간 21분 ; segments=0 | 10시간 | 21 | 분 | 남음 -> spaced='0 10시간 21 분 남음' ; prefix_noise='10시간 21 분' -> '10시간 21분' (repair_noisy_hour_minute) / direct_parse='10시간 21분' => 13:10 스칼라니르 / 현재=02:49:46 / 남은시간=10시간 21분 / 계산=13:10 / warnings=MULTI_TIMER_IN_SLOT
  slot 7 라타토스크 [TIMED] [words_compact]=7시간 51분 ; segments=0 | 7시간 | 51분 | 남음 -> compact='07시간51분남음' ; prefix_noise='7시간51분' -> '7시간 51분' (repair_noisy_hour_minute) / direct_parse='7시간 51분' => 10:40 라타토스크 / 현재=02:49:46 / 남은시간=7시간 51분 / 계산=10:40 / warnings=MULTI_TIMER_IN_SLOT
  slot 8 토르 [TIMED] [words_compact]=2일 15시간 ; segments=0 | 2일 | 15시간 | 남음 -> compact='02일15시간남음' ; unit_inferred=2일 15시간 / direct_parse='2일 15시간' => 토르 2일 15시간 / 현재=02:49:46 / 남은시간=2일 15시간 / 계산=17:49 / warnings=MULTI_TIMER_IN_SLOT
[이미지 3] area=알브하임 base=02:49:53
  ocr2 fixed=1600x900 window=176,190,1410,709 area=알브하임 best=알브하임 final=알브하임 reason=fixed_full_name_2plus highlight=- fixed_tab=- def=440 def_boss=5 slot_match=5 slot_strong=5 slot_full=5 base=02:49:53 diag=ok=1 err=- img=1184613 src=1600x900 ocr=1600x900 lines=34 words=65 text=214
  slot 1 스바르트 [TIMED] [words_split_digits]=7시간 12분 ; segments=0 | 7 | 시간 | 1 | 2 | = | - | 남음 -> merged_digits='07 시간 1 2 = - 남음' ; prefix_noise='7시간 1 2 = -' -> '7시간 12분' (repair_split_minute_digits_after_hour, repair_noisy_hour_minute) / direct_parse='7시간 12분' => 10:01 스바르트 / 현재=02:49:53 / 남은시간=7시간 12분 / 계산=10:01 / warnings=MULTI_TIMER_IN_SLOT
  slot 2 모네가름 [TIMED] [words]=16시간 33분 ; segments=0 | 16시간 | 33 | 분 | 남음 -> spaced='0 16시간 33 분 남음' ; prefix_noise='16시간 33 분' -> '16시간 33분' (repair_noisy_hour_minute) / direct_parse='16시간 33분' => 19:22 모네가름 / 현재=02:49:53 / 남은시간=16시간 33분 / 계산=19:22 / warnings=MULTI_TIMER_IN_SLOT
  slot 3 굴베이그 [TIMED] [words]=17시간 12분 ; segments=0 | 1 | 7 | 시간 | 12 | = | - | 남음 -> spaced='0 1 7 시간 12 = - 남음' ; prefix_noise='0 1 7 시간 12 = -' -> '17시간 12분' (drop_leading_zero, repair_noisy_split_hour_minute, repair_noisy_hour_minute) / direct_parse='17시간 12분' => 20:01 굴베이그 / 현재=02:49:53 / 남은시간=17시간 12분 / 계산=20:01 / warnings=MULTI_TIMER_IN_SLOT
  slot 4 두라스로르 [TIMED] [words]=9시간 50분 ; segments=0 | 9시간 | 50 | = | - | 남음 -> spaced='0 9시간 50 = - 남음' ; prefix_noise='9시간 50 = -' -> '9시간 50분' (repair_noisy_hour_minute) / direct_parse='9시간 50분' => 12:39 두라스로르 / 현재=02:49:53 / 남은시간=9시간 50분 / 계산=12:39 / warnings=MULTI_TIMER_IN_SLOT
  slot 5 드라우그 [TIMED] [words_split_digits]=7시간 12분 ; segments=0 | 7 | 시간 | 12 | = | - | 남음 -> merged_digits='07 시간 12 = - 남음' ; prefix_noise='7시간 12 = -' -> '7시간 12분' (repair_noisy_hour_minute) / direct_parse='7시간 12분' => 10:01 드라우그 / 현재=02:49:53 / 남은시간=7시간 12분 / 계산=10:01 / warnings=MULTI_TIMER_IN_SLOT
  slot 6 오딘 [TIMED] [words_compact]=2일 7시간 ; segments=0 | 2일 | 7시간 | 남음 -> compact='02일7시간남음' ; unit_inferred=2일 7시간 / direct_parse='2일 7시간' => 오딘 2일 7시간 / 현재=02:49:53 / 남은시간=2일 7시간 / 계산=09:49 / warnings=MULTI_TIMER_IN_SLOT

[2026-05-07 02:51:07] mode=ocr2
[이미지 1] area=요툰하임 base=02:50:31
  ocr2 fixed=1600x900 window=176,190,1410,709 area=요툰하임 best=요툰하임 final=요툰하임 reason=fixed_full_name_2plus highlight=- fixed_tab=- def=337 def_boss=4 slot_match=3 slot_strong=3 slot_full=3 base=02:50:31 diag=ok=1 err=- img=1340966 src=1600x900 ocr=1600x900 lines=34 words=68 text=219
  slot 1 파르바 [TIMED] [words_split_digits]=8시간 38분 ; segments=0 | 8 | 시간 | 38 | = | 남음 -> merged_digits='08 시간 38 = 남음' ; prefix_noise='8시간 38 =' -> '8시간 38분' (repair_noisy_hour_minute) / direct_parse='8시간 38분' => 11:28 파르바 / 현재=02:50:31 / 남은시간=8시간 38분 / 계산=11:28 / warnings=MULTI_TIMER_IN_SLOT
  slot 2 흐니르 [TIMED] [words_split_digits]=7시간 51분 ; segments=0 | 7 | 시간 | 51 | 분 | 남음 -> merged_digits='07 시간 51 분 남음' ; prefix_noise='7시간 51 분' -> '7시간 51분' (repair_noisy_hour_minute) / direct_parse='7시간 51분' => 10:41 흐니르 / 현재=02:50:31 / 남은시간=7시간 51분 / 계산=10:41 / warnings=MULTI_TIMER_IN_SLOT
  slot 3 바우티 [TIMED] [words_split_digits]=7시간 10분 ; segments=0 | 7 | 시간 | 10 | = | - | 남음 -> merged_digits='07 시간 10 = - 남음' ; prefix_noise='7시간 10 = -' -> '7시간 10분' (repair_noisy_hour_minute) / direct_parse='7시간 10분' => 10:00 바우티 / 현재=02:50:31 / 남은시간=7시간 10분 / 계산=10:00 / warnings=MULTI_TIMER_IN_SLOT
  slot 4 야른 [TIMED] [words_compact]=8시간 37분 ; segments=0 | 8시간 | 37분 | 남음 -> compact='08시간37분남음' ; prefix_noise='8시간37분' -> '8시간 37분' (repair_noisy_hour_minute) / direct_parse='8시간 37분' => 11:27 야른 / 현재=02:50:31 / 남은시간=8시간 37분 / 계산=11:27 / warnings=MULTI_TIMER_IN_SLOT
  slot 5 셀로비아 [TIMED] [words]=7시간 11분 ; segments=0 | 7시간 | 1 | 1 | 분 | 남음 -> spaced='0 7시간 1 1 분 남음' ; prefix_noise='7시간 1 1 분' -> '7시간 11분' (merge_split_minute_digits_after_hour, repair_noisy_hour_minute) / direct_parse='7시간 11분' => 10:01 셀로비아 / 현재=02:50:31 / 남은시간=7시간 11분 / 계산=10:01 / warnings=MULTI_TIMER_IN_SLOT
  slot 6 페티 [TIMED] [words]=10시간 15분 ; segments=0 | 10시간 | 15 | 분 | 남음 -> spaced='0 10시간 15 분 남음' ; prefix_noise='10시간 15 분' -> '10시간 15분' (repair_noisy_hour_minute) / direct_parse='10시간 15분' => 13:05 페티 / 현재=02:50:31 / 남은시간=10시간 15분 / 계산=13:05 / warnings=MULTI_TIMER_IN_SLOT
  slot 7 니드호그 [TIMED] [words_split_digits]=8시간 20분 ; segments=0 | 8 | 시간 | 20 | = | - | 남음 -> merged_digits='08 시간 20 = - 남음' ; prefix_noise='8시간 20 = -' -> '8시간 20분' (repair_noisy_hour_minute) / direct_parse='8시간 20분' => 11:10 니드호그 / 현재=02:50:31 / 남은시간=8시간 20분 / 계산=11:10 / warnings=MULTI_TIMER_IN_SLOT
  slot 8 티르 [TIMED] [words_compact]=1일 13시간 ; segments=0 | 1일 | 13시간 | 남음 -> compact='01일13시간남음' ; unit_inferred=1일 13시간 / direct_parse='1일 13시간' => 티르 1일 13시간 / 현재=02:50:31 / 남은시간=1일 13시간 / 계산=15:50 / warnings=MULTI_TIMER_IN_SLOT
[이미지 2] area=니다벨리르 base=02:50:33
  ocr2 fixed=1600x900 window=176,190,1410,709 area=니다벨리르 best=니다벨리르 final=니다벨리르 reason=fixed_full_name_2plus highlight=- fixed_tab=- def=337 def_boss=4 slot_match=4 slot_strong=4 slot_full=4 base=02:50:33 diag=ok=1 err=- img=1339139 src=1600x900 ocr=1600x900 lines=35 words=69 text=234
  slot 1 라이노르 [TIMED] [words_split_digits]=8시간 12분 ; segments=0 | 8 | 시간 | 1 | 2 | = | - | 남음 -> merged_digits='08 시간 1 2 = - 남음' ; prefix_noise='8시간 1 2 = -' -> '8시간 12분' (repair_split_minute_digits_after_hour, repair_noisy_hour_minute) / direct_parse='8시간 12분' => 11:02 라이노르 / 현재=02:50:33 / 남은시간=8시간 12분 / 계산=11:02 / warnings=MULTI_TIMER_IN_SLOT
  slot 2 헤르모드 [TIMED] [words]=10시간 35분 ; segments=0 | 10시간 | 35 | 분 | 남음 -> spaced='0 10시간 35 분 남음' ; prefix_noise='10시간 35 분' -> '10시간 35분' (repair_noisy_hour_minute) / direct_parse='10시간 35분' => 13:25 헤르모드 / 현재=02:50:33 / 남은시간=10시간 35분 / 계산=13:25 / warnings=MULTI_TIMER_IN_SLOT
  slot 3 브륀힐드 [TIMED] [words_split_digits]=7시간 51분 ; segments=0 | 7 | 시간 | 51 | 분 | 남음 -> merged_digits='07 시간 51 분 남음' ; prefix_noise='7시간 51 분' -> '7시간 51분' (repair_noisy_hour_minute) / direct_parse='7시간 51분' => 10:41 브륀힐드 / 현재=02:50:33 / 남은시간=7시간 51분 / 계산=10:41 / warnings=MULTI_TIMER_IN_SLOT
  slot 4 수드리 [TIMED] [words_compact]=9시간 18분 ; segments=0 | 9시간 | 18분 | 남음 -> compact='09시간18분남음' ; prefix_noise='9시간18분' -> '9시간 18분' (repair_noisy_hour_minute) / direct_parse='9시간 18분' => 12:08 수드리 / 현재=02:50:33 / 남은시간=9시간 18분 / 계산=12:08 / warnings=MULTI_TIMER_IN_SLOT
  slot 5 비요른 [TIMED] [words]=10시간 2분 ; segments=0 | 10시간 | 2 | = | “ | 남음 -> spaced='0 10시간 2 = “ 남음' ; prefix_noise='10시간 2 = “' -> '10시간 2분' (repair_noisy_hour_minute) / direct_parse='10시간 2분' => 12:52 비요른 / 현재=02:50:33 / 남은시간=10시간 2분 / 계산=12:52 / warnings=MULTI_TIMER_IN_SLOT
  slot 6 스칼라니르 [TIMED] [words]=10시간 20분 ; segments=0 | 10시간 | 20 | = | “ | 남음 -> spaced='0 10시간 20 = “ 남음' ; prefix_noise='10시간 20 = “' -> '10시간 20분' (repair_noisy_hour_minute) / direct_parse='10시간 20분' => 13:10 스칼라니르 / 현재=02:50:33 / 남은시간=10시간 20분 / 계산=13:10 / warnings=MULTI_TIMER_IN_SLOT
  slot 7 라타토스크 [TIMED] [words_compact]=7시간 51분 ; segments=0 | 7시간 | 51분 | 남음 -> compact='07시간51분남음' ; prefix_noise='7시간51분' -> '7시간 51분' (repair_noisy_hour_minute) / direct_parse='7시간 51분' => 10:41 라타토스크 / 현재=02:50:33 / 남은시간=7시간 51분 / 계산=10:41 / warnings=MULTI_TIMER_IN_SLOT
  slot 8 토르 [TIMED] [words_compact]=2일 15시간 ; segments=0 | 2일 | 15시간 | 남음 -> compact='02일15시간남음' ; unit_inferred=2일 15시간 / direct_parse='2일 15시간' => 토르 2일 15시간 / 현재=02:50:33 / 남은시간=2일 15시간 / 계산=17:50 / warnings=MULTI_TIMER_IN_SLOT
[이미지 3] area=알브하임 base=02:50:35
  ocr2 fixed=1600x900 window=176,190,1410,709 area=알브하임 best=알브하임 final=알브하임 reason=fixed_full_name_2plus highlight=- fixed_tab=- def=440 def_boss=5 slot_match=5 slot_strong=5 slot_full=5 base=02:50:35 diag=ok=1 err=- img=1173040 src=1600x900 ocr=1600x900 lines=33 words=59 text=205
  slot 1 스바르트 [TIMED] [words]=7시간 11분 ; segments=0 | 7시간 | 1 | 1 | 분 | 남음 -> spaced='0 7시간 1 1 분 남음' ; prefix_noise='7시간 1 1 분' -> '7시간 11분' (merge_split_minute_digits_after_hour, repair_noisy_hour_minute) / direct_parse='7시간 11분' => 10:01 스바르트 / 현재=02:50:35 / 남은시간=7시간 11분 / 계산=10:01 / warnings=MULTI_TIMER_IN_SLOT
  slot 2 모네가름 [TIMED] [words_compact]=16시간 32분 ; segments=0 | 16시간 | 32분 | 남음 -> compact='016시간32분남음' ; prefix_noise='16시간32분' -> '16시간 32분' (repair_noisy_hour_minute) / direct_parse='16시간 32분' => 19:22 모네가름 / 현재=02:50:35 / 남은시간=16시간 32분 / 계산=19:22 / warnings=MULTI_TIMER_IN_SLOT
  slot 3 굴베이그 [TIMED] [words]=17시간 11분 ; segments=0 | 17시간 | 1 | 1 | 분 | 남음 -> spaced='0 17시간 1 1 분 남음' ; prefix_noise='17시간 1 1 분' -> '17시간 11분' (merge_split_minute_digits_after_hour, repair_noisy_hour_minute) / direct_parse='17시간 11분' => 20:01 굴베이그 / 현재=02:50:35 / 남은시간=17시간 11분 / 계산=20:01 / warnings=MULTI_TIMER_IN_SLOT
  slot 4 두라스로르 [TIMED] [words_split_digits]=9시간 49분 ; segments=0 | 9 | 시간 | 49 | = | 남음 -> merged_digits='09 시간 49 = 남음' ; prefix_noise='9시간 49 =' -> '9시간 49분' (repair_noisy_hour_minute) / direct_parse='9시간 49분' => 12:39 두라스로르 / 현재=02:50:35 / 남은시간=9시간 49분 / 계산=12:39 / warnings=MULTI_TIMER_IN_SLOT
  slot 5 드라우그 [TIMED] [words]=7시간 11분 ; segments=0 | 7시간 | 1 | 1 | 분 | 남음 -> spaced='0 7시간 1 1 분 남음' ; prefix_noise='7시간 1 1 분' -> '7시간 11분' (merge_split_minute_digits_after_hour, repair_noisy_hour_minute) / direct_parse='7시간 11분' => 10:01 드라우그 / 현재=02:50:35 / 남은시간=7시간 11분 / 계산=10:01 / warnings=MULTI_TIMER_IN_SLOT
  slot 6 오딘 [TIMED] [words_compact]=2일 7시간 ; segments=0 | 2일 | 7시간 | 남음 -> compact='02일7시간남음' ; unit_inferred=2일 7시간 / direct_parse='2일 7시간' => 오딘 2일 7시간 / 현재=02:50:35 / 남은시간=2일 7시간 / 계산=09:50 / warnings=MULTI_TIMER_IN_SLOT
[이미지 4] area=무스펠하임 base=02:50:36
  ocr2 fixed=1600x900 window=176,190,1410,709 area=무스펠하임 best=무스펠하임 final=무스펠하임 reason=fixed_full_name_2plus highlight=- fixed_tab=- def=440 def_boss=5 slot_match=5 slot_strong=5 slot_full=5 base=02:50:36 diag=ok=1 err=- img=1255079 src=1600x900 ocr=1600x900 lines=33 words=66 text=253
  slot 1 메기르 [TIMED] [words_compact]=20시간 58분 ; segments=0 | 20시간 | 58분 | 남음 -> compact='020시간58분남음' ; prefix_noise='20시간58분' -> '20시간 58분' (repair_noisy_hour_minute) / direct_parse='20시간 58분' => 23:48 메기르 / 현재=02:50:36 / 남은시간=20시간 58분 / 계산=23:48 / warnings=MULTI_TIMER_IN_SLOT
  slot 2 헤르가름 [TIMED] [words]=21시간 43분 ; segments=0 | 21 | 시간 | 43분 | 남음 -> spaced='0 21 시간 43분 남음' ; prefix_noise='21 시간 43분' -> '21시간 43분' (repair_noisy_hour_minute) / direct_parse='21시간 43분' => 00:33 헤르가름 / 현재=02:50:36 / 남은시간=21시간 43분 / 계산=00:33 / warnings=-
  slot 3 엘드룬 [TIMED] [words]=23시간 53분 ; segments=0 | 23 | 시간 | 53 | 분 | 남음 -> spaced='0 23 시간 53 분 남음' ; prefix_noise='23 시간 53 분' -> '23시간 53분' (repair_noisy_hour_minute) / direct_parse='23시간 53분' => 02:43 엘드룬 / 현재=02:50:36 / 남은시간=23시간 53분 / 계산=02:43 / warnings=MULTI_TIMER_IN_SLOT
  slot 4 수르트 [TIMED] [words_compact]=2일 7시간 ; segments=0 | 2일 | 7시간 | 남음 -> compact='02일7시간남음' ; unit_inferred=2일 7시간 / direct_parse='2일 7시간' => 수르트 2일 7시간 / 현재=02:50:36 / 남은시간=2일 7시간 / 계산=09:50 / warnings=MULTI_TIMER_IN_SLOT
  slot 5 신마라 [TIMED] [words]=19시간 11분 ; segments=0 | 19시간 | 1 | 1 | 분 | 남음 -> spaced='0 19시간 1 1 분 남음' ; prefix_noise='19시간 1 1 분' -> '19시간 11분' (merge_split_minute_digits_after_hour, repair_noisy_hour_minute) / direct_parse='19시간 11분' => 22:01 신마라 / 현재=02:50:36 / 남은시간=19시간 11분 / 계산=22:01 / warnings=MULTI_TIMER_IN_SLOT
  slot 6 탕그 [TIMED] [words_compact]=19시간 11분 ; segments=0 | 19시간 | 11분 | 남음 -> compact='019시간11분남음' ; prefix_noise='19시간11분' -> '19시간 11분' (repair_noisy_hour_minute) / direct_parse='19시간 11분' => 22:01 탕그 / 현재=02:50:36 / 남은시간=19시간 11분 / 계산=22:01 / warnings=MULTI_TIMER_IN_SLOT
  slot 7 우로보로스 [TIMED] [words_compact]=1일 0시간 ; segments=0 | 1일 | 0시간 | 남음 -> compact='01일0시간남음' ; unit_inferred=1일 0시간 / direct_parse='1일 0시간' => 우로보로스 1일 0시간 / 현재=02:50:36 / 남은시간=1일 0시간 / 계산=02:50 / warnings=MULTI_TIMER_IN_SLOT
[이미지 5] area=아스가르드 base=02:50:38
  ocr2 fixed=1600x900 window=176,190,1410,709 area=아스가르드 best=아스가르드 final=아스가르드 reason=fixed_full_name_2plus highlight=- fixed_tab=- def=440 def_boss=5 slot_match=5 slot_strong=5 slot_full=5 base=02:50:38 diag=ok=1 err=- img=1209054 src=1600x900 ocr=1600x900 lines=30 words=58 text=195
  slot 1 발리 [TIMED] [words_compact]=1일 10시간 ; segments=0 | 1일 | 10시간 | 남음 -> compact='01일10시간남음' ; unit_inferred=1일 10시간 / direct_parse='1일 10시간' => 발리 1일 10시간 / 현재=02:50:38 / 남은시간=1일 10시간 / 계산=12:50 / warnings=MULTI_TIMER_IN_SLOT
  slot 2 샤무크 [TIMED] [words_compact]=1일 7시간 ; segments=0 | 1일 | 7시간 | 남음 -> compact='01일7시간남음' ; unit_inferred=1일 7시간 / direct_parse='1일 7시간' => 샤무크 1일 7시간 / 현재=02:50:38 / 남은시간=1일 7시간 / 계산=09:50 / warnings=MULTI_TIMER_IN_SLOT
  slot 3 그로아 [TIMED] [words_split_digits]=1시간 42분 ; segments=0 | 1 | 시간 | 42 | = | 남음 -> merged_digits='01 시간 42 = 남음' ; prefix_noise='1시간 42 =' -> '1시간 42분' (repair_noisy_hour_minute) / direct_parse='1시간 42분' => 04:32 그로아 / 현재=02:50:38 / 남은시간=1시간 42분 / 계산=04:32 / warnings=MULTI_TIMER_IN_SLOT
  slot 4 노트 [TIMED] [words_compact]=1일 7시간 ; segments=0 | 1일 | 7시간 | 남음 -> compact='01일7시간남음' ; unit_inferred=1일 7시간 / direct_parse='1일 7시간' => 노트 1일 7시간 / 현재=02:50:38 / 남은시간=1일 7시간 / 계산=09:50 / warnings=MULTI_TIMER_IN_SLOT
  slot 5 스칼드메르 [TIMED] [words_compact]=1일 15시간 ; segments=0 | 1일 | 15시간 | 남음 -> compact='01일15시간남음' ; unit_inferred=1일 15시간 / direct_parse='1일 15시간' => 스칼드메르 1일 15시간 / 현재=02:50:38 / 남은시간=1일 15시간 / 계산=17:50 / warnings=MULTI_TIMER_IN_SLOT
  slot 6 미미르 [TIMED] [words]=4시간 38분 ; segments=0 | 4시간 | 38 | = | 남음 -> spaced='0 4시간 38 = 남음' ; prefix_noise='4시간 38 =' -> '4시간 38분' (repair_noisy_hour_minute) / direct_parse='4시간 38분' => 07:28 미미르 / 현재=02:50:38 / 남은시간=4시간 38분 / 계산=07:28 / warnings=MULTI_TIMER_IN_SLOT
[이미지 6] area=니플하임 base=02:50:39
  ocr2 fixed=1600x900 window=176,190,1410,709 area=니플하임 best=니플하임 final=니플하임 reason=fixed_definition_overlap highlight=- fixed_tab=- def=103 def_boss=1 slot_match=1 slot_strong=1 slot_full=1 base=02:50:39 diag=ok=1 err=- img=1258952 src=1600x900 ocr=1600x900 lines=13 words=23 text=73
  slot 1 히로킨 [TIMED] [words_compact]=2일 7시간 ; segments=0 | 2일 | 7시간 | 남음 -> compact='02일7시간남음' ; unit_inferred=2일 7시간 / direct_parse='2일 7시간' / ocr2_retries=1 => 히로킨 2일 7시간 / 현재=02:50:39 / 남은시간=2일 7시간 / 계산=09:50 / warnings=MULTI_TIMER_IN_SLOT
  slot 2 헤이드 [TIMED] [words_compact]=28분 31초 ; segments=0 | 28분 | 31초 | 남음 -> compact='028분31초남음' ; unit_inferred=28분 31초 / direct_parse='28분 31초' / ocr2_retries=1 => 03:19:10 헤이드 / 현재=02:50:39 / 남은시간=28분 31초 / 계산=03:19:10 / warnings=MULTI_TIMER_IN_SLOT
  slot 3 이미르 [TIMED] [words_compact]=4일 10시간 ; segments=0 | 4일 | 10시간 | 남음 -> compact='04일10시간남음' ; unit_inferred=4일 10시간 / direct_parse='4일 10시간' / ocr2_retries=1 => 이미르 4일 10시간 / 현재=02:50:39 / 남은시간=4일 10시간 / 계산=12:50 / warnings=MULTI_TIMER_IN_SLOT
  slot 4 호드 [TIMED] [words]=4시간 19분 ; segments=0 | 4시간 | 19 | = | “ | 남음 -> spaced='0 4시간 19 = “ 남음' ; prefix_noise='4시간 19 = “' -> '4시간 19분' (repair_noisy_hour_minute) / direct_parse='4시간 19분' => 07:09 호드 / 현재=02:50:39 / 남은시간=4시간 19분 / 계산=07:09 / warnings=MULTI_TIMER_IN_SLOT
  slot 5 프레이 [TIMED] [words]=4시간 20분 ; segments=0 | 4시간 | 20 | = | 남음 -> spaced='0 4시간 20 = 남음' ; prefix_noise='4시간 20 =' -> '4시간 20분' (repair_noisy_hour_minute) / direct_parse='4시간 20분' => 07:10 프레이 / 현재=02:50:39 / 남은시간=4시간 20분 / 계산=07:10 / warnings=MULTI_TIMER_IN_SLOT

[2026-05-07 02:54:31] mode=ocr2
[이미지 1] area=니플하임 base=02:54:19
  ocr2 fixed=1600x900 window=176,190,1410,709 area=니플하임 best=니플하임 final=니플하임 reason=fixed_definition_overlap highlight=- fixed_tab=- def=103 def_boss=1 slot_match=1 slot_strong=1 slot_full=1 base=02:54:19 diag=ok=1 err=- img=1080263 src=1600x900 ocr=1600x900 lines=13 words=25 text=75
  slot 1 히로킨 [TIMED] [words_compact]=2일 7시간 ; segments=0 | 2일 | 7시간 | 남음 -> compact='02일7시간남음' ; unit_inferred=2일 7시간 / direct_parse='2일 7시간' / ocr2_retries=1 => 히로킨 2일 7시간 / 현재=02:54:19 / 남은시간=2일 7시간 / 계산=09:54 / warnings=MULTI_TIMER_IN_SLOT
  slot 2 헤이드 [TIMED] [words_compact]=24분 51초 ; segments=0 | 24분 | 51초 | 남음 -> compact='024분51초남음' ; unit_inferred=24분 51초 / direct_parse='24분 51초' / ocr2_retries=1 => 03:19:10 헤이드 / 현재=02:54:19 / 남은시간=24분 51초 / 계산=03:19:10 / warnings=MULTI_TIMER_IN_SLOT
  slot 3 이미르 [TIMED] [words_compact]=4일 10시간 ; segments=0 | 4일 | 10시간 | 남음 -> compact='04일10시간남음' ; unit_inferred=4일 10시간 / direct_parse='4일 10시간' / ocr2_retries=1 => 이미르 4일 10시간 / 현재=02:54:19 / 남은시간=4일 10시간 / 계산=12:54 / warnings=MULTI_TIMER_IN_SLOT
  slot 4 호드 [TIMED] [words]=4시간 15분 ; segments=0 | 4시간 | 1 | 5 | 분 | 남음 -> spaced='0 4시간 1 5 분 남음' ; prefix_noise='4시간 1 5 분' -> '4시간 15분' (merge_split_minute_digits_after_hour, repair_noisy_hour_minute) / direct_parse='4시간 15분' => 07:09 호드 / 현재=02:54:19 / 남은시간=4시간 15분 / 계산=07:09 / warnings=MULTI_TIMER_IN_SLOT
  slot 5 프레이 [TIMED] [words]=4시간 17분 ; segments=0 | 4시간 | 1 | 7 | = | - | 남음 -> spaced='0 4시간 1 7 = - 남음' ; prefix_noise='4시간 1 7 = -' -> '4시간 17분' (repair_split_minute_digits_after_hour, repair_noisy_hour_minute) / direct_parse='4시간 17분' => 07:11 프레이 / 현재=02:54:19 / 남은시간=4시간 17분 / 계산=07:11 / warnings=MULTI_TIMER_IN_SLOT
[이미지 2] area=요툰하임 base=02:54:21
  ocr2 fixed=1600x900 window=176,190,1410,709 area=요툰하임 best=요툰하임 final=요툰하임 reason=fixed_full_name_2plus highlight=- fixed_tab=- def=337 def_boss=4 slot_match=3 slot_strong=3 slot_full=3 base=02:54:21 diag=ok=1 err=- img=1362145 src=1600x900 ocr=1600x900 lines=31 words=62 text=211
  slot 1 파르바 [TIMED] [words_compact]=8시간 34분 ; segments=0 | 8시간 | 34분 | 남음 -> compact='08시간34분남음' ; prefix_noise='8시간34분' -> '8시간 34분' (repair_noisy_hour_minute) / direct_parse='8시간 34분' => 11:28 파르바 / 현재=02:54:21 / 남은시간=8시간 34분 / 계산=11:28 / warnings=MULTI_TIMER_IN_SLOT
  slot 2 흐니르 [TIMED] [words_split_digits]=7시간 47분 ; segments=0 | 7 | 시간 | 47 | = | - | 남음 -> merged_digits='07 시간 47 = - 남음' ; prefix_noise='7시간 47 = -' -> '7시간 47분' (repair_noisy_hour_minute) / direct_parse='7시간 47분' => 10:41 흐니르 / 현재=02:54:21 / 남은시간=7시간 47분 / 계산=10:41 / warnings=MULTI_TIMER_IN_SLOT
  slot 3 바우티 [TIMED] [words_compact]=7시간 7분 ; segments=0 | 7시간 | 7분 | 남음 -> compact='07시간7분남음' ; prefix_noise='7시간7분' -> '7시간 7분' (repair_noisy_hour_minute) / direct_parse='7시간 7분' => 10:01 바우티 / 현재=02:54:21 / 남은시간=7시간 7분 / 계산=10:01 / warnings=MULTI_TIMER_IN_SLOT
  slot 4 야른 [TIMED] [words_compact]=8시간 33분 ; segments=0 | 8시간 | 33분 | 남음 -> compact='08시간33분남음' ; prefix_noise='8시간33분' -> '8시간 33분' (repair_noisy_hour_minute) / direct_parse='8시간 33분' => 11:27 야른 / 현재=02:54:21 / 남은시간=8시간 33분 / 계산=11:27 / warnings=MULTI_TIMER_IN_SLOT
  slot 5 셀로비아 [TIMED] [words_compact]=7시간 7분 ; segments=0 | 7시간 | 7분 | 남음 -> compact='07시간7분남음' ; prefix_noise='7시간7분' -> '7시간 7분' (repair_noisy_hour_minute) / direct_parse='7시간 7분' => 10:01 셀로비아 / 현재=02:54:21 / 남은시간=7시간 7분 / 계산=10:01 / warnings=MULTI_TIMER_IN_SLOT
  slot 6 페티 [TIMED] [words]=10시간 12분 ; segments=0 | 10시간 | 12 | = | - | 남음 -> spaced='0 10시간 12 = - 남음' ; prefix_noise='10시간 12 = -' -> '10시간 12분' (repair_noisy_hour_minute) / direct_parse='10시간 12분' => 13:06 페티 / 현재=02:54:21 / 남은시간=10시간 12분 / 계산=13:06 / warnings=MULTI_TIMER_IN_SLOT
  slot 7 니드호그 [TIMED] [words_split_digits]=8시간 16분 ; segments=0 | 8 | 시간 | 16 | 분 | 남음 -> merged_digits='08 시간 16 분 남음' ; prefix_noise='8시간 16 분' -> '8시간 16분' (repair_noisy_hour_minute) / direct_parse='8시간 16분' => 11:10 니드호그 / 현재=02:54:21 / 남은시간=8시간 16분 / 계산=11:10 / warnings=MULTI_TIMER_IN_SLOT
  slot 8 티르 [TIMED] [words_compact]=1일 13시간 ; segments=0 | 1일 | 13시간 | 남음 -> compact='01일13시간남음' ; unit_inferred=1일 13시간 / direct_parse='1일 13시간' => 티르 1일 13시간 / 현재=02:54:21 / 남은시간=1일 13시간 / 계산=15:54 / warnings=MULTI_TIMER_IN_SLOT
[이미지 3] area=니다벨리르 base=02:54:22
  ocr2 fixed=1600x900 window=176,190,1410,709 area=니다벨리르 best=니다벨리르 final=니다벨리르 reason=fixed_full_name_2plus highlight=- fixed_tab=- def=234 def_boss=3 slot_match=4 slot_strong=4 slot_full=4 base=02:54:22 diag=ok=1 err=- img=1345467 src=1600x900 ocr=1600x900 lines=33 words=64 text=226
  slot 1 라이노르 [TIMED] [words_compact]=8시간 9분 ; segments=0 | 8시간 | 9분 | 남음 -> compact='08시간9분남음' ; prefix_noise='8시간9분' -> '8시간 9분' (repair_noisy_hour_minute) / direct_parse='8시간 9분' => 11:03 라이노르 / 현재=02:54:22 / 남은시간=8시간 9분 / 계산=11:03 / warnings=MULTI_TIMER_IN_SLOT
  slot 2 헤르모드 [TIMED] [words]=10시간 31분 ; segments=0 | 10시간 | 3 | 1 | 분 | 남음 -> spaced='0 10시간 3 1 분 남음' ; direct_parse='10시간 31분' => 13:25 헤르모드 / 현재=02:54:22 / 남은시간=10시간 31분 / 계산=13:25 / warnings=MULTI_TIMER_IN_SLOT
  slot 3 브륀힐드 [TIMED] [words_compact]=7시간 48분 ; segments=0 | 7시간 | 48분 | 남음 -> compact='07시간48분남음' ; prefix_noise='7시간48분' -> '7시간 48분' (repair_noisy_hour_minute) / direct_parse='7시간 48분' => 10:42 브륀힐드 / 현재=02:54:22 / 남은시간=7시간 48분 / 계산=10:42 / warnings=MULTI_TIMER_IN_SLOT
  slot 4 수드리 [TIMED] [words_compact]=9시간 14분 ; segments=0 | 9시간 | 14분 | 남음 -> compact='09시간14분남음' ; prefix_noise='9시간14분' -> '9시간 14분' (repair_noisy_hour_minute) / direct_parse='9시간 14분' => 12:08 수드리 / 현재=02:54:22 / 남은시간=9시간 14분 / 계산=12:08 / warnings=MULTI_TIMER_IN_SLOT
  slot 5 비요른 [TIMED] [words]=9시간 58분 ; segments=0 | 9시간 | 58 | = | 남음 -> spaced='0 9시간 58 = 남음' ; prefix_noise='9시간 58 =' -> '9시간 58분' (repair_noisy_hour_minute) / direct_parse='9시간 58분' => 12:52 비요른 / 현재=02:54:22 / 남은시간=9시간 58분 / 계산=12:52 / warnings=MULTI_TIMER_IN_SLOT
  slot 6 스칼라니르 [TIMED] [words]=10시간 17분 ; segments=0 | 10시간 | 1 | 7 | = | - | 남음 -> spaced='0 10시간 1 7 = - 남음' ; prefix_noise='10시간 1 7 = -' -> '10시간 17분' (repair_split_minute_digits_after_hour, repair_noisy_hour_minute) / direct_parse='10시간 17분' => 13:11 스칼라니르 / 현재=02:54:22 / 남은시간=10시간 17분 / 계산=13:11 / warnings=MULTI_TIMER_IN_SLOT
  slot 7 라타토스크 [TIMED] [words_compact]=7시간 47분 ; segments=0 | 7시간 | 47분 | 남음 -> compact='07시간47분남음' ; prefix_noise='7시간47분' -> '7시간 47분' (repair_noisy_hour_minute) / direct_parse='7시간 47분' => 10:41 라타토스크 / 현재=02:54:22 / 남은시간=7시간 47분 / 계산=10:41 / warnings=MULTI_TIMER_IN_SLOT
  slot 8 토르 [TIMED] [words_compact]=2일 15시간 ; segments=0 | 2일 | 15시간 | 남음 -> compact='02일15시간남음' ; unit_inferred=2일 15시간 / direct_parse='2일 15시간' => 토르 2일 15시간 / 현재=02:54:22 / 남은시간=2일 15시간 / 계산=17:54 / warnings=MULTI_TIMER_IN_SLOT

[2026-05-07 02:54:36] mode=ocr
[이미지 1] area=니플하임 base=02:54:19
  ocr window=0,167,1600,718 area=니플하임 best=니플하임 reason=fixed_definition_overlap highlight=- top=0 def=103 def_terms=1 def_boss=1 slot_exact=2 slot_boss=2 slot_match=1 slot_strong=1 slot_full=1 exact_boss=0 boss=0 grid=2 empty=3 base=02:54:19 diag=ok=1 err=- img=1080263 src=1600x900 ocr=1600x900 lines=13 words=25 text=75
  slot 1 히로킨 [TIMED] [words_compact]=2일 7시간 ; segments=0 | 2일 | 7시간 -> compact='02일7시간' ; unit_inferred=2일 7시간 / direct_parse='2일 7시간' => 히로킨 2일 7시간 / 현재=02:54:19 / 남은시간=2일 7시간 / 계산=09:54 / warnings=MULTI_TIMER_IN_SLOT
  slot 2 헤이드 [TIMED] [words_compact]=24분 51초 ; segments=0 | 24분 | 51초 | 남음 -> compact='024분51초남음' ; unit_inferred=24분 51초 / direct_parse='24분 51초' => 03:19:10 헤이드 / 현재=02:54:19 / 남은시간=24분 51초 / 계산=03:19:10 / warnings=MULTI_TIMER_IN_SLOT
  slot 3 이미르 [TIMED] [words_compact]=4일 10시간 ; segments=4일 | 10시간 | 남음 -> compact='4일10시간남음' ; unit_inferred=4일 10시간 / direct_parse='4일 10시간' => 이미르 4일 10시간 / 현재=02:54:19 / 남은시간=4일 10시간 / 계산=12:54 / warnings=MULTI_TIMER_IN_SLOT
  slot 4 호드 [TIMED] [words]=4시간 15분 ; segments=0 | 4시간 | 1 | 5 | 분 | 남음 -> spaced='0 4시간 1 5 분 남음' ; prefix_noise='4시간 1 5 분' -> '4시간 15분' (merge_split_minute_digits_after_hour, repair_noisy_hour_minute) / direct_parse='4시간 15분' => 07:09 호드 / 현재=02:54:19 / 남은시간=4시간 15분 / 계산=07:09 / warnings=MULTI_TIMER_IN_SLOT
  slot 5 프레이 [TIMED] [words]=4시간 17분 ; segments=0 | 4시간 | 1 | 7 | = | - | 남음 -> spaced='0 4시간 1 7 = - 남음' ; prefix_noise='4시간 1 7 = -' -> '4시간 17분' (repair_split_minute_digits_after_hour, repair_noisy_hour_minute) / direct_parse='4시간 17분' => 07:11 프레이 / 현재=02:54:19 / 남은시간=4시간 17분 / 계산=07:11 / warnings=MULTI_TIMER_IN_SLOT
[이미지 2] area=요툰하임 base=02:54:21
  ocr window=0,164,1600,730 area=요툰하임 best=요툰하임 reason=fixed_full_name_2plus highlight=- top=0 def=337 def_terms=4 def_boss=4 slot_exact=6 slot_boss=6 slot_match=3 slot_strong=3 slot_full=3 exact_boss=8 boss=10 grid=8 empty=0 base=02:54:21 diag=ok=1 err=- img=1362145 src=1600x900 ocr=1600x900 lines=31 words=62 text=211
  slot 1 파르바 [TIMED] [words_compact]=8시간 34분 ; segments=0 | 8시간 | 34분 | 남음 -> compact='08시간34분남음' ; prefix_noise='8시간34분' -> '8시간 34분' (repair_noisy_hour_minute) / direct_parse='8시간 34분' => 11:28 파르바 / 현재=02:54:21 / 남은시간=8시간 34분 / 계산=11:28 / warnings=MULTI_TIMER_IN_SLOT
  slot 2 흐니르 [TIMED] [words_split_digits]=7시간 47분 ; segments=0 | 7 | 시간 | 47 | = | - | 남음 -> merged_digits='07 시간 47 = - 남음' ; prefix_noise='7시간 47 = -' -> '7시간 47분' (repair_noisy_hour_minute) / direct_parse='7시간 47분' => 10:41 흐니르 / 현재=02:54:21 / 남은시간=7시간 47분 / 계산=10:41 / warnings=MULTI_TIMER_IN_SLOT
  slot 3 바우티 [TIMED] [card_words_group_merge]=7시간 7분 ; card_segments=0 | 7시간 | 7분 | 남음 | 0 -> merged_spaced='0 7시간 7분 남음 0' ; prefix_noise='7시간 7분 0' -> '7시간 7분' (repair_noisy_hour_minute) / direct_parse='7시간 7분' => 10:01 바우티 / 현재=02:54:21 / 남은시간=7시간 7분 / 계산=10:01 / warnings=MULTI_TIMER_IN_SLOT
  slot 4 야른 [TIMED] [words_compact]=8시간 33분 ; segments=8시간 | 33분 | 남음 -> compact='8시간33분남음' ; prefix_noise='8시간33분' -> '8시간 33분' (repair_noisy_hour_minute) / direct_parse='8시간 33분' => 11:27 야른 / 현재=02:54:21 / 남은시간=8시간 33분 / 계산=11:27 / warnings=MULTI_TIMER_IN_SLOT
  slot 5 셀로비아 [TIMED] [words_compact]=7시간 7분 ; segments=0 | 7시간 | 7분 | 남음 -> compact='07시간7분남음' ; prefix_noise='7시간7분' -> '7시간 7분' (repair_noisy_hour_minute) / direct_parse='7시간 7분' => 10:01 셀로비아 / 현재=02:54:21 / 남은시간=7시간 7분 / 계산=10:01 / warnings=MULTI_TIMER_IN_SLOT
  slot 6 페티 [TIMED] [words]=10시간 12분 ; segments=0 | 10시간 | 12 | = | 남음 -> spaced='0 10시간 12 = 남음' ; prefix_noise='10시간 12 =' -> '10시간 12분' (repair_noisy_hour_minute) / direct_parse='10시간 12분' => 13:06 페티 / 현재=02:54:21 / 남은시간=10시간 12분 / 계산=13:06 / warnings=MULTI_TIMER_IN_SLOT
  slot 7 니드호그 [TIMED] [card_words_group_merge]=8시간 16분 ; card_segments=8 | 시간 | 16 | 분 | 남음 | 0 -> merged_spaced='8 시간 16 분 남음 0' ; prefix_noise='8 시간 16 분 0' -> '8시간 16분' (repair_noisy_hour_minute) / direct_parse='8시간 16분' => 11:10 니드호그 / 현재=02:54:21 / 남은시간=8시간 16분 / 계산=11:10 / warnings=MULTI_TIMER_IN_SLOT
  slot 8 티르 [TIMED] [words_compact]=1일 13시간 ; segments=1일 | 13시간 | 남음 -> compact='1일13시간남음' ; unit_inferred=1일 13시간 / direct_parse='1일 13시간' => 티르 1일 13시간 / 현재=02:54:21 / 남은시간=1일 13시간 / 계산=15:54 / warnings=MULTI_TIMER_IN_SLOT
[이미지 3] area=니다벨리르 base=02:54:22
  ocr window=0,164,1600,730 area=니다벨리르 best=니다벨리르 reason=fixed_full_name_2plus highlight=- top=0 def=234 def_terms=3 def_boss=3 slot_exact=4 slot_boss=5 slot_match=3 slot_strong=3 slot_full=3 exact_boss=8 boss=8 grid=8 empty=0 base=02:54:22 diag=ok=1 err=- img=1345467 src=1600x900 ocr=1600x900 lines=33 words=64 text=226
  slot 1 라이노르 [TIMED] [words_compact]=8시간 9분 ; segments=0 | 8시간 | 9분 | 남음 -> compact='08시간9분남음' ; prefix_noise='8시간9분' -> '8시간 9분' (repair_noisy_hour_minute) / direct_parse='8시간 9분' => 11:03 라이노르 / 현재=02:54:22 / 남은시간=8시간 9분 / 계산=11:03 / warnings=MULTI_TIMER_IN_SLOT
  slot 2 헤르모드 [TIMED] [words]=10시간 31분 ; segments=0 | 10시간 | 3 | 1 | 분 | 남음 -> spaced='0 10시간 3 1 분 남음' ; direct_parse='10시간 31분' => 13:25 헤르모드 / 현재=02:54:22 / 남은시간=10시간 31분 / 계산=13:25 / warnings=MULTI_TIMER_IN_SLOT
  slot 3 브륀힐드 [TIMED] [card_words_group_merge_compact]=7시간 48분 ; card_segments=7시간 | 48분 | 남음 | 0 -> merged_compact='7시간48분남음0' ; prefix_noise='7시간48분0' -> '7시간 48분' (repair_noisy_hour_minute) / direct_parse='7시간 48분' => 10:42 브륀힐드 / 현재=02:54:22 / 남은시간=7시간 48분 / 계산=10:42 / warnings=MULTI_TIMER_IN_SLOT
  slot 4 수드리 [TIMED] [words_compact]=9시간 14분 ; segments=9시간 | 14분 | 남음 -> compact='9시간14분남음' ; prefix_noise='9시간14분' -> '9시간 14분' (repair_noisy_hour_minute) / direct_parse='9시간 14분' => 12:08 수드리 / 현재=02:54:22 / 남은시간=9시간 14분 / 계산=12:08 / warnings=MULTI_TIMER_IN_SLOT
  slot 5 비요른 [TIMED] [words]=9시간 58분 ; segments=0 | 9시간 | 58 | = | 남음 -> spaced='0 9시간 58 = 남음' ; prefix_noise='9시간 58 =' -> '9시간 58분' (repair_noisy_hour_minute) / direct_parse='9시간 58분' => 12:52 비요른 / 현재=02:54:22 / 남은시간=9시간 58분 / 계산=12:52 / warnings=MULTI_TIMER_IN_SLOT
  slot 6 스칼라니르 [TIMED] [words]=10시간 17분 ; segments=0 | 10시간 | 1 | 7 | = | 남음 -> spaced='0 10시간 1 7 = 남음' ; prefix_noise='10시간 1 7 =' -> '10시간 17분' (repair_split_minute_digits_after_hour, repair_noisy_hour_minute) / direct_parse='10시간 17분' => 13:11 스칼라니르 / 현재=02:54:22 / 남은시간=10시간 17분 / 계산=13:11 / warnings=MULTI_TIMER_IN_SLOT
  slot 7 라타토스크 [TIMED] [card_words_group_merge_compact]=7시간 47분 ; card_segments=7시간 | 47분 | 남음 | 0 -> merged_compact='7시간47분남음0' ; prefix_noise='7시간47분0' -> '7시간 47분' (repair_noisy_hour_minute) / direct_parse='7시간 47분' => 10:41 라타토스크 / 현재=02:54:22 / 남은시간=7시간 47분 / 계산=10:41 / warnings=MULTI_TIMER_IN_SLOT
  slot 8 토르 [TIMED] [words_compact]=2일 15시간 ; segments=2일 | 15시간 | 남음 -> compact='2일15시간남음' ; unit_inferred=2일 15시간 / direct_parse='2일 15시간' => 토르 2일 15시간 / 현재=02:54:22 / 남은시간=2일 15시간 / 계산=17:54 / warnings=MULTI_TIMER_IN_SLOT

[2026-05-07 02:55:26] mode=ocr2
[이미지 1] area=니플하임 base=02:54:19
  ocr2 fixed=1600x900 window=176,190,1410,709 area=니플하임 best=니플하임 final=니플하임 reason=fixed_definition_overlap highlight=- fixed_tab=- def=103 def_boss=1 slot_match=1 slot_strong=1 slot_full=1 base=02:54:19 diag=ok=1 err=- img=1080263 src=1600x900 ocr=1600x900 lines=13 words=25 text=75
  slot 1 히로킨 [TIMED] [words_compact]=2일 7시간 ; segments=0 | 2일 | 7시간 | 남음 -> compact='02일7시간남음' ; unit_inferred=2일 7시간 / direct_parse='2일 7시간' / ocr2_retries=1 => 히로킨 2일 7시간 / 현재=02:54:19 / 남은시간=2일 7시간 / 계산=09:54 / warnings=MULTI_TIMER_IN_SLOT
  slot 2 헤이드 [TIMED] [words_compact]=24분 51초 ; segments=0 | 24분 | 51초 | 남음 -> compact='024분51초남음' ; unit_inferred=24분 51초 / direct_parse='24분 51초' / ocr2_retries=1 => 03:19:10 헤이드 / 현재=02:54:19 / 남은시간=24분 51초 / 계산=03:19:10 / warnings=MULTI_TIMER_IN_SLOT
  slot 3 이미르 [TIMED] [words_compact]=4일 10시간 ; segments=0 | 4일 | 10시간 | 남음 -> compact='04일10시간남음' ; unit_inferred=4일 10시간 / direct_parse='4일 10시간' / ocr2_retries=1 => 이미르 4일 10시간 / 현재=02:54:19 / 남은시간=4일 10시간 / 계산=12:54 / warnings=MULTI_TIMER_IN_SLOT
  slot 4 호드 [TIMED] [words]=4시간 15분 ; segments=0 | 4시간 | 1 | 5 | 분 | 남음 -> spaced='0 4시간 1 5 분 남음' ; prefix_noise='4시간 1 5 분' -> '4시간 15분' (merge_split_minute_digits_after_hour, repair_noisy_hour_minute) / direct_parse='4시간 15분' => 07:09 호드 / 현재=02:54:19 / 남은시간=4시간 15분 / 계산=07:09 / warnings=MULTI_TIMER_IN_SLOT
  slot 5 프레이 [TIMED] [words]=4시간 17분 ; segments=0 | 4시간 | 1 | 7 | = | - | 남음 -> spaced='0 4시간 1 7 = - 남음' ; prefix_noise='4시간 1 7 = -' -> '4시간 17분' (repair_split_minute_digits_after_hour, repair_noisy_hour_minute) / direct_parse='4시간 17분' => 07:11 프레이 / 현재=02:54:19 / 남은시간=4시간 17분 / 계산=07:11 / warnings=MULTI_TIMER_IN_SLOT
[이미지 2] area=요툰하임 base=02:54:21
  ocr2 fixed=1600x900 window=176,190,1410,709 area=요툰하임 best=요툰하임 final=요툰하임 reason=fixed_full_name_2plus highlight=- fixed_tab=- def=337 def_boss=4 slot_match=3 slot_strong=3 slot_full=3 base=02:54:21 diag=ok=1 err=- img=1362145 src=1600x900 ocr=1600x900 lines=31 words=62 text=211
  slot 1 파르바 [TIMED] [words_compact]=8시간 34분 ; segments=0 | 8시간 | 34분 | 남음 -> compact='08시간34분남음' ; prefix_noise='8시간34분' -> '8시간 34분' (repair_noisy_hour_minute) / direct_parse='8시간 34분' => 11:28 파르바 / 현재=02:54:21 / 남은시간=8시간 34분 / 계산=11:28 / warnings=MULTI_TIMER_IN_SLOT
  slot 2 흐니르 [TIMED] [words_split_digits]=7시간 47분 ; segments=0 | 7 | 시간 | 47 | = | - | 남음 -> merged_digits='07 시간 47 = - 남음' ; prefix_noise='7시간 47 = -' -> '7시간 47분' (repair_noisy_hour_minute) / direct_parse='7시간 47분' => 10:41 흐니르 / 현재=02:54:21 / 남은시간=7시간 47분 / 계산=10:41 / warnings=MULTI_TIMER_IN_SLOT
  slot 3 바우티 [TIMED] [words_compact]=7시간 7분 ; segments=0 | 7시간 | 7분 | 남음 -> compact='07시간7분남음' ; prefix_noise='7시간7분' -> '7시간 7분' (repair_noisy_hour_minute) / direct_parse='7시간 7분' => 10:01 바우티 / 현재=02:54:21 / 남은시간=7시간 7분 / 계산=10:01 / warnings=MULTI_TIMER_IN_SLOT
  slot 4 야른 [TIMED] [words_compact]=8시간 33분 ; segments=0 | 8시간 | 33분 | 남음 -> compact='08시간33분남음' ; prefix_noise='8시간33분' -> '8시간 33분' (repair_noisy_hour_minute) / direct_parse='8시간 33분' => 11:27 야른 / 현재=02:54:21 / 남은시간=8시간 33분 / 계산=11:27 / warnings=MULTI_TIMER_IN_SLOT
  slot 5 셀로비아 [TIMED] [words_compact]=7시간 7분 ; segments=0 | 7시간 | 7분 | 남음 -> compact='07시간7분남음' ; prefix_noise='7시간7분' -> '7시간 7분' (repair_noisy_hour_minute) / direct_parse='7시간 7분' => 10:01 셀로비아 / 현재=02:54:21 / 남은시간=7시간 7분 / 계산=10:01 / warnings=MULTI_TIMER_IN_SLOT
  slot 6 페티 [TIMED] [words]=10시간 12분 ; segments=0 | 10시간 | 12 | = | - | 남음 -> spaced='0 10시간 12 = - 남음' ; prefix_noise='10시간 12 = -' -> '10시간 12분' (repair_noisy_hour_minute) / direct_parse='10시간 12분' => 13:06 페티 / 현재=02:54:21 / 남은시간=10시간 12분 / 계산=13:06 / warnings=MULTI_TIMER_IN_SLOT
  slot 7 니드호그 [TIMED] [words_split_digits]=8시간 16분 ; segments=0 | 8 | 시간 | 16 | 분 | 남음 -> merged_digits='08 시간 16 분 남음' ; prefix_noise='8시간 16 분' -> '8시간 16분' (repair_noisy_hour_minute) / direct_parse='8시간 16분' => 11:10 니드호그 / 현재=02:54:21 / 남은시간=8시간 16분 / 계산=11:10 / warnings=MULTI_TIMER_IN_SLOT
  slot 8 티르 [TIMED] [words_compact]=1일 13시간 ; segments=0 | 1일 | 13시간 | 남음 -> compact='01일13시간남음' ; unit_inferred=1일 13시간 / direct_parse='1일 13시간' => 티르 1일 13시간 / 현재=02:54:21 / 남은시간=1일 13시간 / 계산=15:54 / warnings=MULTI_TIMER_IN_SLOT
[이미지 3] area=니다벨리르 base=02:54:22
  ocr2 fixed=1600x900 window=176,190,1410,709 area=니다벨리르 best=니다벨리르 final=니다벨리르 reason=fixed_full_name_2plus highlight=- fixed_tab=- def=234 def_boss=3 slot_match=4 slot_strong=4 slot_full=4 base=02:54:22 diag=ok=1 err=- img=1345467 src=1600x900 ocr=1600x900 lines=33 words=64 text=226
  slot 1 라이노르 [TIMED] [words_compact]=8시간 9분 ; segments=0 | 8시간 | 9분 | 남음 -> compact='08시간9분남음' ; prefix_noise='8시간9분' -> '8시간 9분' (repair_noisy_hour_minute) / direct_parse='8시간 9분' => 11:03 라이노르 / 현재=02:54:22 / 남은시간=8시간 9분 / 계산=11:03 / warnings=MULTI_TIMER_IN_SLOT
  slot 2 헤르모드 [TIMED] [words]=10시간 31분 ; segments=0 | 10시간 | 3 | 1 | 분 | 남음 -> spaced='0 10시간 3 1 분 남음' ; direct_parse='10시간 31분' => 13:25 헤르모드 / 현재=02:54:22 / 남은시간=10시간 31분 / 계산=13:25 / warnings=MULTI_TIMER_IN_SLOT
  slot 3 브륀힐드 [TIMED] [words_compact]=7시간 48분 ; segments=0 | 7시간 | 48분 | 남음 -> compact='07시간48분남음' ; prefix_noise='7시간48분' -> '7시간 48분' (repair_noisy_hour_minute) / direct_parse='7시간 48분' => 10:42 브륀힐드 / 현재=02:54:22 / 남은시간=7시간 48분 / 계산=10:42 / warnings=MULTI_TIMER_IN_SLOT
  slot 4 수드리 [TIMED] [words_compact]=9시간 14분 ; segments=0 | 9시간 | 14분 | 남음 -> compact='09시간14분남음' ; prefix_noise='9시간14분' -> '9시간 14분' (repair_noisy_hour_minute) / direct_parse='9시간 14분' => 12:08 수드리 / 현재=02:54:22 / 남은시간=9시간 14분 / 계산=12:08 / warnings=MULTI_TIMER_IN_SLOT
  slot 5 비요른 [TIMED] [words]=9시간 58분 ; segments=0 | 9시간 | 58 | = | 남음 -> spaced='0 9시간 58 = 남음' ; prefix_noise='9시간 58 =' -> '9시간 58분' (repair_noisy_hour_minute) / direct_parse='9시간 58분' => 12:52 비요른 / 현재=02:54:22 / 남은시간=9시간 58분 / 계산=12:52 / warnings=MULTI_TIMER_IN_SLOT
  slot 6 스칼라니르 [TIMED] [words]=10시간 17분 ; segments=0 | 10시간 | 1 | 7 | = | - | 남음 -> spaced='0 10시간 1 7 = - 남음' ; prefix_noise='10시간 1 7 = -' -> '10시간 17분' (repair_split_minute_digits_after_hour, repair_noisy_hour_minute) / direct_parse='10시간 17분' => 13:11 스칼라니르 / 현재=02:54:22 / 남은시간=10시간 17분 / 계산=13:11 / warnings=MULTI_TIMER_IN_SLOT
  slot 7 라타토스크 [TIMED] [words_compact]=7시간 47분 ; segments=0 | 7시간 | 47분 | 남음 -> compact='07시간47분남음' ; prefix_noise='7시간47분' -> '7시간 47분' (repair_noisy_hour_minute) / direct_parse='7시간 47분' => 10:41 라타토스크 / 현재=02:54:22 / 남은시간=7시간 47분 / 계산=10:41 / warnings=MULTI_TIMER_IN_SLOT
  slot 8 토르 [TIMED] [words_compact]=2일 15시간 ; segments=0 | 2일 | 15시간 | 남음 -> compact='02일15시간남음' ; unit_inferred=2일 15시간 / direct_parse='2일 15시간' => 토르 2일 15시간 / 현재=02:54:22 / 남은시간=2일 15시간 / 계산=17:54 / warnings=MULTI_TIMER_IN_SLOT

[2026-05-07 02:55:26] mode=ocr
[이미지 1] area=니플하임 base=02:54:19
  ocr window=0,167,1600,718 area=니플하임 best=니플하임 reason=fixed_definition_overlap highlight=- top=0 def=103 def_terms=1 def_boss=1 slot_exact=2 slot_boss=2 slot_match=1 slot_strong=1 slot_full=1 exact_boss=0 boss=0 grid=2 empty=3 base=02:54:19 diag=ok=1 err=- img=1080263 src=1600x900 ocr=1600x900 lines=13 words=25 text=75
  slot 1 히로킨 [TIMED] [words_compact]=2일 7시간 ; segments=0 | 2일 | 7시간 -> compact='02일7시간' ; unit_inferred=2일 7시간 / direct_parse='2일 7시간' => 히로킨 2일 7시간 / 현재=02:54:19 / 남은시간=2일 7시간 / 계산=09:54 / warnings=MULTI_TIMER_IN_SLOT
  slot 2 헤이드 [TIMED] [words_compact]=24분 51초 ; segments=0 | 24분 | 51초 | 남음 -> compact='024분51초남음' ; unit_inferred=24분 51초 / direct_parse='24분 51초' => 03:19:10 헤이드 / 현재=02:54:19 / 남은시간=24분 51초 / 계산=03:19:10 / warnings=MULTI_TIMER_IN_SLOT
  slot 3 이미르 [TIMED] [words_compact]=4일 10시간 ; segments=4일 | 10시간 | 남음 -> compact='4일10시간남음' ; unit_inferred=4일 10시간 / direct_parse='4일 10시간' => 이미르 4일 10시간 / 현재=02:54:19 / 남은시간=4일 10시간 / 계산=12:54 / warnings=MULTI_TIMER_IN_SLOT
  slot 4 호드 [TIMED] [words]=4시간 15분 ; segments=0 | 4시간 | 1 | 5 | 분 | 남음 -> spaced='0 4시간 1 5 분 남음' ; prefix_noise='4시간 1 5 분' -> '4시간 15분' (merge_split_minute_digits_after_hour, repair_noisy_hour_minute) / direct_parse='4시간 15분' => 07:09 호드 / 현재=02:54:19 / 남은시간=4시간 15분 / 계산=07:09 / warnings=MULTI_TIMER_IN_SLOT
  slot 5 프레이 [TIMED] [words]=4시간 17분 ; segments=0 | 4시간 | 1 | 7 | = | - | 남음 -> spaced='0 4시간 1 7 = - 남음' ; prefix_noise='4시간 1 7 = -' -> '4시간 17분' (repair_split_minute_digits_after_hour, repair_noisy_hour_minute) / direct_parse='4시간 17분' => 07:11 프레이 / 현재=02:54:19 / 남은시간=4시간 17분 / 계산=07:11 / warnings=MULTI_TIMER_IN_SLOT
[이미지 2] area=요툰하임 base=02:54:21
  ocr window=0,164,1600,730 area=요툰하임 best=요툰하임 reason=fixed_full_name_2plus highlight=- top=0 def=337 def_terms=4 def_boss=4 slot_exact=6 slot_boss=6 slot_match=3 slot_strong=3 slot_full=3 exact_boss=8 boss=10 grid=8 empty=0 base=02:54:21 diag=ok=1 err=- img=1362145 src=1600x900 ocr=1600x900 lines=31 words=62 text=211
  slot 1 파르바 [TIMED] [words_compact]=8시간 34분 ; segments=0 | 8시간 | 34분 | 남음 -> compact='08시간34분남음' ; prefix_noise='8시간34분' -> '8시간 34분' (repair_noisy_hour_minute) / direct_parse='8시간 34분' => 11:28 파르바 / 현재=02:54:21 / 남은시간=8시간 34분 / 계산=11:28 / warnings=MULTI_TIMER_IN_SLOT
  slot 2 흐니르 [TIMED] [words_split_digits]=7시간 47분 ; segments=0 | 7 | 시간 | 47 | = | - | 남음 -> merged_digits='07 시간 47 = - 남음' ; prefix_noise='7시간 47 = -' -> '7시간 47분' (repair_noisy_hour_minute) / direct_parse='7시간 47분' => 10:41 흐니르 / 현재=02:54:21 / 남은시간=7시간 47분 / 계산=10:41 / warnings=MULTI_TIMER_IN_SLOT
  slot 3 바우티 [TIMED] [card_words_group_merge]=7시간 7분 ; card_segments=0 | 7시간 | 7분 | 남음 | 0 -> merged_spaced='0 7시간 7분 남음 0' ; prefix_noise='7시간 7분 0' -> '7시간 7분' (repair_noisy_hour_minute) / direct_parse='7시간 7분' => 10:01 바우티 / 현재=02:54:21 / 남은시간=7시간 7분 / 계산=10:01 / warnings=MULTI_TIMER_IN_SLOT
  slot 4 야른 [TIMED] [words_compact]=8시간 33분 ; segments=8시간 | 33분 | 남음 -> compact='8시간33분남음' ; prefix_noise='8시간33분' -> '8시간 33분' (repair_noisy_hour_minute) / direct_parse='8시간 33분' => 11:27 야른 / 현재=02:54:21 / 남은시간=8시간 33분 / 계산=11:27 / warnings=MULTI_TIMER_IN_SLOT
  slot 5 셀로비아 [TIMED] [words_compact]=7시간 7분 ; segments=0 | 7시간 | 7분 | 남음 -> compact='07시간7분남음' ; prefix_noise='7시간7분' -> '7시간 7분' (repair_noisy_hour_minute) / direct_parse='7시간 7분' => 10:01 셀로비아 / 현재=02:54:21 / 남은시간=7시간 7분 / 계산=10:01 / warnings=MULTI_TIMER_IN_SLOT
  slot 6 페티 [TIMED] [words]=10시간 12분 ; segments=0 | 10시간 | 12 | = | 남음 -> spaced='0 10시간 12 = 남음' ; prefix_noise='10시간 12 =' -> '10시간 12분' (repair_noisy_hour_minute) / direct_parse='10시간 12분' => 13:06 페티 / 현재=02:54:21 / 남은시간=10시간 12분 / 계산=13:06 / warnings=MULTI_TIMER_IN_SLOT
  slot 7 니드호그 [TIMED] [card_words_group_merge]=8시간 16분 ; card_segments=8 | 시간 | 16 | 분 | 남음 | 0 -> merged_spaced='8 시간 16 분 남음 0' ; prefix_noise='8 시간 16 분 0' -> '8시간 16분' (repair_noisy_hour_minute) / direct_parse='8시간 16분' => 11:10 니드호그 / 현재=02:54:21 / 남은시간=8시간 16분 / 계산=11:10 / warnings=MULTI_TIMER_IN_SLOT
  slot 8 티르 [TIMED] [words_compact]=1일 13시간 ; segments=1일 | 13시간 | 남음 -> compact='1일13시간남음' ; unit_inferred=1일 13시간 / direct_parse='1일 13시간' => 티르 1일 13시간 / 현재=02:54:21 / 남은시간=1일 13시간 / 계산=15:54 / warnings=MULTI_TIMER_IN_SLOT
[이미지 3] area=니다벨리르 base=02:54:22
  ocr window=0,164,1600,730 area=니다벨리르 best=니다벨리르 reason=fixed_full_name_2plus highlight=- top=0 def=234 def_terms=3 def_boss=3 slot_exact=4 slot_boss=5 slot_match=3 slot_strong=3 slot_full=3 exact_boss=8 boss=8 grid=8 empty=0 base=02:54:22 diag=ok=1 err=- img=1345467 src=1600x900 ocr=1600x900 lines=33 words=64 text=226
  slot 1 라이노르 [TIMED] [words_compact]=8시간 9분 ; segments=0 | 8시간 | 9분 | 남음 -> compact='08시간9분남음' ; prefix_noise='8시간9분' -> '8시간 9분' (repair_noisy_hour_minute) / direct_parse='8시간 9분' => 11:03 라이노르 / 현재=02:54:22 / 남은시간=8시간 9분 / 계산=11:03 / warnings=MULTI_TIMER_IN_SLOT
  slot 2 헤르모드 [TIMED] [words]=10시간 31분 ; segments=0 | 10시간 | 3 | 1 | 분 | 남음 -> spaced='0 10시간 3 1 분 남음' ; direct_parse='10시간 31분' => 13:25 헤르모드 / 현재=02:54:22 / 남은시간=10시간 31분 / 계산=13:25 / warnings=MULTI_TIMER_IN_SLOT
  slot 3 브륀힐드 [TIMED] [card_words_group_merge_compact]=7시간 48분 ; card_segments=7시간 | 48분 | 남음 | 0 -> merged_compact='7시간48분남음0' ; prefix_noise='7시간48분0' -> '7시간 48분' (repair_noisy_hour_minute) / direct_parse='7시간 48분' => 10:42 브륀힐드 / 현재=02:54:22 / 남은시간=7시간 48분 / 계산=10:42 / warnings=MULTI_TIMER_IN_SLOT
  slot 4 수드리 [TIMED] [words_compact]=9시간 14분 ; segments=9시간 | 14분 | 남음 -> compact='9시간14분남음' ; prefix_noise='9시간14분' -> '9시간 14분' (repair_noisy_hour_minute) / direct_parse='9시간 14분' => 12:08 수드리 / 현재=02:54:22 / 남은시간=9시간 14분 / 계산=12:08 / warnings=MULTI_TIMER_IN_SLOT
  slot 5 비요른 [TIMED] [words]=9시간 58분 ; segments=0 | 9시간 | 58 | = | 남음 -> spaced='0 9시간 58 = 남음' ; prefix_noise='9시간 58 =' -> '9시간 58분' (repair_noisy_hour_minute) / direct_parse='9시간 58분' => 12:52 비요른 / 현재=02:54:22 / 남은시간=9시간 58분 / 계산=12:52 / warnings=MULTI_TIMER_IN_SLOT
  slot 6 스칼라니르 [TIMED] [words]=10시간 17분 ; segments=0 | 10시간 | 1 | 7 | = | 남음 -> spaced='0 10시간 1 7 = 남음' ; prefix_noise='10시간 1 7 =' -> '10시간 17분' (repair_split_minute_digits_after_hour, repair_noisy_hour_minute) / direct_parse='10시간 17분' => 13:11 스칼라니르 / 현재=02:54:22 / 남은시간=10시간 17분 / 계산=13:11 / warnings=MULTI_TIMER_IN_SLOT
  slot 7 라타토스크 [TIMED] [card_words_group_merge_compact]=7시간 47분 ; card_segments=7시간 | 47분 | 남음 | 0 -> merged_compact='7시간47분남음0' ; prefix_noise='7시간47분0' -> '7시간 47분' (repair_noisy_hour_minute) / direct_parse='7시간 47분' => 10:41 라타토스크 / 현재=02:54:22 / 남은시간=7시간 47분 / 계산=10:41 / warnings=MULTI_TIMER_IN_SLOT
  slot 8 토르 [TIMED] [words_compact]=2일 15시간 ; segments=2일 | 15시간 | 남음 -> compact='2일15시간남음' ; unit_inferred=2일 15시간 / direct_parse='2일 15시간' => 토르 2일 15시간 / 현재=02:54:22 / 남은시간=2일 15시간 / 계산=17:54 / warnings=MULTI_TIMER_IN_SLOT

[2026-05-07 02:55:27] mode=ocr
[이미지 1] area=니플하임 base=02:54:19
  ocr window=0,167,1600,718 area=니플하임 best=니플하임 reason=fixed_definition_overlap highlight=- top=0 def=103 def_terms=1 def_boss=1 slot_exact=2 slot_boss=2 slot_match=1 slot_strong=1 slot_full=1 exact_boss=0 boss=0 grid=2 empty=3 base=02:54:19 diag=ok=1 err=- img=1080263 src=1600x900 ocr=1600x900 lines=13 words=25 text=75
  slot 2 헤이드 [TIMED] [words_compact]=24분 51초 ; segments=0 | 24분 | 51초 | 남음 -> compact='024분51초남음' ; unit_inferred=24분 51초 / direct_parse='24분 51초' => 03:19:10 침공 헤이드 / 현재=02:54:19 / 남은시간=24분 51초 / 계산=03:19:10 / warnings=MULTI_TIMER_IN_SLOT
  slot 4 호드 [TIMED] [words]=4시간 15분 ; segments=0 | 4시간 | 1 | 5 | 분 | 남음 -> spaced='0 4시간 1 5 분 남음' ; prefix_noise='4시간 1 5 분' -> '4시간 15분' (merge_split_minute_digits_after_hour, repair_noisy_hour_minute) / direct_parse='4시간 15분' => 07:09 침공 호드 / 현재=02:54:19 / 남은시간=4시간 15분 / 계산=07:09 / warnings=MULTI_TIMER_IN_SLOT
  slot 5 프레이 [TIMED] [words]=4시간 17분 ; segments=0 | 4시간 | 1 | 7 | = | - | 남음 -> spaced='0 4시간 1 7 = - 남음' ; prefix_noise='4시간 1 7 = -' -> '4시간 17분' (repair_split_minute_digits_after_hour, repair_noisy_hour_minute) / direct_parse='4시간 17분' => 07:11 침공 프레이 / 현재=02:54:19 / 남은시간=4시간 17분 / 계산=07:11 / warnings=MULTI_TIMER_IN_SLOT
[이미지 2] area=요툰하임 base=02:54:21
  ocr window=0,164,1600,730 area=요툰하임 best=요툰하임 reason=fixed_full_name_2plus highlight=- top=0 def=337 def_terms=4 def_boss=4 slot_exact=6 slot_boss=6 slot_match=3 slot_strong=3 slot_full=3 exact_boss=8 boss=10 grid=8 empty=0 base=02:54:21 diag=ok=1 err=- img=1362145 src=1600x900 ocr=1600x900 lines=31 words=62 text=211
  slot 1 파르바 [TIMED] [words_compact]=8시간 34분 ; segments=0 | 8시간 | 34분 | 남음 -> compact='08시간34분남음' ; prefix_noise='8시간34분' -> '8시간 34분' (repair_noisy_hour_minute) / direct_parse='8시간 34분' => 11:28 침공 파르바 / 현재=02:54:21 / 남은시간=8시간 34분 / 계산=11:28 / warnings=MULTI_TIMER_IN_SLOT
  slot 2 흐니르 [TIMED] [words_split_digits]=7시간 47분 ; segments=0 | 7 | 시간 | 47 | = | - | 남음 -> merged_digits='07 시간 47 = - 남음' ; prefix_noise='7시간 47 = -' -> '7시간 47분' (repair_noisy_hour_minute) / direct_parse='7시간 47분' => 10:41 침공 흐니르 / 현재=02:54:21 / 남은시간=7시간 47분 / 계산=10:41 / warnings=MULTI_TIMER_IN_SLOT
  slot 3 바우티 [TIMED] [card_words_group_merge]=7시간 7분 ; card_segments=0 | 7시간 | 7분 | 남음 | 0 -> merged_spaced='0 7시간 7분 남음 0' ; prefix_noise='7시간 7분 0' -> '7시간 7분' (repair_noisy_hour_minute) / direct_parse='7시간 7분' => 10:01 침공 바우티 / 현재=02:54:21 / 남은시간=7시간 7분 / 계산=10:01 / warnings=MULTI_TIMER_IN_SLOT
  slot 4 야른 [TIMED] [words_compact]=8시간 33분 ; segments=8시간 | 33분 | 남음 -> compact='8시간33분남음' ; prefix_noise='8시간33분' -> '8시간 33분' (repair_noisy_hour_minute) / direct_parse='8시간 33분' => 11:27 침공 야른 / 현재=02:54:21 / 남은시간=8시간 33분 / 계산=11:27 / warnings=MULTI_TIMER_IN_SLOT
  slot 5 셀로비아 [TIMED] [words_compact]=7시간 7분 ; segments=0 | 7시간 | 7분 | 남음 -> compact='07시간7분남음' ; prefix_noise='7시간7분' -> '7시간 7분' (repair_noisy_hour_minute) / direct_parse='7시간 7분' => 10:01 침공 셀로비아 / 현재=02:54:21 / 남은시간=7시간 7분 / 계산=10:01 / warnings=MULTI_TIMER_IN_SLOT
  slot 6 페티 [TIMED] [words]=10시간 12분 ; segments=0 | 10시간 | 12 | = | 남음 -> spaced='0 10시간 12 = 남음' ; prefix_noise='10시간 12 =' -> '10시간 12분' (repair_noisy_hour_minute) / direct_parse='10시간 12분' => 13:06 침공 페티 / 현재=02:54:21 / 남은시간=10시간 12분 / 계산=13:06 / warnings=MULTI_TIMER_IN_SLOT
  slot 7 니드호그 [TIMED] [card_words_group_merge]=8시간 16분 ; card_segments=8 | 시간 | 16 | 분 | 남음 | 0 -> merged_spaced='8 시간 16 분 남음 0' ; prefix_noise='8 시간 16 분 0' -> '8시간 16분' (repair_noisy_hour_minute) / direct_parse='8시간 16분' => 11:10 침공 니드호그 / 현재=02:54:21 / 남은시간=8시간 16분 / 계산=11:10 / warnings=MULTI_TIMER_IN_SLOT
[이미지 3] area=니다벨리르 base=02:54:22
  ocr window=0,164,1600,730 area=니다벨리르 best=니다벨리르 reason=fixed_full_name_2plus highlight=- top=0 def=234 def_terms=3 def_boss=3 slot_exact=4 slot_boss=5 slot_match=3 slot_strong=3 slot_full=3 exact_boss=8 boss=8 grid=8 empty=0 base=02:54:22 diag=ok=1 err=- img=1345467 src=1600x900 ocr=1600x900 lines=33 words=64 text=226
  slot 1 라이노르 [TIMED] [words_compact]=8시간 9분 ; segments=0 | 8시간 | 9분 | 남음 -> compact='08시간9분남음' ; prefix_noise='8시간9분' -> '8시간 9분' (repair_noisy_hour_minute) / direct_parse='8시간 9분' => 11:03 침공 라이노르 / 현재=02:54:22 / 남은시간=8시간 9분 / 계산=11:03 / warnings=MULTI_TIMER_IN_SLOT
  slot 2 헤르모드 [TIMED] [words]=10시간 31분 ; segments=0 | 10시간 | 3 | 1 | 분 | 남음 -> spaced='0 10시간 3 1 분 남음' ; direct_parse='10시간 31분' => 13:25 침공 헤르모드 / 현재=02:54:22 / 남은시간=10시간 31분 / 계산=13:25 / warnings=MULTI_TIMER_IN_SLOT
  slot 3 브륀힐드 [TIMED] [card_words_group_merge_compact]=7시간 48분 ; card_segments=7시간 | 48분 | 남음 | 0 -> merged_compact='7시간48분남음0' ; prefix_noise='7시간48분0' -> '7시간 48분' (repair_noisy_hour_minute) / direct_parse='7시간 48분' => 10:42 침공 브륀힐드 / 현재=02:54:22 / 남은시간=7시간 48분 / 계산=10:42 / warnings=MULTI_TIMER_IN_SLOT
  slot 4 수드리 [TIMED] [words_compact]=9시간 14분 ; segments=9시간 | 14분 | 남음 -> compact='9시간14분남음' ; prefix_noise='9시간14분' -> '9시간 14분' (repair_noisy_hour_minute) / direct_parse='9시간 14분' => 12:08 침공 수드리 / 현재=02:54:22 / 남은시간=9시간 14분 / 계산=12:08 / warnings=MULTI_TIMER_IN_SLOT
  slot 5 비요른 [TIMED] [words]=9시간 58분 ; segments=0 | 9시간 | 58 | = | 남음 -> spaced='0 9시간 58 = 남음' ; prefix_noise='9시간 58 =' -> '9시간 58분' (repair_noisy_hour_minute) / direct_parse='9시간 58분' => 12:52 침공 비요른 / 현재=02:54:22 / 남은시간=9시간 58분 / 계산=12:52 / warnings=MULTI_TIMER_IN_SLOT
  slot 6 스칼라니르 [TIMED] [words]=10시간 17분 ; segments=0 | 10시간 | 1 | 7 | = | 남음 -> spaced='0 10시간 1 7 = 남음' ; prefix_noise='10시간 1 7 =' -> '10시간 17분' (repair_split_minute_digits_after_hour, repair_noisy_hour_minute) / direct_parse='10시간 17분' => 13:11 침공 스칼라니르 / 현재=02:54:22 / 남은시간=10시간 17분 / 계산=13:11 / warnings=MULTI_TIMER_IN_SLOT
  slot 7 라타토스크 [TIMED] [card_words_group_merge_compact]=7시간 47분 ; card_segments=7시간 | 47분 | 남음 | 0 -> merged_compact='7시간47분남음0' ; prefix_noise='7시간47분0' -> '7시간 47분' (repair_noisy_hour_minute) / direct_parse='7시간 47분' => 10:41 침공 라타토스크 / 현재=02:54:22 / 남은시간=7시간 47분 / 계산=10:41 / warnings=MULTI_TIMER_IN_SLOT

[2026-05-07 02:55:27] mode=ocr2
[이미지 1] area=니플하임 base=02:54:19
  ocr2 fixed=1600x900 window=176,190,1410,709 area=니플하임 best=니플하임 final=니플하임 reason=fixed_definition_overlap highlight=- fixed_tab=- def=103 def_boss=1 slot_match=1 slot_strong=1 slot_full=1 base=02:54:19 diag=ok=1 err=- img=1080263 src=1600x900 ocr=1600x900 lines=13 words=25 text=75
  slot 2 헤이드 [TIMED] [words_compact]=24분 51초 ; segments=0 | 24분 | 51초 | 남음 -> compact='024분51초남음' ; unit_inferred=24분 51초 / direct_parse='24분 51초' / ocr2_retries=1 => 03:19:10 침공 헤이드 / 현재=02:54:19 / 남은시간=24분 51초 / 계산=03:19:10 / warnings=MULTI_TIMER_IN_SLOT
  slot 4 호드 [TIMED] [words]=4시간 15분 ; segments=0 | 4시간 | 1 | 5 | 분 | 남음 -> spaced='0 4시간 1 5 분 남음' ; prefix_noise='4시간 1 5 분' -> '4시간 15분' (merge_split_minute_digits_after_hour, repair_noisy_hour_minute) / direct_parse='4시간 15분' => 07:09 침공 호드 / 현재=02:54:19 / 남은시간=4시간 15분 / 계산=07:09 / warnings=MULTI_TIMER_IN_SLOT
  slot 5 프레이 [TIMED] [words]=4시간 17분 ; segments=0 | 4시간 | 1 | 7 | = | - | 남음 -> spaced='0 4시간 1 7 = - 남음' ; prefix_noise='4시간 1 7 = -' -> '4시간 17분' (repair_split_minute_digits_after_hour, repair_noisy_hour_minute) / direct_parse='4시간 17분' => 07:11 침공 프레이 / 현재=02:54:19 / 남은시간=4시간 17분 / 계산=07:11 / warnings=MULTI_TIMER_IN_SLOT
[이미지 2] area=요툰하임 base=02:54:21
  ocr2 fixed=1600x900 window=176,190,1410,709 area=요툰하임 best=요툰하임 final=요툰하임 reason=fixed_full_name_2plus highlight=- fixed_tab=- def=337 def_boss=4 slot_match=3 slot_strong=3 slot_full=3 base=02:54:21 diag=ok=1 err=- img=1362145 src=1600x900 ocr=1600x900 lines=31 words=62 text=211
  slot 1 파르바 [TIMED] [words_compact]=8시간 34분 ; segments=0 | 8시간 | 34분 | 남음 -> compact='08시간34분남음' ; prefix_noise='8시간34분' -> '8시간 34분' (repair_noisy_hour_minute) / direct_parse='8시간 34분' => 11:28 침공 파르바 / 현재=02:54:21 / 남은시간=8시간 34분 / 계산=11:28 / warnings=MULTI_TIMER_IN_SLOT
  slot 2 흐니르 [TIMED] [words_split_digits]=7시간 47분 ; segments=0 | 7 | 시간 | 47 | = | - | 남음 -> merged_digits='07 시간 47 = - 남음' ; prefix_noise='7시간 47 = -' -> '7시간 47분' (repair_noisy_hour_minute) / direct_parse='7시간 47분' => 10:41 침공 흐니르 / 현재=02:54:21 / 남은시간=7시간 47분 / 계산=10:41 / warnings=MULTI_TIMER_IN_SLOT
  slot 3 바우티 [TIMED] [words_compact]=7시간 7분 ; segments=0 | 7시간 | 7분 | 남음 -> compact='07시간7분남음' ; prefix_noise='7시간7분' -> '7시간 7분' (repair_noisy_hour_minute) / direct_parse='7시간 7분' => 10:01 침공 바우티 / 현재=02:54:21 / 남은시간=7시간 7분 / 계산=10:01 / warnings=MULTI_TIMER_IN_SLOT
  slot 4 야른 [TIMED] [words_compact]=8시간 33분 ; segments=0 | 8시간 | 33분 | 남음 -> compact='08시간33분남음' ; prefix_noise='8시간33분' -> '8시간 33분' (repair_noisy_hour_minute) / direct_parse='8시간 33분' => 11:27 침공 야른 / 현재=02:54:21 / 남은시간=8시간 33분 / 계산=11:27 / warnings=MULTI_TIMER_IN_SLOT
  slot 5 셀로비아 [TIMED] [words_compact]=7시간 7분 ; segments=0 | 7시간 | 7분 | 남음 -> compact='07시간7분남음' ; prefix_noise='7시간7분' -> '7시간 7분' (repair_noisy_hour_minute) / direct_parse='7시간 7분' => 10:01 침공 셀로비아 / 현재=02:54:21 / 남은시간=7시간 7분 / 계산=10:01 / warnings=MULTI_TIMER_IN_SLOT
  slot 6 페티 [TIMED] [words]=10시간 12분 ; segments=0 | 10시간 | 12 | = | - | 남음 -> spaced='0 10시간 12 = - 남음' ; prefix_noise='10시간 12 = -' -> '10시간 12분' (repair_noisy_hour_minute) / direct_parse='10시간 12분' => 13:06 침공 페티 / 현재=02:54:21 / 남은시간=10시간 12분 / 계산=13:06 / warnings=MULTI_TIMER_IN_SLOT
  slot 7 니드호그 [TIMED] [words_split_digits]=8시간 16분 ; segments=0 | 8 | 시간 | 16 | 분 | 남음 -> merged_digits='08 시간 16 분 남음' ; prefix_noise='8시간 16 분' -> '8시간 16분' (repair_noisy_hour_minute) / direct_parse='8시간 16분' => 11:10 침공 니드호그 / 현재=02:54:21 / 남은시간=8시간 16분 / 계산=11:10 / warnings=MULTI_TIMER_IN_SLOT
[이미지 3] area=니다벨리르 base=02:54:22
  ocr2 fixed=1600x900 window=176,190,1410,709 area=니다벨리르 best=니다벨리르 final=니다벨리르 reason=fixed_full_name_2plus highlight=- fixed_tab=- def=234 def_boss=3 slot_match=4 slot_strong=4 slot_full=4 base=02:54:22 diag=ok=1 err=- img=1345467 src=1600x900 ocr=1600x900 lines=33 words=64 text=226
  slot 1 라이노르 [TIMED] [words_compact]=8시간 9분 ; segments=0 | 8시간 | 9분 | 남음 -> compact='08시간9분남음' ; prefix_noise='8시간9분' -> '8시간 9분' (repair_noisy_hour_minute) / direct_parse='8시간 9분' => 11:03 침공 라이노르 / 현재=02:54:22 / 남은시간=8시간 9분 / 계산=11:03 / warnings=MULTI_TIMER_IN_SLOT
  slot 2 헤르모드 [TIMED] [words]=10시간 31분 ; segments=0 | 10시간 | 3 | 1 | 분 | 남음 -> spaced='0 10시간 3 1 분 남음' ; direct_parse='10시간 31분' => 13:25 침공 헤르모드 / 현재=02:54:22 / 남은시간=10시간 31분 / 계산=13:25 / warnings=MULTI_TIMER_IN_SLOT
  slot 3 브륀힐드 [TIMED] [words_compact]=7시간 48분 ; segments=0 | 7시간 | 48분 | 남음 -> compact='07시간48분남음' ; prefix_noise='7시간48분' -> '7시간 48분' (repair_noisy_hour_minute) / direct_parse='7시간 48분' => 10:42 침공 브륀힐드 / 현재=02:54:22 / 남은시간=7시간 48분 / 계산=10:42 / warnings=MULTI_TIMER_IN_SLOT
  slot 4 수드리 [TIMED] [words_compact]=9시간 14분 ; segments=0 | 9시간 | 14분 | 남음 -> compact='09시간14분남음' ; prefix_noise='9시간14분' -> '9시간 14분' (repair_noisy_hour_minute) / direct_parse='9시간 14분' => 12:08 침공 수드리 / 현재=02:54:22 / 남은시간=9시간 14분 / 계산=12:08 / warnings=MULTI_TIMER_IN_SLOT
  slot 5 비요른 [TIMED] [words]=9시간 58분 ; segments=0 | 9시간 | 58 | = | 남음 -> spaced='0 9시간 58 = 남음' ; prefix_noise='9시간 58 =' -> '9시간 58분' (repair_noisy_hour_minute) / direct_parse='9시간 58분' => 12:52 침공 비요른 / 현재=02:54:22 / 남은시간=9시간 58분 / 계산=12:52 / warnings=MULTI_TIMER_IN_SLOT
  slot 6 스칼라니르 [TIMED] [words]=10시간 17분 ; segments=0 | 10시간 | 1 | 7 | = | - | 남음 -> spaced='0 10시간 1 7 = - 남음' ; prefix_noise='10시간 1 7 = -' -> '10시간 17분' (repair_split_minute_digits_after_hour, repair_noisy_hour_minute) / direct_parse='10시간 17분' => 13:11 침공 스칼라니르 / 현재=02:54:22 / 남은시간=10시간 17분 / 계산=13:11 / warnings=MULTI_TIMER_IN_SLOT
  slot 7 라타토스크 [TIMED] [words_compact]=7시간 47분 ; segments=0 | 7시간 | 47분 | 남음 -> compact='07시간47분남음' ; prefix_noise='7시간47분' -> '7시간 47분' (repair_noisy_hour_minute) / direct_parse='7시간 47분' => 10:41 침공 라타토스크 / 현재=02:54:22 / 남은시간=7시간 47분 / 계산=10:41 / warnings=MULTI_TIMER_IN_SLOT

[2026-05-07 02:55:36] mode=ocr
[이미지 1] area=니플하임 base=02:54:19
  ocr window=0,167,1600,718 area=니플하임 best=니플하임 reason=fixed_definition_overlap highlight=- top=0 def=103 def_terms=1 def_boss=1 slot_exact=2 slot_boss=2 slot_match=1 slot_strong=1 slot_full=1 exact_boss=0 boss=0 grid=2 empty=3 base=02:54:19 diag=ok=1 err=- img=1080263 src=1600x900 ocr=1600x900 lines=13 words=25 text=75
  slot 1 히로킨 [TIMED] [words_compact]=2일 7시간 ; segments=0 | 2일 | 7시간 -> compact='02일7시간' ; unit_inferred=2일 7시간 / direct_parse='2일 7시간' => 히로킨 2일 7시간 / 현재=02:54:19 / 남은시간=2일 7시간 / 계산=09:54 / warnings=MULTI_TIMER_IN_SLOT
  slot 2 헤이드 [TIMED] [words_compact]=24분 51초 ; segments=0 | 24분 | 51초 | 남음 -> compact='024분51초남음' ; unit_inferred=24분 51초 / direct_parse='24분 51초' => 03:19:10 헤이드 / 현재=02:54:19 / 남은시간=24분 51초 / 계산=03:19:10 / warnings=MULTI_TIMER_IN_SLOT
  slot 3 이미르 [TIMED] [words_compact]=4일 10시간 ; segments=4일 | 10시간 | 남음 -> compact='4일10시간남음' ; unit_inferred=4일 10시간 / direct_parse='4일 10시간' => 이미르 4일 10시간 / 현재=02:54:19 / 남은시간=4일 10시간 / 계산=12:54 / warnings=MULTI_TIMER_IN_SLOT
  slot 4 호드 [TIMED] [words]=4시간 15분 ; segments=0 | 4시간 | 1 | 5 | 분 | 남음 -> spaced='0 4시간 1 5 분 남음' ; prefix_noise='4시간 1 5 분' -> '4시간 15분' (merge_split_minute_digits_after_hour, repair_noisy_hour_minute) / direct_parse='4시간 15분' => 07:09 호드 / 현재=02:54:19 / 남은시간=4시간 15분 / 계산=07:09 / warnings=MULTI_TIMER_IN_SLOT
  slot 5 프레이 [TIMED] [words]=4시간 17분 ; segments=0 | 4시간 | 1 | 7 | = | - | 남음 -> spaced='0 4시간 1 7 = - 남음' ; prefix_noise='4시간 1 7 = -' -> '4시간 17분' (repair_split_minute_digits_after_hour, repair_noisy_hour_minute) / direct_parse='4시간 17분' => 07:11 프레이 / 현재=02:54:19 / 남은시간=4시간 17분 / 계산=07:11 / warnings=MULTI_TIMER_IN_SLOT
[이미지 2] area=요툰하임 base=02:54:21
  ocr window=0,164,1600,730 area=요툰하임 best=요툰하임 reason=fixed_full_name_2plus highlight=- top=0 def=337 def_terms=4 def_boss=4 slot_exact=6 slot_boss=6 slot_match=3 slot_strong=3 slot_full=3 exact_boss=8 boss=10 grid=8 empty=0 base=02:54:21 diag=ok=1 err=- img=1362145 src=1600x900 ocr=1600x900 lines=31 words=62 text=211
  slot 1 파르바 [TIMED] [words_compact]=8시간 34분 ; segments=0 | 8시간 | 34분 | 남음 -> compact='08시간34분남음' ; prefix_noise='8시간34분' -> '8시간 34분' (repair_noisy_hour_minute) / direct_parse='8시간 34분' => 11:28 파르바 / 현재=02:54:21 / 남은시간=8시간 34분 / 계산=11:28 / warnings=MULTI_TIMER_IN_SLOT
  slot 2 흐니르 [TIMED] [words_split_digits]=7시간 47분 ; segments=0 | 7 | 시간 | 47 | = | - | 남음 -> merged_digits='07 시간 47 = - 남음' ; prefix_noise='7시간 47 = -' -> '7시간 47분' (repair_noisy_hour_minute) / direct_parse='7시간 47분' => 10:41 흐니르 / 현재=02:54:21 / 남은시간=7시간 47분 / 계산=10:41 / warnings=MULTI_TIMER_IN_SLOT
  slot 3 바우티 [TIMED] [card_words_group_merge]=7시간 7분 ; card_segments=0 | 7시간 | 7분 | 남음 | 0 -> merged_spaced='0 7시간 7분 남음 0' ; prefix_noise='7시간 7분 0' -> '7시간 7분' (repair_noisy_hour_minute) / direct_parse='7시간 7분' => 10:01 바우티 / 현재=02:54:21 / 남은시간=7시간 7분 / 계산=10:01 / warnings=MULTI_TIMER_IN_SLOT
  slot 4 야른 [TIMED] [words_compact]=8시간 33분 ; segments=8시간 | 33분 | 남음 -> compact='8시간33분남음' ; prefix_noise='8시간33분' -> '8시간 33분' (repair_noisy_hour_minute) / direct_parse='8시간 33분' => 11:27 야른 / 현재=02:54:21 / 남은시간=8시간 33분 / 계산=11:27 / warnings=MULTI_TIMER_IN_SLOT
  slot 5 셀로비아 [TIMED] [words_compact]=7시간 7분 ; segments=0 | 7시간 | 7분 | 남음 -> compact='07시간7분남음' ; prefix_noise='7시간7분' -> '7시간 7분' (repair_noisy_hour_minute) / direct_parse='7시간 7분' => 10:01 셀로비아 / 현재=02:54:21 / 남은시간=7시간 7분 / 계산=10:01 / warnings=MULTI_TIMER_IN_SLOT
  slot 6 페티 [TIMED] [words]=10시간 12분 ; segments=0 | 10시간 | 12 | = | 남음 -> spaced='0 10시간 12 = 남음' ; prefix_noise='10시간 12 =' -> '10시간 12분' (repair_noisy_hour_minute) / direct_parse='10시간 12분' => 13:06 페티 / 현재=02:54:21 / 남은시간=10시간 12분 / 계산=13:06 / warnings=MULTI_TIMER_IN_SLOT
  slot 7 니드호그 [TIMED] [card_words_group_merge]=8시간 16분 ; card_segments=8 | 시간 | 16 | 분 | 남음 | 0 -> merged_spaced='8 시간 16 분 남음 0' ; prefix_noise='8 시간 16 분 0' -> '8시간 16분' (repair_noisy_hour_minute) / direct_parse='8시간 16분' => 11:10 니드호그 / 현재=02:54:21 / 남은시간=8시간 16분 / 계산=11:10 / warnings=MULTI_TIMER_IN_SLOT
  slot 8 티르 [TIMED] [words_compact]=1일 13시간 ; segments=1일 | 13시간 | 남음 -> compact='1일13시간남음' ; unit_inferred=1일 13시간 / direct_parse='1일 13시간' => 티르 1일 13시간 / 현재=02:54:21 / 남은시간=1일 13시간 / 계산=15:54 / warnings=MULTI_TIMER_IN_SLOT
[이미지 3] area=니다벨리르 base=02:54:22
  ocr window=0,164,1600,730 area=니다벨리르 best=니다벨리르 reason=fixed_full_name_2plus highlight=- top=0 def=234 def_terms=3 def_boss=3 slot_exact=4 slot_boss=5 slot_match=3 slot_strong=3 slot_full=3 exact_boss=8 boss=8 grid=8 empty=0 base=02:54:22 diag=ok=1 err=- img=1345467 src=1600x900 ocr=1600x900 lines=33 words=64 text=226
  slot 1 라이노르 [TIMED] [words_compact]=8시간 9분 ; segments=0 | 8시간 | 9분 | 남음 -> compact='08시간9분남음' ; prefix_noise='8시간9분' -> '8시간 9분' (repair_noisy_hour_minute) / direct_parse='8시간 9분' => 11:03 라이노르 / 현재=02:54:22 / 남은시간=8시간 9분 / 계산=11:03 / warnings=MULTI_TIMER_IN_SLOT
  slot 2 헤르모드 [TIMED] [words]=10시간 31분 ; segments=0 | 10시간 | 3 | 1 | 분 | 남음 -> spaced='0 10시간 3 1 분 남음' ; direct_parse='10시간 31분' => 13:25 헤르모드 / 현재=02:54:22 / 남은시간=10시간 31분 / 계산=13:25 / warnings=MULTI_TIMER_IN_SLOT
  slot 3 브륀힐드 [TIMED] [card_words_group_merge_compact]=7시간 48분 ; card_segments=7시간 | 48분 | 남음 | 0 -> merged_compact='7시간48분남음0' ; prefix_noise='7시간48분0' -> '7시간 48분' (repair_noisy_hour_minute) / direct_parse='7시간 48분' => 10:42 브륀힐드 / 현재=02:54:22 / 남은시간=7시간 48분 / 계산=10:42 / warnings=MULTI_TIMER_IN_SLOT
  slot 4 수드리 [TIMED] [words_compact]=9시간 14분 ; segments=9시간 | 14분 | 남음 -> compact='9시간14분남음' ; prefix_noise='9시간14분' -> '9시간 14분' (repair_noisy_hour_minute) / direct_parse='9시간 14분' => 12:08 수드리 / 현재=02:54:22 / 남은시간=9시간 14분 / 계산=12:08 / warnings=MULTI_TIMER_IN_SLOT
  slot 5 비요른 [TIMED] [words]=9시간 58분 ; segments=0 | 9시간 | 58 | = | 남음 -> spaced='0 9시간 58 = 남음' ; prefix_noise='9시간 58 =' -> '9시간 58분' (repair_noisy_hour_minute) / direct_parse='9시간 58분' => 12:52 비요른 / 현재=02:54:22 / 남은시간=9시간 58분 / 계산=12:52 / warnings=MULTI_TIMER_IN_SLOT
  slot 6 스칼라니르 [TIMED] [words]=10시간 17분 ; segments=0 | 10시간 | 1 | 7 | = | 남음 -> spaced='0 10시간 1 7 = 남음' ; prefix_noise='10시간 1 7 =' -> '10시간 17분' (repair_split_minute_digits_after_hour, repair_noisy_hour_minute) / direct_parse='10시간 17분' => 13:11 스칼라니르 / 현재=02:54:22 / 남은시간=10시간 17분 / 계산=13:11 / warnings=MULTI_TIMER_IN_SLOT
  slot 7 라타토스크 [TIMED] [card_words_group_merge_compact]=7시간 47분 ; card_segments=7시간 | 47분 | 남음 | 0 -> merged_compact='7시간47분남음0' ; prefix_noise='7시간47분0' -> '7시간 47분' (repair_noisy_hour_minute) / direct_parse='7시간 47분' => 10:41 라타토스크 / 현재=02:54:22 / 남은시간=7시간 47분 / 계산=10:41 / warnings=MULTI_TIMER_IN_SLOT
  slot 8 토르 [TIMED] [words_compact]=2일 15시간 ; segments=2일 | 15시간 | 남음 -> compact='2일15시간남음' ; unit_inferred=2일 15시간 / direct_parse='2일 15시간' => 토르 2일 15시간 / 현재=02:54:22 / 남은시간=2일 15시간 / 계산=17:54 / warnings=MULTI_TIMER_IN_SLOT

[2026-05-07 02:55:36] mode=ocr2
[이미지 1] area=니플하임 base=02:54:19
  ocr2 fixed=1600x900 window=176,190,1410,709 area=니플하임 best=니플하임 final=니플하임 reason=fixed_definition_overlap highlight=- fixed_tab=- def=103 def_boss=1 slot_match=1 slot_strong=1 slot_full=1 base=02:54:19 diag=ok=1 err=- img=1080263 src=1600x900 ocr=1600x900 lines=13 words=25 text=75
  slot 1 히로킨 [TIMED] [words_compact]=2일 7시간 ; segments=0 | 2일 | 7시간 | 남음 -> compact='02일7시간남음' ; unit_inferred=2일 7시간 / direct_parse='2일 7시간' / ocr2_retries=1 => 히로킨 2일 7시간 / 현재=02:54:19 / 남은시간=2일 7시간 / 계산=09:54 / warnings=MULTI_TIMER_IN_SLOT
  slot 2 헤이드 [TIMED] [words_compact]=24분 51초 ; segments=0 | 24분 | 51초 | 남음 -> compact='024분51초남음' ; unit_inferred=24분 51초 / direct_parse='24분 51초' / ocr2_retries=1 => 03:19:10 헤이드 / 현재=02:54:19 / 남은시간=24분 51초 / 계산=03:19:10 / warnings=MULTI_TIMER_IN_SLOT
  slot 3 이미르 [TIMED] [words_compact]=4일 10시간 ; segments=0 | 4일 | 10시간 | 남음 -> compact='04일10시간남음' ; unit_inferred=4일 10시간 / direct_parse='4일 10시간' / ocr2_retries=1 => 이미르 4일 10시간 / 현재=02:54:19 / 남은시간=4일 10시간 / 계산=12:54 / warnings=MULTI_TIMER_IN_SLOT
  slot 4 호드 [TIMED] [words]=4시간 15분 ; segments=0 | 4시간 | 1 | 5 | 분 | 남음 -> spaced='0 4시간 1 5 분 남음' ; prefix_noise='4시간 1 5 분' -> '4시간 15분' (merge_split_minute_digits_after_hour, repair_noisy_hour_minute) / direct_parse='4시간 15분' => 07:09 호드 / 현재=02:54:19 / 남은시간=4시간 15분 / 계산=07:09 / warnings=MULTI_TIMER_IN_SLOT
  slot 5 프레이 [TIMED] [words]=4시간 17분 ; segments=0 | 4시간 | 1 | 7 | = | - | 남음 -> spaced='0 4시간 1 7 = - 남음' ; prefix_noise='4시간 1 7 = -' -> '4시간 17분' (repair_split_minute_digits_after_hour, repair_noisy_hour_minute) / direct_parse='4시간 17분' => 07:11 프레이 / 현재=02:54:19 / 남은시간=4시간 17분 / 계산=07:11 / warnings=MULTI_TIMER_IN_SLOT
[이미지 2] area=요툰하임 base=02:54:21
  ocr2 fixed=1600x900 window=176,190,1410,709 area=요툰하임 best=요툰하임 final=요툰하임 reason=fixed_full_name_2plus highlight=- fixed_tab=- def=337 def_boss=4 slot_match=3 slot_strong=3 slot_full=3 base=02:54:21 diag=ok=1 err=- img=1362145 src=1600x900 ocr=1600x900 lines=31 words=62 text=211
  slot 1 파르바 [TIMED] [words_compact]=8시간 34분 ; segments=0 | 8시간 | 34분 | 남음 -> compact='08시간34분남음' ; prefix_noise='8시간34분' -> '8시간 34분' (repair_noisy_hour_minute) / direct_parse='8시간 34분' => 11:28 파르바 / 현재=02:54:21 / 남은시간=8시간 34분 / 계산=11:28 / warnings=MULTI_TIMER_IN_SLOT
  slot 2 흐니르 [TIMED] [words_split_digits]=7시간 47분 ; segments=0 | 7 | 시간 | 47 | = | - | 남음 -> merged_digits='07 시간 47 = - 남음' ; prefix_noise='7시간 47 = -' -> '7시간 47분' (repair_noisy_hour_minute) / direct_parse='7시간 47분' => 10:41 흐니르 / 현재=02:54:21 / 남은시간=7시간 47분 / 계산=10:41 / warnings=MULTI_TIMER_IN_SLOT
  slot 3 바우티 [TIMED] [words_compact]=7시간 7분 ; segments=0 | 7시간 | 7분 | 남음 -> compact='07시간7분남음' ; prefix_noise='7시간7분' -> '7시간 7분' (repair_noisy_hour_minute) / direct_parse='7시간 7분' => 10:01 바우티 / 현재=02:54:21 / 남은시간=7시간 7분 / 계산=10:01 / warnings=MULTI_TIMER_IN_SLOT
  slot 4 야른 [TIMED] [words_compact]=8시간 33분 ; segments=0 | 8시간 | 33분 | 남음 -> compact='08시간33분남음' ; prefix_noise='8시간33분' -> '8시간 33분' (repair_noisy_hour_minute) / direct_parse='8시간 33분' => 11:27 야른 / 현재=02:54:21 / 남은시간=8시간 33분 / 계산=11:27 / warnings=MULTI_TIMER_IN_SLOT
  slot 5 셀로비아 [TIMED] [words_compact]=7시간 7분 ; segments=0 | 7시간 | 7분 | 남음 -> compact='07시간7분남음' ; prefix_noise='7시간7분' -> '7시간 7분' (repair_noisy_hour_minute) / direct_parse='7시간 7분' => 10:01 셀로비아 / 현재=02:54:21 / 남은시간=7시간 7분 / 계산=10:01 / warnings=MULTI_TIMER_IN_SLOT
  slot 6 페티 [TIMED] [words]=10시간 12분 ; segments=0 | 10시간 | 12 | = | - | 남음 -> spaced='0 10시간 12 = - 남음' ; prefix_noise='10시간 12 = -' -> '10시간 12분' (repair_noisy_hour_minute) / direct_parse='10시간 12분' => 13:06 페티 / 현재=02:54:21 / 남은시간=10시간 12분 / 계산=13:06 / warnings=MULTI_TIMER_IN_SLOT
  slot 7 니드호그 [TIMED] [words_split_digits]=8시간 16분 ; segments=0 | 8 | 시간 | 16 | 분 | 남음 -> merged_digits='08 시간 16 분 남음' ; prefix_noise='8시간 16 분' -> '8시간 16분' (repair_noisy_hour_minute) / direct_parse='8시간 16분' => 11:10 니드호그 / 현재=02:54:21 / 남은시간=8시간 16분 / 계산=11:10 / warnings=MULTI_TIMER_IN_SLOT
  slot 8 티르 [TIMED] [words_compact]=1일 13시간 ; segments=0 | 1일 | 13시간 | 남음 -> compact='01일13시간남음' ; unit_inferred=1일 13시간 / direct_parse='1일 13시간' => 티르 1일 13시간 / 현재=02:54:21 / 남은시간=1일 13시간 / 계산=15:54 / warnings=MULTI_TIMER_IN_SLOT
[이미지 3] area=니다벨리르 base=02:54:22
  ocr2 fixed=1600x900 window=176,190,1410,709 area=니다벨리르 best=니다벨리르 final=니다벨리르 reason=fixed_full_name_2plus highlight=- fixed_tab=- def=234 def_boss=3 slot_match=4 slot_strong=4 slot_full=4 base=02:54:22 diag=ok=1 err=- img=1345467 src=1600x900 ocr=1600x900 lines=33 words=64 text=226
  slot 1 라이노르 [TIMED] [words_compact]=8시간 9분 ; segments=0 | 8시간 | 9분 | 남음 -> compact='08시간9분남음' ; prefix_noise='8시간9분' -> '8시간 9분' (repair_noisy_hour_minute) / direct_parse='8시간 9분' => 11:03 라이노르 / 현재=02:54:22 / 남은시간=8시간 9분 / 계산=11:03 / warnings=MULTI_TIMER_IN_SLOT
  slot 2 헤르모드 [TIMED] [words]=10시간 31분 ; segments=0 | 10시간 | 3 | 1 | 분 | 남음 -> spaced='0 10시간 3 1 분 남음' ; direct_parse='10시간 31분' => 13:25 헤르모드 / 현재=02:54:22 / 남은시간=10시간 31분 / 계산=13:25 / warnings=MULTI_TIMER_IN_SLOT
  slot 3 브륀힐드 [TIMED] [words_compact]=7시간 48분 ; segments=0 | 7시간 | 48분 | 남음 -> compact='07시간48분남음' ; prefix_noise='7시간48분' -> '7시간 48분' (repair_noisy_hour_minute) / direct_parse='7시간 48분' => 10:42 브륀힐드 / 현재=02:54:22 / 남은시간=7시간 48분 / 계산=10:42 / warnings=MULTI_TIMER_IN_SLOT
  slot 4 수드리 [TIMED] [words_compact]=9시간 14분 ; segments=0 | 9시간 | 14분 | 남음 -> compact='09시간14분남음' ; prefix_noise='9시간14분' -> '9시간 14분' (repair_noisy_hour_minute) / direct_parse='9시간 14분' => 12:08 수드리 / 현재=02:54:22 / 남은시간=9시간 14분 / 계산=12:08 / warnings=MULTI_TIMER_IN_SLOT
  slot 5 비요른 [TIMED] [words]=9시간 58분 ; segments=0 | 9시간 | 58 | = | 남음 -> spaced='0 9시간 58 = 남음' ; prefix_noise='9시간 58 =' -> '9시간 58분' (repair_noisy_hour_minute) / direct_parse='9시간 58분' => 12:52 비요른 / 현재=02:54:22 / 남은시간=9시간 58분 / 계산=12:52 / warnings=MULTI_TIMER_IN_SLOT
  slot 6 스칼라니르 [TIMED] [words]=10시간 17분 ; segments=0 | 10시간 | 1 | 7 | = | - | 남음 -> spaced='0 10시간 1 7 = - 남음' ; prefix_noise='10시간 1 7 = -' -> '10시간 17분' (repair_split_minute_digits_after_hour, repair_noisy_hour_minute) / direct_parse='10시간 17분' => 13:11 스칼라니르 / 현재=02:54:22 / 남은시간=10시간 17분 / 계산=13:11 / warnings=MULTI_TIMER_IN_SLOT
  slot 7 라타토스크 [TIMED] [words_compact]=7시간 47분 ; segments=0 | 7시간 | 47분 | 남음 -> compact='07시간47분남음' ; prefix_noise='7시간47분' -> '7시간 47분' (repair_noisy_hour_minute) / direct_parse='7시간 47분' => 10:41 라타토스크 / 현재=02:54:22 / 남은시간=7시간 47분 / 계산=10:41 / warnings=MULTI_TIMER_IN_SLOT
  slot 8 토르 [TIMED] [words_compact]=2일 15시간 ; segments=0 | 2일 | 15시간 | 남음 -> compact='02일15시간남음' ; unit_inferred=2일 15시간 / direct_parse='2일 15시간' => 토르 2일 15시간 / 현재=02:54:22 / 남은시간=2일 15시간 / 계산=17:54 / warnings=MULTI_TIMER_IN_SLOT

[2026-05-07 02:55:36] mode=ocr
[이미지 1] area=니플하임 base=02:54:19
  ocr window=0,167,1600,718 area=니플하임 best=니플하임 reason=fixed_definition_overlap highlight=- top=0 def=103 def_terms=1 def_boss=1 slot_exact=2 slot_boss=2 slot_match=1 slot_strong=1 slot_full=1 exact_boss=0 boss=0 grid=2 empty=3 base=02:54:19 diag=ok=1 err=- img=1080263 src=1600x900 ocr=1600x900 lines=13 words=25 text=75
  slot 2 헤이드 [TIMED] [words_compact]=24분 51초 ; segments=0 | 24분 | 51초 | 남음 -> compact='024분51초남음' ; unit_inferred=24분 51초 / direct_parse='24분 51초' => 03:19:10 침공 헤이드 / 현재=02:54:19 / 남은시간=24분 51초 / 계산=03:19:10 / warnings=MULTI_TIMER_IN_SLOT
  slot 4 호드 [TIMED] [words]=4시간 15분 ; segments=0 | 4시간 | 1 | 5 | 분 | 남음 -> spaced='0 4시간 1 5 분 남음' ; prefix_noise='4시간 1 5 분' -> '4시간 15분' (merge_split_minute_digits_after_hour, repair_noisy_hour_minute) / direct_parse='4시간 15분' => 07:09 침공 호드 / 현재=02:54:19 / 남은시간=4시간 15분 / 계산=07:09 / warnings=MULTI_TIMER_IN_SLOT
  slot 5 프레이 [TIMED] [words]=4시간 17분 ; segments=0 | 4시간 | 1 | 7 | = | - | 남음 -> spaced='0 4시간 1 7 = - 남음' ; prefix_noise='4시간 1 7 = -' -> '4시간 17분' (repair_split_minute_digits_after_hour, repair_noisy_hour_minute) / direct_parse='4시간 17분' => 07:11 침공 프레이 / 현재=02:54:19 / 남은시간=4시간 17분 / 계산=07:11 / warnings=MULTI_TIMER_IN_SLOT
[이미지 2] area=요툰하임 base=02:54:21
  ocr window=0,164,1600,730 area=요툰하임 best=요툰하임 reason=fixed_full_name_2plus highlight=- top=0 def=337 def_terms=4 def_boss=4 slot_exact=6 slot_boss=6 slot_match=3 slot_strong=3 slot_full=3 exact_boss=8 boss=10 grid=8 empty=0 base=02:54:21 diag=ok=1 err=- img=1362145 src=1600x900 ocr=1600x900 lines=31 words=62 text=211
  slot 1 파르바 [TIMED] [words_compact]=8시간 34분 ; segments=0 | 8시간 | 34분 | 남음 -> compact='08시간34분남음' ; prefix_noise='8시간34분' -> '8시간 34분' (repair_noisy_hour_minute) / direct_parse='8시간 34분' => 11:28 침공 파르바 / 현재=02:54:21 / 남은시간=8시간 34분 / 계산=11:28 / warnings=MULTI_TIMER_IN_SLOT
  slot 2 흐니르 [TIMED] [words_split_digits]=7시간 47분 ; segments=0 | 7 | 시간 | 47 | = | - | 남음 -> merged_digits='07 시간 47 = - 남음' ; prefix_noise='7시간 47 = -' -> '7시간 47분' (repair_noisy_hour_minute) / direct_parse='7시간 47분' => 10:41 침공 흐니르 / 현재=02:54:21 / 남은시간=7시간 47분 / 계산=10:41 / warnings=MULTI_TIMER_IN_SLOT
  slot 3 바우티 [TIMED] [card_words_group_merge]=7시간 7분 ; card_segments=0 | 7시간 | 7분 | 남음 | 0 -> merged_spaced='0 7시간 7분 남음 0' ; prefix_noise='7시간 7분 0' -> '7시간 7분' (repair_noisy_hour_minute) / direct_parse='7시간 7분' => 10:01 침공 바우티 / 현재=02:54:21 / 남은시간=7시간 7분 / 계산=10:01 / warnings=MULTI_TIMER_IN_SLOT
  slot 4 야른 [TIMED] [words_compact]=8시간 33분 ; segments=8시간 | 33분 | 남음 -> compact='8시간33분남음' ; prefix_noise='8시간33분' -> '8시간 33분' (repair_noisy_hour_minute) / direct_parse='8시간 33분' => 11:27 침공 야른 / 현재=02:54:21 / 남은시간=8시간 33분 / 계산=11:27 / warnings=MULTI_TIMER_IN_SLOT
  slot 5 셀로비아 [TIMED] [words_compact]=7시간 7분 ; segments=0 | 7시간 | 7분 | 남음 -> compact='07시간7분남음' ; prefix_noise='7시간7분' -> '7시간 7분' (repair_noisy_hour_minute) / direct_parse='7시간 7분' => 10:01 침공 셀로비아 / 현재=02:54:21 / 남은시간=7시간 7분 / 계산=10:01 / warnings=MULTI_TIMER_IN_SLOT
  slot 6 페티 [TIMED] [words]=10시간 12분 ; segments=0 | 10시간 | 12 | = | 남음 -> spaced='0 10시간 12 = 남음' ; prefix_noise='10시간 12 =' -> '10시간 12분' (repair_noisy_hour_minute) / direct_parse='10시간 12분' => 13:06 침공 페티 / 현재=02:54:21 / 남은시간=10시간 12분 / 계산=13:06 / warnings=MULTI_TIMER_IN_SLOT
  slot 7 니드호그 [TIMED] [card_words_group_merge]=8시간 16분 ; card_segments=8 | 시간 | 16 | 분 | 남음 | 0 -> merged_spaced='8 시간 16 분 남음 0' ; prefix_noise='8 시간 16 분 0' -> '8시간 16분' (repair_noisy_hour_minute) / direct_parse='8시간 16분' => 11:10 침공 니드호그 / 현재=02:54:21 / 남은시간=8시간 16분 / 계산=11:10 / warnings=MULTI_TIMER_IN_SLOT
[이미지 3] area=니다벨리르 base=02:54:22
  ocr window=0,164,1600,730 area=니다벨리르 best=니다벨리르 reason=fixed_full_name_2plus highlight=- top=0 def=234 def_terms=3 def_boss=3 slot_exact=4 slot_boss=5 slot_match=3 slot_strong=3 slot_full=3 exact_boss=8 boss=8 grid=8 empty=0 base=02:54:22 diag=ok=1 err=- img=1345467 src=1600x900 ocr=1600x900 lines=33 words=64 text=226
  slot 1 라이노르 [TIMED] [words_compact]=8시간 9분 ; segments=0 | 8시간 | 9분 | 남음 -> compact='08시간9분남음' ; prefix_noise='8시간9분' -> '8시간 9분' (repair_noisy_hour_minute) / direct_parse='8시간 9분' => 11:03 침공 라이노르 / 현재=02:54:22 / 남은시간=8시간 9분 / 계산=11:03 / warnings=MULTI_TIMER_IN_SLOT
  slot 2 헤르모드 [TIMED] [words]=10시간 31분 ; segments=0 | 10시간 | 3 | 1 | 분 | 남음 -> spaced='0 10시간 3 1 분 남음' ; direct_parse='10시간 31분' => 13:25 침공 헤르모드 / 현재=02:54:22 / 남은시간=10시간 31분 / 계산=13:25 / warnings=MULTI_TIMER_IN_SLOT
  slot 3 브륀힐드 [TIMED] [card_words_group_merge_compact]=7시간 48분 ; card_segments=7시간 | 48분 | 남음 | 0 -> merged_compact='7시간48분남음0' ; prefix_noise='7시간48분0' -> '7시간 48분' (repair_noisy_hour_minute) / direct_parse='7시간 48분' => 10:42 침공 브륀힐드 / 현재=02:54:22 / 남은시간=7시간 48분 / 계산=10:42 / warnings=MULTI_TIMER_IN_SLOT
  slot 4 수드리 [TIMED] [words_compact]=9시간 14분 ; segments=9시간 | 14분 | 남음 -> compact='9시간14분남음' ; prefix_noise='9시간14분' -> '9시간 14분' (repair_noisy_hour_minute) / direct_parse='9시간 14분' => 12:08 침공 수드리 / 현재=02:54:22 / 남은시간=9시간 14분 / 계산=12:08 / warnings=MULTI_TIMER_IN_SLOT
  slot 5 비요른 [TIMED] [words]=9시간 58분 ; segments=0 | 9시간 | 58 | = | 남음 -> spaced='0 9시간 58 = 남음' ; prefix_noise='9시간 58 =' -> '9시간 58분' (repair_noisy_hour_minute) / direct_parse='9시간 58분' => 12:52 침공 비요른 / 현재=02:54:22 / 남은시간=9시간 58분 / 계산=12:52 / warnings=MULTI_TIMER_IN_SLOT
  slot 6 스칼라니르 [TIMED] [words]=10시간 17분 ; segments=0 | 10시간 | 1 | 7 | = | 남음 -> spaced='0 10시간 1 7 = 남음' ; prefix_noise='10시간 1 7 =' -> '10시간 17분' (repair_split_minute_digits_after_hour, repair_noisy_hour_minute) / direct_parse='10시간 17분' => 13:11 침공 스칼라니르 / 현재=02:54:22 / 남은시간=10시간 17분 / 계산=13:11 / warnings=MULTI_TIMER_IN_SLOT
  slot 7 라타토스크 [TIMED] [card_words_group_merge_compact]=7시간 47분 ; card_segments=7시간 | 47분 | 남음 | 0 -> merged_compact='7시간47분남음0' ; prefix_noise='7시간47분0' -> '7시간 47분' (repair_noisy_hour_minute) / direct_parse='7시간 47분' => 10:41 침공 라타토스크 / 현재=02:54:22 / 남은시간=7시간 47분 / 계산=10:41 / warnings=MULTI_TIMER_IN_SLOT

[2026-05-07 02:55:36] mode=ocr2
[이미지 1] area=니플하임 base=02:54:19
  ocr2 fixed=1600x900 window=176,190,1410,709 area=니플하임 best=니플하임 final=니플하임 reason=fixed_definition_overlap highlight=- fixed_tab=- def=103 def_boss=1 slot_match=1 slot_strong=1 slot_full=1 base=02:54:19 diag=ok=1 err=- img=1080263 src=1600x900 ocr=1600x900 lines=13 words=25 text=75
  slot 2 헤이드 [TIMED] [words_compact]=24분 51초 ; segments=0 | 24분 | 51초 | 남음 -> compact='024분51초남음' ; unit_inferred=24분 51초 / direct_parse='24분 51초' / ocr2_retries=1 => 03:19:10 침공 헤이드 / 현재=02:54:19 / 남은시간=24분 51초 / 계산=03:19:10 / warnings=MULTI_TIMER_IN_SLOT
  slot 4 호드 [TIMED] [words]=4시간 15분 ; segments=0 | 4시간 | 1 | 5 | 분 | 남음 -> spaced='0 4시간 1 5 분 남음' ; prefix_noise='4시간 1 5 분' -> '4시간 15분' (merge_split_minute_digits_after_hour, repair_noisy_hour_minute) / direct_parse='4시간 15분' => 07:09 침공 호드 / 현재=02:54:19 / 남은시간=4시간 15분 / 계산=07:09 / warnings=MULTI_TIMER_IN_SLOT
  slot 5 프레이 [TIMED] [words]=4시간 17분 ; segments=0 | 4시간 | 1 | 7 | = | - | 남음 -> spaced='0 4시간 1 7 = - 남음' ; prefix_noise='4시간 1 7 = -' -> '4시간 17분' (repair_split_minute_digits_after_hour, repair_noisy_hour_minute) / direct_parse='4시간 17분' => 07:11 침공 프레이 / 현재=02:54:19 / 남은시간=4시간 17분 / 계산=07:11 / warnings=MULTI_TIMER_IN_SLOT
[이미지 2] area=요툰하임 base=02:54:21
  ocr2 fixed=1600x900 window=176,190,1410,709 area=요툰하임 best=요툰하임 final=요툰하임 reason=fixed_full_name_2plus highlight=- fixed_tab=- def=337 def_boss=4 slot_match=3 slot_strong=3 slot_full=3 base=02:54:21 diag=ok=1 err=- img=1362145 src=1600x900 ocr=1600x900 lines=31 words=62 text=211
  slot 1 파르바 [TIMED] [words_compact]=8시간 34분 ; segments=0 | 8시간 | 34분 | 남음 -> compact='08시간34분남음' ; prefix_noise='8시간34분' -> '8시간 34분' (repair_noisy_hour_minute) / direct_parse='8시간 34분' => 11:28 침공 파르바 / 현재=02:54:21 / 남은시간=8시간 34분 / 계산=11:28 / warnings=MULTI_TIMER_IN_SLOT
  slot 2 흐니르 [TIMED] [words_split_digits]=7시간 47분 ; segments=0 | 7 | 시간 | 47 | = | - | 남음 -> merged_digits='07 시간 47 = - 남음' ; prefix_noise='7시간 47 = -' -> '7시간 47분' (repair_noisy_hour_minute) / direct_parse='7시간 47분' => 10:41 침공 흐니르 / 현재=02:54:21 / 남은시간=7시간 47분 / 계산=10:41 / warnings=MULTI_TIMER_IN_SLOT
  slot 3 바우티 [TIMED] [words_compact]=7시간 7분 ; segments=0 | 7시간 | 7분 | 남음 -> compact='07시간7분남음' ; prefix_noise='7시간7분' -> '7시간 7분' (repair_noisy_hour_minute) / direct_parse='7시간 7분' => 10:01 침공 바우티 / 현재=02:54:21 / 남은시간=7시간 7분 / 계산=10:01 / warnings=MULTI_TIMER_IN_SLOT
  slot 4 야른 [TIMED] [words_compact]=8시간 33분 ; segments=0 | 8시간 | 33분 | 남음 -> compact='08시간33분남음' ; prefix_noise='8시간33분' -> '8시간 33분' (repair_noisy_hour_minute) / direct_parse='8시간 33분' => 11:27 침공 야른 / 현재=02:54:21 / 남은시간=8시간 33분 / 계산=11:27 / warnings=MULTI_TIMER_IN_SLOT
  slot 5 셀로비아 [TIMED] [words_compact]=7시간 7분 ; segments=0 | 7시간 | 7분 | 남음 -> compact='07시간7분남음' ; prefix_noise='7시간7분' -> '7시간 7분' (repair_noisy_hour_minute) / direct_parse='7시간 7분' => 10:01 침공 셀로비아 / 현재=02:54:21 / 남은시간=7시간 7분 / 계산=10:01 / warnings=MULTI_TIMER_IN_SLOT
  slot 6 페티 [TIMED] [words]=10시간 12분 ; segments=0 | 10시간 | 12 | = | - | 남음 -> spaced='0 10시간 12 = - 남음' ; prefix_noise='10시간 12 = -' -> '10시간 12분' (repair_noisy_hour_minute) / direct_parse='10시간 12분' => 13:06 침공 페티 / 현재=02:54:21 / 남은시간=10시간 12분 / 계산=13:06 / warnings=MULTI_TIMER_IN_SLOT
  slot 7 니드호그 [TIMED] [words_split_digits]=8시간 16분 ; segments=0 | 8 | 시간 | 16 | 분 | 남음 -> merged_digits='08 시간 16 분 남음' ; prefix_noise='8시간 16 분' -> '8시간 16분' (repair_noisy_hour_minute) / direct_parse='8시간 16분' => 11:10 침공 니드호그 / 현재=02:54:21 / 남은시간=8시간 16분 / 계산=11:10 / warnings=MULTI_TIMER_IN_SLOT
[이미지 3] area=니다벨리르 base=02:54:22
  ocr2 fixed=1600x900 window=176,190,1410,709 area=니다벨리르 best=니다벨리르 final=니다벨리르 reason=fixed_full_name_2plus highlight=- fixed_tab=- def=234 def_boss=3 slot_match=4 slot_strong=4 slot_full=4 base=02:54:22 diag=ok=1 err=- img=1345467 src=1600x900 ocr=1600x900 lines=33 words=64 text=226
  slot 1 라이노르 [TIMED] [words_compact]=8시간 9분 ; segments=0 | 8시간 | 9분 | 남음 -> compact='08시간9분남음' ; prefix_noise='8시간9분' -> '8시간 9분' (repair_noisy_hour_minute) / direct_parse='8시간 9분' => 11:03 침공 라이노르 / 현재=02:54:22 / 남은시간=8시간 9분 / 계산=11:03 / warnings=MULTI_TIMER_IN_SLOT
  slot 2 헤르모드 [TIMED] [words]=10시간 31분 ; segments=0 | 10시간 | 3 | 1 | 분 | 남음 -> spaced='0 10시간 3 1 분 남음' ; direct_parse='10시간 31분' => 13:25 침공 헤르모드 / 현재=02:54:22 / 남은시간=10시간 31분 / 계산=13:25 / warnings=MULTI_TIMER_IN_SLOT
  slot 3 브륀힐드 [TIMED] [words_compact]=7시간 48분 ; segments=0 | 7시간 | 48분 | 남음 -> compact='07시간48분남음' ; prefix_noise='7시간48분' -> '7시간 48분' (repair_noisy_hour_minute) / direct_parse='7시간 48분' => 10:42 침공 브륀힐드 / 현재=02:54:22 / 남은시간=7시간 48분 / 계산=10:42 / warnings=MULTI_TIMER_IN_SLOT
  slot 4 수드리 [TIMED] [words_compact]=9시간 14분 ; segments=0 | 9시간 | 14분 | 남음 -> compact='09시간14분남음' ; prefix_noise='9시간14분' -> '9시간 14분' (repair_noisy_hour_minute) / direct_parse='9시간 14분' => 12:08 침공 수드리 / 현재=02:54:22 / 남은시간=9시간 14분 / 계산=12:08 / warnings=MULTI_TIMER_IN_SLOT
  slot 5 비요른 [TIMED] [words]=9시간 58분 ; segments=0 | 9시간 | 58 | = | 남음 -> spaced='0 9시간 58 = 남음' ; prefix_noise='9시간 58 =' -> '9시간 58분' (repair_noisy_hour_minute) / direct_parse='9시간 58분' => 12:52 침공 비요른 / 현재=02:54:22 / 남은시간=9시간 58분 / 계산=12:52 / warnings=MULTI_TIMER_IN_SLOT
  slot 6 스칼라니르 [TIMED] [words]=10시간 17분 ; segments=0 | 10시간 | 1 | 7 | = | - | 남음 -> spaced='0 10시간 1 7 = - 남음' ; prefix_noise='10시간 1 7 = -' -> '10시간 17분' (repair_split_minute_digits_after_hour, repair_noisy_hour_minute) / direct_parse='10시간 17분' => 13:11 침공 스칼라니르 / 현재=02:54:22 / 남은시간=10시간 17분 / 계산=13:11 / warnings=MULTI_TIMER_IN_SLOT
  slot 7 라타토스크 [TIMED] [words_compact]=7시간 47분 ; segments=0 | 7시간 | 47분 | 남음 -> compact='07시간47분남음' ; prefix_noise='7시간47분' -> '7시간 47분' (repair_noisy_hour_minute) / direct_parse='7시간 47분' => 10:41 침공 라타토스크 / 현재=02:54:22 / 남은시간=7시간 47분 / 계산=10:41 / warnings=MULTI_TIMER_IN_SLOT

[2026-05-07 02:55:37] mode=ocr
[이미지 1] area=니플하임 base=02:54:19
  ocr window=0,167,1600,718 area=니플하임 best=니플하임 reason=fixed_definition_overlap highlight=- top=0 def=103 def_terms=1 def_boss=1 slot_exact=2 slot_boss=2 slot_match=1 slot_strong=1 slot_full=1 exact_boss=0 boss=0 grid=2 empty=3 base=02:54:19 diag=ok=1 err=- img=1080263 src=1600x900 ocr=1600x900 lines=13 words=25 text=75
  slot 1 히로킨 [TIMED] [words_compact]=2일 7시간 ; segments=0 | 2일 | 7시간 -> compact='02일7시간' ; unit_inferred=2일 7시간 / direct_parse='2일 7시간' => 히로킨 2일 7시간 / 현재=02:54:19 / 남은시간=2일 7시간 / 계산=09:54 / warnings=MULTI_TIMER_IN_SLOT
  slot 2 헤이드 [TIMED] [words_compact]=24분 51초 ; segments=0 | 24분 | 51초 | 남음 -> compact='024분51초남음' ; unit_inferred=24분 51초 / direct_parse='24분 51초' => 03:19:10 헤이드 / 현재=02:54:19 / 남은시간=24분 51초 / 계산=03:19:10 / warnings=MULTI_TIMER_IN_SLOT
  slot 3 이미르 [TIMED] [words_compact]=4일 10시간 ; segments=4일 | 10시간 | 남음 -> compact='4일10시간남음' ; unit_inferred=4일 10시간 / direct_parse='4일 10시간' => 이미르 4일 10시간 / 현재=02:54:19 / 남은시간=4일 10시간 / 계산=12:54 / warnings=MULTI_TIMER_IN_SLOT
  slot 4 호드 [TIMED] [words]=4시간 15분 ; segments=0 | 4시간 | 1 | 5 | 분 | 남음 -> spaced='0 4시간 1 5 분 남음' ; prefix_noise='4시간 1 5 분' -> '4시간 15분' (merge_split_minute_digits_after_hour, repair_noisy_hour_minute) / direct_parse='4시간 15분' => 07:09 호드 / 현재=02:54:19 / 남은시간=4시간 15분 / 계산=07:09 / warnings=MULTI_TIMER_IN_SLOT
  slot 5 프레이 [TIMED] [words]=4시간 17분 ; segments=0 | 4시간 | 1 | 7 | = | - | 남음 -> spaced='0 4시간 1 7 = - 남음' ; prefix_noise='4시간 1 7 = -' -> '4시간 17분' (repair_split_minute_digits_after_hour, repair_noisy_hour_minute) / direct_parse='4시간 17분' => 07:11 프레이 / 현재=02:54:19 / 남은시간=4시간 17분 / 계산=07:11 / warnings=MULTI_TIMER_IN_SLOT
[이미지 2] area=요툰하임 base=02:54:21
  ocr window=0,164,1600,730 area=요툰하임 best=요툰하임 reason=fixed_full_name_2plus highlight=- top=0 def=337 def_terms=4 def_boss=4 slot_exact=6 slot_boss=6 slot_match=3 slot_strong=3 slot_full=3 exact_boss=8 boss=10 grid=8 empty=0 base=02:54:21 diag=ok=1 err=- img=1362145 src=1600x900 ocr=1600x900 lines=31 words=62 text=211
  slot 1 파르바 [TIMED] [words_compact]=8시간 34분 ; segments=0 | 8시간 | 34분 | 남음 -> compact='08시간34분남음' ; prefix_noise='8시간34분' -> '8시간 34분' (repair_noisy_hour_minute) / direct_parse='8시간 34분' => 11:28 파르바 / 현재=02:54:21 / 남은시간=8시간 34분 / 계산=11:28 / warnings=MULTI_TIMER_IN_SLOT
  slot 2 흐니르 [TIMED] [words_split_digits]=7시간 47분 ; segments=0 | 7 | 시간 | 47 | = | - | 남음 -> merged_digits='07 시간 47 = - 남음' ; prefix_noise='7시간 47 = -' -> '7시간 47분' (repair_noisy_hour_minute) / direct_parse='7시간 47분' => 10:41 흐니르 / 현재=02:54:21 / 남은시간=7시간 47분 / 계산=10:41 / warnings=MULTI_TIMER_IN_SLOT
  slot 3 바우티 [TIMED] [card_words_group_merge]=7시간 7분 ; card_segments=0 | 7시간 | 7분 | 남음 | 0 -> merged_spaced='0 7시간 7분 남음 0' ; prefix_noise='7시간 7분 0' -> '7시간 7분' (repair_noisy_hour_minute) / direct_parse='7시간 7분' => 10:01 바우티 / 현재=02:54:21 / 남은시간=7시간 7분 / 계산=10:01 / warnings=MULTI_TIMER_IN_SLOT
  slot 4 야른 [TIMED] [words_compact]=8시간 33분 ; segments=8시간 | 33분 | 남음 -> compact='8시간33분남음' ; prefix_noise='8시간33분' -> '8시간 33분' (repair_noisy_hour_minute) / direct_parse='8시간 33분' => 11:27 야른 / 현재=02:54:21 / 남은시간=8시간 33분 / 계산=11:27 / warnings=MULTI_TIMER_IN_SLOT
  slot 5 셀로비아 [TIMED] [words_compact]=7시간 7분 ; segments=0 | 7시간 | 7분 | 남음 -> compact='07시간7분남음' ; prefix_noise='7시간7분' -> '7시간 7분' (repair_noisy_hour_minute) / direct_parse='7시간 7분' => 10:01 셀로비아 / 현재=02:54:21 / 남은시간=7시간 7분 / 계산=10:01 / warnings=MULTI_TIMER_IN_SLOT
  slot 6 페티 [TIMED] [words]=10시간 12분 ; segments=0 | 10시간 | 12 | = | 남음 -> spaced='0 10시간 12 = 남음' ; prefix_noise='10시간 12 =' -> '10시간 12분' (repair_noisy_hour_minute) / direct_parse='10시간 12분' => 13:06 페티 / 현재=02:54:21 / 남은시간=10시간 12분 / 계산=13:06 / warnings=MULTI_TIMER_IN_SLOT
  slot 7 니드호그 [TIMED] [card_words_group_merge]=8시간 16분 ; card_segments=8 | 시간 | 16 | 분 | 남음 | 0 -> merged_spaced='8 시간 16 분 남음 0' ; prefix_noise='8 시간 16 분 0' -> '8시간 16분' (repair_noisy_hour_minute) / direct_parse='8시간 16분' => 11:10 니드호그 / 현재=02:54:21 / 남은시간=8시간 16분 / 계산=11:10 / warnings=MULTI_TIMER_IN_SLOT
  slot 8 티르 [TIMED] [words_compact]=1일 13시간 ; segments=1일 | 13시간 | 남음 -> compact='1일13시간남음' ; unit_inferred=1일 13시간 / direct_parse='1일 13시간' => 티르 1일 13시간 / 현재=02:54:21 / 남은시간=1일 13시간 / 계산=15:54 / warnings=MULTI_TIMER_IN_SLOT
[이미지 3] area=니다벨리르 base=02:54:22
  ocr window=0,164,1600,730 area=니다벨리르 best=니다벨리르 reason=fixed_full_name_2plus highlight=- top=0 def=234 def_terms=3 def_boss=3 slot_exact=4 slot_boss=5 slot_match=3 slot_strong=3 slot_full=3 exact_boss=8 boss=8 grid=8 empty=0 base=02:54:22 diag=ok=1 err=- img=1345467 src=1600x900 ocr=1600x900 lines=33 words=64 text=226
  slot 1 라이노르 [TIMED] [words_compact]=8시간 9분 ; segments=0 | 8시간 | 9분 | 남음 -> compact='08시간9분남음' ; prefix_noise='8시간9분' -> '8시간 9분' (repair_noisy_hour_minute) / direct_parse='8시간 9분' => 11:03 라이노르 / 현재=02:54:22 / 남은시간=8시간 9분 / 계산=11:03 / warnings=MULTI_TIMER_IN_SLOT
  slot 2 헤르모드 [TIMED] [words]=10시간 31분 ; segments=0 | 10시간 | 3 | 1 | 분 | 남음 -> spaced='0 10시간 3 1 분 남음' ; direct_parse='10시간 31분' => 13:25 헤르모드 / 현재=02:54:22 / 남은시간=10시간 31분 / 계산=13:25 / warnings=MULTI_TIMER_IN_SLOT
  slot 3 브륀힐드 [TIMED] [card_words_group_merge_compact]=7시간 48분 ; card_segments=7시간 | 48분 | 남음 | 0 -> merged_compact='7시간48분남음0' ; prefix_noise='7시간48분0' -> '7시간 48분' (repair_noisy_hour_minute) / direct_parse='7시간 48분' => 10:42 브륀힐드 / 현재=02:54:22 / 남은시간=7시간 48분 / 계산=10:42 / warnings=MULTI_TIMER_IN_SLOT
  slot 4 수드리 [TIMED] [words_compact]=9시간 14분 ; segments=9시간 | 14분 | 남음 -> compact='9시간14분남음' ; prefix_noise='9시간14분' -> '9시간 14분' (repair_noisy_hour_minute) / direct_parse='9시간 14분' => 12:08 수드리 / 현재=02:54:22 / 남은시간=9시간 14분 / 계산=12:08 / warnings=MULTI_TIMER_IN_SLOT
  slot 5 비요른 [TIMED] [words]=9시간 58분 ; segments=0 | 9시간 | 58 | = | 남음 -> spaced='0 9시간 58 = 남음' ; prefix_noise='9시간 58 =' -> '9시간 58분' (repair_noisy_hour_minute) / direct_parse='9시간 58분' => 12:52 비요른 / 현재=02:54:22 / 남은시간=9시간 58분 / 계산=12:52 / warnings=MULTI_TIMER_IN_SLOT
  slot 6 스칼라니르 [TIMED] [words]=10시간 17분 ; segments=0 | 10시간 | 1 | 7 | = | 남음 -> spaced='0 10시간 1 7 = 남음' ; prefix_noise='10시간 1 7 =' -> '10시간 17분' (repair_split_minute_digits_after_hour, repair_noisy_hour_minute) / direct_parse='10시간 17분' => 13:11 스칼라니르 / 현재=02:54:22 / 남은시간=10시간 17분 / 계산=13:11 / warnings=MULTI_TIMER_IN_SLOT
  slot 7 라타토스크 [TIMED] [card_words_group_merge_compact]=7시간 47분 ; card_segments=7시간 | 47분 | 남음 | 0 -> merged_compact='7시간47분남음0' ; prefix_noise='7시간47분0' -> '7시간 47분' (repair_noisy_hour_minute) / direct_parse='7시간 47분' => 10:41 라타토스크 / 현재=02:54:22 / 남은시간=7시간 47분 / 계산=10:41 / warnings=MULTI_TIMER_IN_SLOT
  slot 8 토르 [TIMED] [words_compact]=2일 15시간 ; segments=2일 | 15시간 | 남음 -> compact='2일15시간남음' ; unit_inferred=2일 15시간 / direct_parse='2일 15시간' => 토르 2일 15시간 / 현재=02:54:22 / 남은시간=2일 15시간 / 계산=17:54 / warnings=MULTI_TIMER_IN_SLOT

[2026-05-07 02:55:37] mode=ocr2
[이미지 1] area=니플하임 base=02:54:19
  ocr2 fixed=1600x900 window=176,190,1410,709 area=니플하임 best=니플하임 final=니플하임 reason=fixed_definition_overlap highlight=- fixed_tab=- def=103 def_boss=1 slot_match=1 slot_strong=1 slot_full=1 base=02:54:19 diag=ok=1 err=- img=1080263 src=1600x900 ocr=1600x900 lines=13 words=25 text=75
  slot 1 히로킨 [TIMED] [words_compact]=2일 7시간 ; segments=0 | 2일 | 7시간 | 남음 -> compact='02일7시간남음' ; unit_inferred=2일 7시간 / direct_parse='2일 7시간' / ocr2_retries=1 => 히로킨 2일 7시간 / 현재=02:54:19 / 남은시간=2일 7시간 / 계산=09:54 / warnings=MULTI_TIMER_IN_SLOT
  slot 2 헤이드 [TIMED] [words_compact]=24분 51초 ; segments=0 | 24분 | 51초 | 남음 -> compact='024분51초남음' ; unit_inferred=24분 51초 / direct_parse='24분 51초' / ocr2_retries=1 => 03:19:10 헤이드 / 현재=02:54:19 / 남은시간=24분 51초 / 계산=03:19:10 / warnings=MULTI_TIMER_IN_SLOT
  slot 3 이미르 [TIMED] [words_compact]=4일 10시간 ; segments=0 | 4일 | 10시간 | 남음 -> compact='04일10시간남음' ; unit_inferred=4일 10시간 / direct_parse='4일 10시간' / ocr2_retries=1 => 이미르 4일 10시간 / 현재=02:54:19 / 남은시간=4일 10시간 / 계산=12:54 / warnings=MULTI_TIMER_IN_SLOT
  slot 4 호드 [TIMED] [words]=4시간 15분 ; segments=0 | 4시간 | 1 | 5 | 분 | 남음 -> spaced='0 4시간 1 5 분 남음' ; prefix_noise='4시간 1 5 분' -> '4시간 15분' (merge_split_minute_digits_after_hour, repair_noisy_hour_minute) / direct_parse='4시간 15분' => 07:09 호드 / 현재=02:54:19 / 남은시간=4시간 15분 / 계산=07:09 / warnings=MULTI_TIMER_IN_SLOT
  slot 5 프레이 [TIMED] [words]=4시간 17분 ; segments=0 | 4시간 | 1 | 7 | = | - | 남음 -> spaced='0 4시간 1 7 = - 남음' ; prefix_noise='4시간 1 7 = -' -> '4시간 17분' (repair_split_minute_digits_after_hour, repair_noisy_hour_minute) / direct_parse='4시간 17분' => 07:11 프레이 / 현재=02:54:19 / 남은시간=4시간 17분 / 계산=07:11 / warnings=MULTI_TIMER_IN_SLOT
[이미지 2] area=요툰하임 base=02:54:21
  ocr2 fixed=1600x900 window=176,190,1410,709 area=요툰하임 best=요툰하임 final=요툰하임 reason=fixed_full_name_2plus highlight=- fixed_tab=- def=337 def_boss=4 slot_match=3 slot_strong=3 slot_full=3 base=02:54:21 diag=ok=1 err=- img=1362145 src=1600x900 ocr=1600x900 lines=31 words=62 text=211
  slot 1 파르바 [TIMED] [words_compact]=8시간 34분 ; segments=0 | 8시간 | 34분 | 남음 -> compact='08시간34분남음' ; prefix_noise='8시간34분' -> '8시간 34분' (repair_noisy_hour_minute) / direct_parse='8시간 34분' => 11:28 파르바 / 현재=02:54:21 / 남은시간=8시간 34분 / 계산=11:28 / warnings=MULTI_TIMER_IN_SLOT
  slot 2 흐니르 [TIMED] [words_split_digits]=7시간 47분 ; segments=0 | 7 | 시간 | 47 | = | - | 남음 -> merged_digits='07 시간 47 = - 남음' ; prefix_noise='7시간 47 = -' -> '7시간 47분' (repair_noisy_hour_minute) / direct_parse='7시간 47분' => 10:41 흐니르 / 현재=02:54:21 / 남은시간=7시간 47분 / 계산=10:41 / warnings=MULTI_TIMER_IN_SLOT
  slot 3 바우티 [TIMED] [words_compact]=7시간 7분 ; segments=0 | 7시간 | 7분 | 남음 -> compact='07시간7분남음' ; prefix_noise='7시간7분' -> '7시간 7분' (repair_noisy_hour_minute) / direct_parse='7시간 7분' => 10:01 바우티 / 현재=02:54:21 / 남은시간=7시간 7분 / 계산=10:01 / warnings=MULTI_TIMER_IN_SLOT
  slot 4 야른 [TIMED] [words_compact]=8시간 33분 ; segments=0 | 8시간 | 33분 | 남음 -> compact='08시간33분남음' ; prefix_noise='8시간33분' -> '8시간 33분' (repair_noisy_hour_minute) / direct_parse='8시간 33분' => 11:27 야른 / 현재=02:54:21 / 남은시간=8시간 33분 / 계산=11:27 / warnings=MULTI_TIMER_IN_SLOT
  slot 5 셀로비아 [TIMED] [words_compact]=7시간 7분 ; segments=0 | 7시간 | 7분 | 남음 -> compact='07시간7분남음' ; prefix_noise='7시간7분' -> '7시간 7분' (repair_noisy_hour_minute) / direct_parse='7시간 7분' => 10:01 셀로비아 / 현재=02:54:21 / 남은시간=7시간 7분 / 계산=10:01 / warnings=MULTI_TIMER_IN_SLOT
  slot 6 페티 [TIMED] [words]=10시간 12분 ; segments=0 | 10시간 | 12 | = | - | 남음 -> spaced='0 10시간 12 = - 남음' ; prefix_noise='10시간 12 = -' -> '10시간 12분' (repair_noisy_hour_minute) / direct_parse='10시간 12분' => 13:06 페티 / 현재=02:54:21 / 남은시간=10시간 12분 / 계산=13:06 / warnings=MULTI_TIMER_IN_SLOT
  slot 7 니드호그 [TIMED] [words_split_digits]=8시간 16분 ; segments=0 | 8 | 시간 | 16 | 분 | 남음 -> merged_digits='08 시간 16 분 남음' ; prefix_noise='8시간 16 분' -> '8시간 16분' (repair_noisy_hour_minute) / direct_parse='8시간 16분' => 11:10 니드호그 / 현재=02:54:21 / 남은시간=8시간 16분 / 계산=11:10 / warnings=MULTI_TIMER_IN_SLOT
  slot 8 티르 [TIMED] [words_compact]=1일 13시간 ; segments=0 | 1일 | 13시간 | 남음 -> compact='01일13시간남음' ; unit_inferred=1일 13시간 / direct_parse='1일 13시간' => 티르 1일 13시간 / 현재=02:54:21 / 남은시간=1일 13시간 / 계산=15:54 / warnings=MULTI_TIMER_IN_SLOT
[이미지 3] area=니다벨리르 base=02:54:22
  ocr2 fixed=1600x900 window=176,190,1410,709 area=니다벨리르 best=니다벨리르 final=니다벨리르 reason=fixed_full_name_2plus highlight=- fixed_tab=- def=234 def_boss=3 slot_match=4 slot_strong=4 slot_full=4 base=02:54:22 diag=ok=1 err=- img=1345467 src=1600x900 ocr=1600x900 lines=33 words=64 text=226
  slot 1 라이노르 [TIMED] [words_compact]=8시간 9분 ; segments=0 | 8시간 | 9분 | 남음 -> compact='08시간9분남음' ; prefix_noise='8시간9분' -> '8시간 9분' (repair_noisy_hour_minute) / direct_parse='8시간 9분' => 11:03 라이노르 / 현재=02:54:22 / 남은시간=8시간 9분 / 계산=11:03 / warnings=MULTI_TIMER_IN_SLOT
  slot 2 헤르모드 [TIMED] [words]=10시간 31분 ; segments=0 | 10시간 | 3 | 1 | 분 | 남음 -> spaced='0 10시간 3 1 분 남음' ; direct_parse='10시간 31분' => 13:25 헤르모드 / 현재=02:54:22 / 남은시간=10시간 31분 / 계산=13:25 / warnings=MULTI_TIMER_IN_SLOT
  slot 3 브륀힐드 [TIMED] [words_compact]=7시간 48분 ; segments=0 | 7시간 | 48분 | 남음 -> compact='07시간48분남음' ; prefix_noise='7시간48분' -> '7시간 48분' (repair_noisy_hour_minute) / direct_parse='7시간 48분' => 10:42 브륀힐드 / 현재=02:54:22 / 남은시간=7시간 48분 / 계산=10:42 / warnings=MULTI_TIMER_IN_SLOT
  slot 4 수드리 [TIMED] [words_compact]=9시간 14분 ; segments=0 | 9시간 | 14분 | 남음 -> compact='09시간14분남음' ; prefix_noise='9시간14분' -> '9시간 14분' (repair_noisy_hour_minute) / direct_parse='9시간 14분' => 12:08 수드리 / 현재=02:54:22 / 남은시간=9시간 14분 / 계산=12:08 / warnings=MULTI_TIMER_IN_SLOT
  slot 5 비요른 [TIMED] [words]=9시간 58분 ; segments=0 | 9시간 | 58 | = | 남음 -> spaced='0 9시간 58 = 남음' ; prefix_noise='9시간 58 =' -> '9시간 58분' (repair_noisy_hour_minute) / direct_parse='9시간 58분' => 12:52 비요른 / 현재=02:54:22 / 남은시간=9시간 58분 / 계산=12:52 / warnings=MULTI_TIMER_IN_SLOT
  slot 6 스칼라니르 [TIMED] [words]=10시간 17분 ; segments=0 | 10시간 | 1 | 7 | = | - | 남음 -> spaced='0 10시간 1 7 = - 남음' ; prefix_noise='10시간 1 7 = -' -> '10시간 17분' (repair_split_minute_digits_after_hour, repair_noisy_hour_minute) / direct_parse='10시간 17분' => 13:11 스칼라니르 / 현재=02:54:22 / 남은시간=10시간 17분 / 계산=13:11 / warnings=MULTI_TIMER_IN_SLOT
  slot 7 라타토스크 [TIMED] [words_compact]=7시간 47분 ; segments=0 | 7시간 | 47분 | 남음 -> compact='07시간47분남음' ; prefix_noise='7시간47분' -> '7시간 47분' (repair_noisy_hour_minute) / direct_parse='7시간 47분' => 10:41 라타토스크 / 현재=02:54:22 / 남은시간=7시간 47분 / 계산=10:41 / warnings=MULTI_TIMER_IN_SLOT
  slot 8 토르 [TIMED] [words_compact]=2일 15시간 ; segments=0 | 2일 | 15시간 | 남음 -> compact='02일15시간남음' ; unit_inferred=2일 15시간 / direct_parse='2일 15시간' => 토르 2일 15시간 / 현재=02:54:22 / 남은시간=2일 15시간 / 계산=17:54 / warnings=MULTI_TIMER_IN_SLOT

[2026-05-07 03:10:40] mode=ocr2
[이미지 1] area=니플하임 base=03:10:37
  ocr2 fixed=1600x900 window=176,190,1410,709 area=니플하임 best=니플하임 final=니플하임 reason=fixed_definition_overlap highlight=- fixed_tab=- def=103 def_boss=1 slot_match=1 slot_strong=1 slot_full=1 base=03:10:37 diag=ok=1 err=- img=977004 src=1600x900 ocr=1600x900 lines=12 words=23 text=72
  slot 1 히로킨 [TIMED] [words_compact]=2일 6시간 ; segments=0 | 2일 | 6시간 | 남음 -> compact='02일6시간남음' ; unit_inferred=2일 6시간 / direct_parse='2일 6시간' / ocr2_retries=1 => 히로킨 2일 6시간 / 현재=03:10:37 / 남은시간=2일 6시간 / 계산=09:10 / warnings=MULTI_TIMER_IN_SLOT
  slot 2 헤이드 [TIMED] [words_compact]=8분 33초 ; segments=0 | 8분 | 33초 | 남음 -> compact='08분33초남음' ; unit_inferred=8분 33초 / direct_parse='8분 33초' / ocr2_retries=1 => 03:19:10 헤이드 / 현재=03:10:37 / 남은시간=8분 33초 / 계산=03:19:10 / warnings=MULTI_TIMER_IN_SLOT
  slot 3 이미르 [TIMED] [words_compact]=4일 10시간 ; segments=0 | 4일 | 10시간 | 남음 -> compact='04일10시간남음' ; unit_inferred=4일 10시간 / direct_parse='4일 10시간' / ocr2_retries=1 => 이미르 4일 10시간 / 현재=03:10:37 / 남은시간=4일 10시간 / 계산=13:10 / warnings=MULTI_TIMER_IN_SLOT
  slot 4 호드 [TIMED] [words_split_digits]=3시간 59분 ; segments=0 | 3 | 시간 | 59 | = | “ | 남음 -> merged_digits='03 시간 59 = “ 남음' ; prefix_noise='3시간 59 = “' -> '3시간 59분' (repair_noisy_hour_minute) / direct_parse='3시간 59분' => 07:09 호드 / 현재=03:10:37 / 남은시간=3시간 59분 / 계산=07:09 / warnings=MULTI_TIMER_IN_SLOT
  slot 5 프레이 [TIMED] [words_compact]=4시간 1분 ; segments=0 | 4시간 | 1분 | 남음 -> compact='04시간1분남음' ; prefix_noise='4시간1분' -> '4시간 1분' (repair_noisy_hour_minute) / direct_parse='4시간 1분' => 07:11 프레이 / 현재=03:10:37 / 남은시간=4시간 1분 / 계산=07:11 / warnings=MULTI_TIMER_IN_SLOT

[2026-05-07 23:23:23] mode=ocr2
[이미지 1] area=요툰하임 base=23:21:56
  ocr2 fixed=1600x900 window=176,190,1410,709 area=요툰하임 best=요툰하임 final=요툰하임 reason=fixed_full_name_2plus highlight=- fixed_tab=- def=337 def_boss=4 slot_match=3 slot_strong=3 slot_full=3 base=23:21:56 diag=ok=1 err=- img=1468698 src=1600x900 ocr=1600x900 lines=35 words=76 text=247
  slot 1 파르바 [TIMED] [words_compact]=7분 25초 ; segments=0 | 7분 | 25초 | 남음 -> compact='07분25초남음' ; unit_inferred=7분 25초 / direct_parse='7분 25초' => 23:29:21 파르바 / 현재=23:21:56 / 남은시간=7분 25초 / 계산=23:29:21 / warnings=MULTI_TIMER_IN_SLOT
  slot 2 흐니르 [TIMED] [words]=11시간 19분 ; segments=0 | 1 | 1 | 시간 | 19曰 | = | 남음 -> spaced='0 1 1 시간 19曰 = 남음' ; prefix_noise='0 1 1 시간 19曰 =' -> '11시간 19분' (repair_minute_glyph, drop_leading_zero, repair_noisy_split_hour_minute, repair_noisy_hour_minute) / direct_parse='11시간 19분' => 10:40 흐니르 / 현재=23:21:56 / 남은시간=11시간 19분 / 계산=10:40 / warnings=MULTI_TIMER_IN_SLOT
  slot 3 바우티 [TIMED] [words]=10시간 39분 ; segments=0 | 10시간 | 39 | = | - | 남음 -> spaced='0 10시간 39 = - 남음' ; prefix_noise='10시간 39 = -' -> '10시간 39분' (repair_noisy_hour_minute) / direct_parse='10시간 39분' => 10:00 바우티 / 현재=23:21:56 / 남은시간=10시간 39분 / 계산=10:00 / warnings=MULTI_TIMER_IN_SLOT
  slot 4 야른 [TIMED] [words_compact]=6분 18초 ; segments=0 | 6분 | 18초 | 남음 -> compact='06분18초남음' ; unit_inferred=6분 18초 / direct_parse='6분 18초' => 23:28:14 야른 / 현재=23:21:56 / 남은시간=6분 18초 / 계산=23:28:14 / warnings=MULTI_TIMER_IN_SLOT
  slot 5 셀로비아 [TIMED] [words]=10시간 39분 ; segments=0 | 10시간 | 39 | = | “ | 남음 -> spaced='0 10시간 39 = “ 남음' ; prefix_noise='10시간 39 = “' -> '10시간 39분' (repair_noisy_hour_minute) / direct_parse='10시간 39분' => 10:00 셀로비아 / 현재=23:21:56 / 남은시간=10시간 39분 / 계산=10:00 / warnings=MULTI_TIMER_IN_SLOT
  slot 6 페티 [TIMED] [words_split_digits]=1시간 44분 ; segments=0 | 1 | 시간 | 44분 | 남음 -> merged_digits='01 시간 44분 남음' ; direct_parse='1시간 44분' => 01:05 페티 / 현재=23:21:56 / 남은시간=1시간 44분 / 계산=01:05 / warnings=MULTI_TIMER_IN_SLOT
  slot 7 니드호그 [TIMED] [words]=11시간 49분 ; segments=0 | 1 | 1 | 시간 | 49 | = | - | 남음 -> spaced='0 1 1 시간 49 = - 남음' ; prefix_noise='0 1 1 시간 49 = -' -> '11시간 49분' (drop_leading_zero, repair_noisy_split_hour_minute, repair_noisy_hour_minute) / direct_parse='11시간 49분' => 11:10 니드호그 / 현재=23:21:56 / 남은시간=11시간 49분 / 계산=11:10 / warnings=MULTI_TIMER_IN_SLOT
  slot 8 티르 [TIMED] [words]=16시간 41분 ; segments=0 | 16시간 | 41 | 분 | 남음 -> spaced='0 16시간 41 분 남음' ; prefix_noise='16시간 41 분' -> '16시간 41분' (repair_noisy_hour_minute) / direct_parse='16시간 41분' => 16:02 티르 / 현재=23:21:56 / 남은시간=16시간 41분 / 계산=16:02 / warnings=MULTI_TIMER_IN_SLOT
[이미지 2] area=니다벨리르 base=- -> shared 23:21:56
  ocr2 fixed=1600x900 window=176,190,1410,709 area=니다벨리르 best=니다벨리르 final=니다벨리르 reason=fixed_full_name_2plus highlight=- fixed_tab=- def=206 def_boss=2 slot_match=3 slot_strong=3 slot_full=3 base=- diag=ok=1 err=- img=1450186 src=1600x900 ocr=1600x900 lines=30 words=71 text=213
  slot 1 라이노르 [TIMED] [words]=11시간 41분 ; segments=0 | 1 | 1 | 시간 | 41 | 분 | 남음 -> spaced='0 1 1 시간 41 분 남음' ; prefix_noise='0 1 1 시간 41 분' -> '11시간 41분' (drop_leading_zero, merge_split_hour_digits_explicit, repair_noisy_hour_minute) / direct_parse='11시간 41분' => 11:02 라이노르 / 현재=23:21:56 / 남은시간=11시간 41분 / 계산=11:02 / warnings=MULTI_TIMER_IN_SLOT, 절대시각 계산 실패(원문 유지)
  slot 2 헤르모드 [TIMED] [words_compact]=2시간 3분 ; segments=0 | 2시간 | 3분 | 남음 -> compact='02시간3분남음' ; prefix_noise='2시간3분' -> '2시간 3분' (repair_noisy_hour_minute) / direct_parse='2시간 3분' => 01:24 헤르모드 / 현재=23:21:56 / 남은시간=2시간 3분 / 계산=01:24 / warnings=MULTI_TIMER_IN_SLOT, 절대시각 계산 실패(원문 유지)
  slot 3 브륀힐드 [TIMED] [words]=11시간 20분 ; segments=0 | 1 | 1 | 시간 | 20曰 | = | 남음 -> spaced='0 1 1 시간 20曰 = 남음' ; prefix_noise='0 1 1 시간 20曰 =' -> '11시간 20분' (repair_minute_glyph, drop_leading_zero, repair_noisy_split_hour_minute, repair_noisy_hour_minute) / direct_parse='11시간 20분' => 10:41 브륀힐드 / 현재=23:21:56 / 남은시간=11시간 20분 / 계산=10:41 / warnings=MULTI_TIMER_IN_SLOT, 절대시각 계산 실패(원문 유지)
  slot 4 수드리 [TIMED] [words_compact]=47분 3초 ; segments=0 | 47분 | 3초 | 남음 -> compact='047분3초남음' ; unit_inferred=47분 3초 / direct_parse='47분 3초' => 00:08:59 수드리 / 현재=23:21:56 / 남은시간=47분 3초 / 계산=00:08:59 / warnings=MULTI_TIMER_IN_SLOT, 절대시각 계산 실패(원문 유지)
  slot 5 비요른 [TIMED] [words_split_digits]=1시간 30분 ; segments=0 | 1 | 시간 | 30 | = | - | 남음 -> merged_digits='01 시간 30 = - 남음' ; prefix_noise='1시간 30 = -' -> '1시간 30분' (repair_noisy_hour_minute) / direct_parse='1시간 30분' => 00:51 비요른 / 현재=23:21:56 / 남은시간=1시간 30분 / 계산=00:51 / warnings=MULTI_TIMER_IN_SLOT, 절대시각 계산 실패(원문 유지)
  slot 6 스칼라니르 [TIMED] [words_split_digits]=1시간 49분 ; segments=0 | 1 | 시간 | 49 | = | 남음 -> merged_digits='01 시간 49 = 남음' ; prefix_noise='1시간 49 =' -> '1시간 49분' (repair_noisy_hour_minute) / direct_parse='1시간 49분' => 01:10 스칼라니르 / 현재=23:21:56 / 남은시간=1시간 49분 / 계산=01:10 / warnings=MULTI_TIMER_IN_SLOT, 절대시각 계산 실패(원문 유지)
  slot 7 라타토스크 [TIMED] [words]=11시간 19분 ; segments=0 | 1 | 1 | 시간 | 19曰 | = | 남음 -> spaced='0 1 1 시간 19曰 = 남음' ; prefix_noise='0 1 1 시간 19曰 =' -> '11시간 19분' (repair_minute_glyph, drop_leading_zero, repair_noisy_split_hour_minute, repair_noisy_hour_minute) / direct_parse='11시간 19분' => 10:40 라타토스크 / 현재=23:21:56 / 남은시간=11시간 19분 / 계산=10:40 / warnings=MULTI_TIMER_IN_SLOT, 절대시각 계산 실패(원문 유지)
  slot 8 토르 [TIMED] [words_compact]=1일 19시간 ; segments=0 | 1일 | 19시간 | 남음 -> compact='01일19시간남음' ; unit_inferred=1일 19시간 / direct_parse='1일 19시간' => 토르 1일 19시간 / 현재=23:21:56 / 남은시간=1일 19시간 / 계산=18:21 / warnings=MULTI_TIMER_IN_SLOT

[2026-05-07 23:24:29] mode=ocr2
[이미지 1] area=요툰하임 base=23:21:56
  ocr2 fixed=1600x900 window=176,190,1410,709 area=요툰하임 best=요툰하임 final=요툰하임 reason=fixed_full_name_2plus highlight=- fixed_tab=- def=337 def_boss=4 slot_match=3 slot_strong=3 slot_full=3 base=23:21:56 diag=ok=1 err=- img=1468698 src=1600x900 ocr=1600x900 lines=35 words=76 text=247
  slot 1 파르바 [TIMED] [words_compact]=7분 25초 ; segments=0 | 7분 | 25초 | 남음 -> compact='07분25초남음' ; unit_inferred=7분 25초 / direct_parse='7분 25초' => 23:29:21 파르바 / 현재=23:21:56 / 남은시간=7분 25초 / 계산=23:29:21 / warnings=MULTI_TIMER_IN_SLOT
  slot 2 흐니르 [TIMED] [words]=11시간 19분 ; segments=0 | 1 | 1 | 시간 | 19曰 | = | 남음 -> spaced='0 1 1 시간 19曰 = 남음' ; prefix_noise='0 1 1 시간 19曰 =' -> '11시간 19분' (repair_minute_glyph, drop_leading_zero, repair_noisy_split_hour_minute, repair_noisy_hour_minute) / direct_parse='11시간 19분' => 10:40 흐니르 / 현재=23:21:56 / 남은시간=11시간 19분 / 계산=10:40 / warnings=MULTI_TIMER_IN_SLOT
  slot 3 바우티 [TIMED] [words]=10시간 39분 ; segments=0 | 10시간 | 39 | = | - | 남음 -> spaced='0 10시간 39 = - 남음' ; prefix_noise='10시간 39 = -' -> '10시간 39분' (repair_noisy_hour_minute) / direct_parse='10시간 39분' => 10:00 바우티 / 현재=23:21:56 / 남은시간=10시간 39분 / 계산=10:00 / warnings=MULTI_TIMER_IN_SLOT
  slot 4 야른 [TIMED] [words_compact]=6분 18초 ; segments=0 | 6분 | 18초 | 남음 -> compact='06분18초남음' ; unit_inferred=6분 18초 / direct_parse='6분 18초' => 23:28:14 야른 / 현재=23:21:56 / 남은시간=6분 18초 / 계산=23:28:14 / warnings=MULTI_TIMER_IN_SLOT
  slot 5 셀로비아 [TIMED] [words]=10시간 39분 ; segments=0 | 10시간 | 39 | = | “ | 남음 -> spaced='0 10시간 39 = “ 남음' ; prefix_noise='10시간 39 = “' -> '10시간 39분' (repair_noisy_hour_minute) / direct_parse='10시간 39분' => 10:00 셀로비아 / 현재=23:21:56 / 남은시간=10시간 39분 / 계산=10:00 / warnings=MULTI_TIMER_IN_SLOT
  slot 6 페티 [TIMED] [words_split_digits]=1시간 44분 ; segments=0 | 1 | 시간 | 44분 | 남음 -> merged_digits='01 시간 44분 남음' ; direct_parse='1시간 44분' => 01:05 페티 / 현재=23:21:56 / 남은시간=1시간 44분 / 계산=01:05 / warnings=MULTI_TIMER_IN_SLOT
  slot 7 니드호그 [TIMED] [words]=11시간 49분 ; segments=0 | 1 | 1 | 시간 | 49 | = | - | 남음 -> spaced='0 1 1 시간 49 = - 남음' ; prefix_noise='0 1 1 시간 49 = -' -> '11시간 49분' (drop_leading_zero, repair_noisy_split_hour_minute, repair_noisy_hour_minute) / direct_parse='11시간 49분' => 11:10 니드호그 / 현재=23:21:56 / 남은시간=11시간 49분 / 계산=11:10 / warnings=MULTI_TIMER_IN_SLOT
  slot 8 티르 [TIMED] [words]=16시간 41분 ; segments=0 | 16시간 | 41 | 분 | 남음 -> spaced='0 16시간 41 분 남음' ; prefix_noise='16시간 41 분' -> '16시간 41분' (repair_noisy_hour_minute) / direct_parse='16시간 41분' => 16:02 티르 / 현재=23:21:56 / 남은시간=16시간 41분 / 계산=16:02 / warnings=MULTI_TIMER_IN_SLOT
[이미지 2] area=니다벨리르 base=- -> shared 23:21:56
  ocr2 fixed=1600x900 window=176,190,1410,709 area=니다벨리르 best=니다벨리르 final=니다벨리르 reason=fixed_full_name_2plus highlight=- fixed_tab=- def=206 def_boss=2 slot_match=3 slot_strong=3 slot_full=3 base=- diag=ok=1 err=- img=1450186 src=1600x900 ocr=1600x900 lines=30 words=71 text=213
  slot 1 라이노르 [TIMED] [words]=11시간 41분 ; segments=0 | 1 | 1 | 시간 | 41 | 분 | 남음 -> spaced='0 1 1 시간 41 분 남음' ; prefix_noise='0 1 1 시간 41 분' -> '11시간 41분' (drop_leading_zero, merge_split_hour_digits_explicit, repair_noisy_hour_minute) / direct_parse='11시간 41분' => 11:02 라이노르 / 현재=23:21:56 / 남은시간=11시간 41분 / 계산=11:02 / warnings=MULTI_TIMER_IN_SLOT, 절대시각 계산 실패(원문 유지)
  slot 2 헤르모드 [TIMED] [words_compact]=2시간 3분 ; segments=0 | 2시간 | 3분 | 남음 -> compact='02시간3분남음' ; prefix_noise='2시간3분' -> '2시간 3분' (repair_noisy_hour_minute) / direct_parse='2시간 3분' => 01:24 헤르모드 / 현재=23:21:56 / 남은시간=2시간 3분 / 계산=01:24 / warnings=MULTI_TIMER_IN_SLOT, 절대시각 계산 실패(원문 유지)
  slot 3 브륀힐드 [TIMED] [words]=11시간 20분 ; segments=0 | 1 | 1 | 시간 | 20曰 | = | 남음 -> spaced='0 1 1 시간 20曰 = 남음' ; prefix_noise='0 1 1 시간 20曰 =' -> '11시간 20분' (repair_minute_glyph, drop_leading_zero, repair_noisy_split_hour_minute, repair_noisy_hour_minute) / direct_parse='11시간 20분' => 10:41 브륀힐드 / 현재=23:21:56 / 남은시간=11시간 20분 / 계산=10:41 / warnings=MULTI_TIMER_IN_SLOT, 절대시각 계산 실패(원문 유지)
  slot 4 수드리 [TIMED] [words_compact]=47분 3초 ; segments=0 | 47분 | 3초 | 남음 -> compact='047분3초남음' ; unit_inferred=47분 3초 / direct_parse='47분 3초' => 00:08:59 수드리 / 현재=23:21:56 / 남은시간=47분 3초 / 계산=00:08:59 / warnings=MULTI_TIMER_IN_SLOT, 절대시각 계산 실패(원문 유지)
  slot 5 비요른 [TIMED] [words_split_digits]=1시간 30분 ; segments=0 | 1 | 시간 | 30 | = | - | 남음 -> merged_digits='01 시간 30 = - 남음' ; prefix_noise='1시간 30 = -' -> '1시간 30분' (repair_noisy_hour_minute) / direct_parse='1시간 30분' => 00:51 비요른 / 현재=23:21:56 / 남은시간=1시간 30분 / 계산=00:51 / warnings=MULTI_TIMER_IN_SLOT, 절대시각 계산 실패(원문 유지)
  slot 6 스칼라니르 [TIMED] [words_split_digits]=1시간 49분 ; segments=0 | 1 | 시간 | 49 | = | 남음 -> merged_digits='01 시간 49 = 남음' ; prefix_noise='1시간 49 =' -> '1시간 49분' (repair_noisy_hour_minute) / direct_parse='1시간 49분' => 01:10 스칼라니르 / 현재=23:21:56 / 남은시간=1시간 49분 / 계산=01:10 / warnings=MULTI_TIMER_IN_SLOT, 절대시각 계산 실패(원문 유지)
  slot 7 라타토스크 [TIMED] [words]=11시간 19분 ; segments=0 | 1 | 1 | 시간 | 19曰 | = | 남음 -> spaced='0 1 1 시간 19曰 = 남음' ; prefix_noise='0 1 1 시간 19曰 =' -> '11시간 19분' (repair_minute_glyph, drop_leading_zero, repair_noisy_split_hour_minute, repair_noisy_hour_minute) / direct_parse='11시간 19분' => 10:40 라타토스크 / 현재=23:21:56 / 남은시간=11시간 19분 / 계산=10:40 / warnings=MULTI_TIMER_IN_SLOT, 절대시각 계산 실패(원문 유지)
  slot 8 토르 [TIMED] [words_compact]=1일 19시간 ; segments=0 | 1일 | 19시간 | 남음 -> compact='01일19시간남음' ; unit_inferred=1일 19시간 / direct_parse='1일 19시간' => 토르 1일 19시간 / 현재=23:21:56 / 남은시간=1일 19시간 / 계산=18:21 / warnings=MULTI_TIMER_IN_SLOT

[2026-05-07 23:31:21] mode=ocr2
[이미지 1] area=요툰하임 base=23:31:15
  ocr2 fixed=1600x900 window=176,190,1410,709 area=요툰하임 best=요툰하임 final=요툰하임 reason=fixed_full_name_2plus highlight=- fixed_tab=- def=337 def_boss=4 slot_match=3 slot_strong=3 slot_full=3 base=23:31:15 diag=ok=1 err=- img=1381424 src=1600x900 ocr=1600x900 lines=37 words=81 text=253
  slot 1 파르바 [TIMED] [words]=11시간 58분 ; segments=0 | 1 | 1 | 시간 | 58 | = | - | 남음 -> spaced='0 1 1 시간 58 = - 남음' ; prefix_noise='0 1 1 시간 58 = -' -> '11시간 58분' (drop_leading_zero, repair_noisy_split_hour_minute, repair_noisy_hour_minute) / direct_parse='11시간 58분' => 11:29 파르바 / 현재=23:31:15 / 남은시간=11시간 58분 / 계산=11:29 / warnings=MULTI_TIMER_IN_SLOT
  slot 2 흐니르 [TIMED] [words]=11시간 10분 ; segments=0 | 1 | 1 | 시간 | 10曰 | = | 남음 -> spaced='0 1 1 시간 10曰 = 남음' ; prefix_noise='0 1 1 시간 10曰 =' -> '11시간 10분' (repair_minute_glyph, drop_leading_zero, repair_noisy_split_hour_minute, repair_noisy_hour_minute) / direct_parse='11시간 10분' => 10:41 흐니르 / 현재=23:31:15 / 남은시간=11시간 10분 / 계산=10:41 / warnings=MULTI_TIMER_IN_SLOT
  slot 3 바우티 [TIMED] [words]=10시간 30분 ; segments=0 | 10시간 | 30 | = | “ | 남음 -> spaced='0 10시간 30 = “ 남음' ; prefix_noise='10시간 30 = “' -> '10시간 30분' (repair_noisy_hour_minute) / direct_parse='10시간 30분' => 10:01 바우티 / 현재=23:31:15 / 남은시간=10시간 30분 / 계산=10:01 / warnings=MULTI_TIMER_IN_SLOT
  slot 4 야른 [TIMED] [words]=11시간 56분 ; segments=0 | 1 | 1 | 시간 | 56분 | 남음 -> spaced='0 1 1 시간 56분 남음' ; prefix_noise='0 1 1 시간 56분' -> '11시간 56분' (drop_leading_zero, merge_split_hour_digits_explicit, repair_noisy_hour_minute) / direct_parse='11시간 56분' => 11:27 야른 / 현재=23:31:15 / 남은시간=11시간 56분 / 계산=11:27 / warnings=-
  slot 5 셀로비아 [TIMED] [words]=10시간 30분 ; segments=0 | 10시간 | 30 | = | “ | 남음 -> spaced='0 10시간 30 = “ 남음' ; prefix_noise='10시간 30 = “' -> '10시간 30분' (repair_noisy_hour_minute) / direct_parse='10시간 30분' => 10:01 셀로비아 / 현재=23:31:15 / 남은시간=10시간 30분 / 계산=10:01 / warnings=MULTI_TIMER_IN_SLOT
  slot 6 페티 [TIMED] [words_split_digits]=1시간 35분 ; segments=0 | 1 | 시간 | 35 | 분 | 남음 -> merged_digits='01 시간 35 분 남음' ; prefix_noise='1시간 35 분' -> '1시간 35분' (repair_noisy_hour_minute) / direct_parse='1시간 35분' => 01:06 페티 / 현재=23:31:15 / 남은시간=1시간 35분 / 계산=01:06 / warnings=MULTI_TIMER_IN_SLOT
  slot 7 니드호그 [TIMED] [words]=11시간 39분 ; segments=0 | 1 | 1 | 시간 | 39曰 | = | 남음 -> spaced='0 1 1 시간 39曰 = 남음' ; prefix_noise='0 1 1 시간 39曰 =' -> '11시간 39분' (repair_minute_glyph, drop_leading_zero, repair_noisy_split_hour_minute, repair_noisy_hour_minute) / direct_parse='11시간 39분' => 11:10 니드호그 / 현재=23:31:15 / 남은시간=11시간 39분 / 계산=11:10 / warnings=MULTI_TIMER_IN_SLOT
  slot 8 티르 [TIMED] [words]=16시간 31분 ; segments=0 | 16시간 | 3 | 1 | 분 | 남음 -> spaced='0 16시간 3 1 분 남음' ; direct_parse='16시간 31분' => 16:02 티르 / 현재=23:31:15 / 남은시간=16시간 31분 / 계산=16:02 / warnings=MULTI_TIMER_IN_SLOT
[이미지 2] area=니다벨리르 base=23:31:18
  ocr2 fixed=1600x900 window=176,190,1410,709 area=니다벨리르 best=니다벨리르 final=니다벨리르 reason=fixed_full_name_2plus highlight=- fixed_tab=- def=206 def_boss=2 slot_match=3 slot_strong=3 slot_full=3 base=23:31:18 diag=ok=1 err=- img=1373126 src=1600x900 ocr=1600x900 lines=30 words=75 text=229
  slot 1 라이노르 [TIMED] [words]=11시간 32분 ; segments=0 | 1 | 1 | 시간 | 32 | = | “ | 남음 -> spaced='0 1 1 시간 32 = “ 남음' ; prefix_noise='0 1 1 시간 32 = “' -> '11시간 32분' (drop_leading_zero, repair_noisy_split_hour_minute, repair_noisy_hour_minute) / direct_parse='11시간 32분' => 11:03 라이노르 / 현재=23:31:18 / 남은시간=11시간 32분 / 계산=11:03 / warnings=MULTI_TIMER_IN_SLOT
  slot 2 헤르모드 [TIMED] [words_split_digits]=1시간 54분 ; segments=0 | 1 | 시간 | 54분 | 남음 -> merged_digits='01 시간 54분 남음' ; direct_parse='1시간 54분' => 01:25 헤르모드 / 현재=23:31:18 / 남은시간=1시간 54분 / 계산=01:25 / warnings=MULTI_TIMER_IN_SLOT
  slot 3 브륀힐드 [TIMED] [words]=11시간 1분 ; segments=0 | 1 | 1 | 시간 | 1 | 1 | 분 | 남음 -> spaced='0 1 1 시간 1 1 분 남음' ; prefix_noise='0 1 1 시간 1 1 분' -> '11시간 1분' (drop_leading_zero, repair_noisy_split_hour_minute, repair_noisy_hour_minute) / direct_parse='11시간 1분' => 10:32 브륀힐드 / 현재=23:31:18 / 남은시간=11시간 1분 / 계산=10:32 / warnings=MULTI_TIMER_IN_SLOT
  slot 4 수드리 [TIMED] [words_compact]=37분 46초 ; segments=0 | 37분 | 46초 | 남음 -> compact='037분46초남음' ; unit_inferred=37분 46초 / direct_parse='37분 46초' => 00:09:04 수드리 / 현재=23:31:18 / 남은시간=37분 46초 / 계산=00:09:04 / warnings=MULTI_TIMER_IN_SLOT
  slot 5 비요른 [TIMED] [words_split_digits]=1시간 21분 ; segments=0 | 1 | 시간 | 21 | 분 | 남음 -> merged_digits='01 시간 21 분 남음' ; prefix_noise='1시간 21 분' -> '1시간 21분' (repair_noisy_hour_minute) / direct_parse='1시간 21분' => 00:52 비요른 / 현재=23:31:18 / 남은시간=1시간 21분 / 계산=00:52 / warnings=MULTI_TIMER_IN_SLOT
  slot 6 스칼라니르 [TIMED] [words_split_digits]=1시간 40분 ; segments=0 | 1 | 시간 | 40분 | 남음 -> merged_digits='01 시간 40분 남음' ; direct_parse='1시간 40분' => 01:11 스칼라니르 / 현재=23:31:18 / 남은시간=1시간 40분 / 계산=01:11 / warnings=MULTI_TIMER_IN_SLOT
  slot 7 라타토스크 [TIMED] [words]=11시간 10분 ; segments=0 | 1 | 1 | 시간 | 10曰 | = | 남음 -> spaced='0 1 1 시간 10曰 = 남음' ; prefix_noise='0 1 1 시간 10曰 =' -> '11시간 10분' (repair_minute_glyph, drop_leading_zero, repair_noisy_split_hour_minute, repair_noisy_hour_minute) / direct_parse='11시간 10분' => 10:41 라타토스크 / 현재=23:31:18 / 남은시간=11시간 10분 / 계산=10:41 / warnings=MULTI_TIMER_IN_SLOT
  slot 8 토르 [TIMED] [words_compact]=1일 19시간 ; segments=0 | 1일 | 19시간 | 남음 -> compact='01일19시간남음' ; unit_inferred=1일 19시간 / direct_parse='1일 19시간' => 토르 1일 19시간 / 현재=23:31:18 / 남은시간=1일 19시간 / 계산=18:31 / warnings=MULTI_TIMER_IN_SLOT

[2026-05-07 23:32:55] mode=ocr
[이미지 1] area=요툰하임 base=23:31:15
  ocr window=0,164,1600,730 area=요툰하임 best=요툰하임 reason=fixed_full_name_2plus highlight=- top=0 def=337 def_terms=4 def_boss=4 slot_exact=6 slot_boss=6 slot_match=3 slot_strong=3 slot_full=3 exact_boss=8 boss=10 grid=8 empty=0 base=23:31:15 diag=ok=1 err=- img=1381424 src=1600x900 ocr=1600x900 lines=37 words=81 text=253
  slot 1 파르바 [TIMED] [words]=11시간 58분 ; segments=0 | 1 | 1 | 시간 | 58 | = | - | 남음 -> spaced='0 1 1 시간 58 = - 남음' ; prefix_noise='0 1 1 시간 58 = -' -> '11시간 58분' (drop_leading_zero, repair_noisy_split_hour_minute, repair_noisy_hour_minute) / direct_parse='11시간 58분' => 11:29 파르바 / 현재=23:31:15 / 남은시간=11시간 58분 / 계산=11:29 / warnings=MULTI_TIMER_IN_SLOT
  slot 2 흐니르 [TIMED] [words]=11시간 10분 ; segments=0 | 1 | 1 | 시간 | 10曰 | = | 남음 -> spaced='0 1 1 시간 10曰 = 남음' ; prefix_noise='0 1 1 시간 10曰 =' -> '11시간 10분' (repair_minute_glyph, drop_leading_zero, repair_noisy_split_hour_minute, repair_noisy_hour_minute) / direct_parse='11시간 10분' => 10:41 흐니르 / 현재=23:31:15 / 남은시간=11시간 10분 / 계산=10:41 / warnings=MULTI_TIMER_IN_SLOT
  slot 3 바우티 [TIMED] [card_words_group_merge]=10시간 30분 ; card_segments=10시간 | 30 | = | “ | 남음 | 0 | 1 -> merged_spaced='10시간 30 = “ 남음 0 1' ; prefix_noise='10시간 30 = “ 0 1' -> '10시간 30분' (repair_noisy_hour_minute) / direct_parse='10시간 30분' => 10:01 바우티 / 현재=23:31:15 / 남은시간=10시간 30분 / 계산=10:01 / warnings=MULTI_TIMER_IN_SLOT
  slot 4 야른 [TIMED] [words_split_digits]=11시간 56분 ; segments=1 | 1 | 시간 | 56분 | 남음 -> merged_digits='11 시간 56분 남음' ; prefix_noise='11 시간 56분' -> '11시간 56분' (repair_noisy_hour_minute) / direct_parse='11시간 56분' => 11:27 야른 / 현재=23:31:15 / 남은시간=11시간 56분 / 계산=11:27 / warnings=MULTI_TIMER_IN_SLOT
  slot 5 셀로비아 [TIMED] [words]=10시간 30분 ; segments=0 | 10시간 | 30 | = | 남음 -> spaced='0 10시간 30 = 남음' ; prefix_noise='10시간 30 =' -> '10시간 30분' (repair_noisy_hour_minute) / direct_parse='10시간 30분' => 10:01 셀로비아 / 현재=23:31:15 / 남은시간=10시간 30분 / 계산=10:01 / warnings=MULTI_TIMER_IN_SLOT
  slot 6 페티 [TIMED] [words_split_digits]=1시간 35분 ; segments=0 | 1 | 시간 | 35 | 분 | 남음 -> merged_digits='01 시간 35 분 남음' ; prefix_noise='1시간 35 분' -> '1시간 35분' (repair_noisy_hour_minute) / direct_parse='1시간 35분' => 01:06 페티 / 현재=23:31:15 / 남은시간=1시간 35분 / 계산=01:06 / warnings=MULTI_TIMER_IN_SLOT
  slot 7 니드호그 [TIMED] [card_words_group_merge]=11시간 39분 ; card_segments=1 | 1 | 시간 | 39曰 | = | 남음 | 0 -> merged_spaced='1 1 시간 39曰 = 남음 0' ; prefix_noise='1 1 시간 39曰 0' -> '11시간 39분' (repair_minute_glyph, repair_noisy_split_hour_minute, repair_noisy_hour_minute) / direct_parse='11시간 39분' => 11:10 니드호그 / 현재=23:31:15 / 남은시간=11시간 39분 / 계산=11:10 / warnings=MULTI_TIMER_IN_SLOT
  slot 8 티르 [TIMED] [words]=16시간 31분 ; segments=16시간 | 3 | 1 | 분 | 남음 -> spaced='16시간 3 1 분 남음' ; direct_parse='16시간 31분' => 16:02 티르 / 현재=23:31:15 / 남은시간=16시간 31분 / 계산=16:02 / warnings=MULTI_TIMER_IN_SLOT
[이미지 2] area=니다벨리르 base=23:31:18
  ocr window=0,164,1600,730 area=니다벨리르 best=니다벨리르 reason=fixed_full_name_2plus highlight=- top=0 def=206 def_terms=2 def_boss=2 slot_exact=2 slot_boss=3 slot_match=2 slot_strong=2 slot_full=2 exact_boss=8 boss=8 grid=8 empty=0 base=23:31:18 diag=ok=1 err=- img=1373126 src=1600x900 ocr=1600x900 lines=30 words=75 text=229
  slot 1 라이노르 [TIMED] [words]=11시간 32분 ; segments=0 | 1 | 1 | 시간 | 32 | = | “ | 남음 -> spaced='0 1 1 시간 32 = “ 남음' ; prefix_noise='0 1 1 시간 32 = “' -> '11시간 32분' (drop_leading_zero, repair_noisy_split_hour_minute, repair_noisy_hour_minute) / direct_parse='11시간 32분' => 11:03 라이노르 / 현재=23:31:18 / 남은시간=11시간 32분 / 계산=11:03 / warnings=MULTI_TIMER_IN_SLOT
  slot 2 헤르모드 [TIMED] [words_split_digits]=1시간 54분 ; segments=0 | 1 | 시간 | 54분 | 남음 -> merged_digits='01 시간 54분 남음' ; direct_parse='1시간 54분' => 01:25 헤르모드 / 현재=23:31:18 / 남은시간=1시간 54분 / 계산=01:25 / warnings=MULTI_TIMER_IN_SLOT
  slot 3 브륀힐드 [TIMED] [card_words_group_merge]=11시간 1분 ; card_segments=1 | 1 | 시간 | 1 | 1 | 분 | 남음 | 0 -> merged_spaced='1 1 시간 1 1 분 남음 0' ; prefix_noise='1 1 시간 1 1 분 0' -> '11시간 1분' (repair_noisy_split_hour_minute, repair_noisy_hour_minute) / direct_parse='11시간 1분' => 10:32 브륀힐드 / 현재=23:31:18 / 남은시간=11시간 1분 / 계산=10:32 / warnings=MULTI_TIMER_IN_SLOT
  slot 4 수드리 [TIMED] [words_compact]=37분 46초 ; segments=37분 | 46초 | 남음 -> compact='37분46초남음' ; unit_inferred=37분 46초 / direct_parse='37분 46초' => 00:09:04 수드리 / 현재=23:31:18 / 남은시간=37분 46초 / 계산=00:09:04 / warnings=MULTI_TIMER_IN_SLOT
  slot 5 비요른 [TIMED] [words_split_digits]=1시간 21분 ; segments=0 | 1 | 시간 | 21 | 분 | 남음 -> merged_digits='01 시간 21 분 남음' ; prefix_noise='1시간 21 분' -> '1시간 21분' (repair_noisy_hour_minute) / direct_parse='1시간 21분' => 00:52 비요른 / 현재=23:31:18 / 남은시간=1시간 21분 / 계산=00:52 / warnings=MULTI_TIMER_IN_SLOT
  slot 6 스칼라니르 [TIMED] [words_split_digits]=1시간 40분 ; segments=0 | 1 | 시간 | 40분 | 남음 -> merged_digits='01 시간 40분 남음' ; direct_parse='1시간 40분' => 01:11 스칼라니르 / 현재=23:31:18 / 남은시간=1시간 40분 / 계산=01:11 / warnings=MULTI_TIMER_IN_SLOT
  slot 7 라타토스크 [TIMED] [card_words_group_merge]=11시간 10분 ; card_segments=1 | 1 | 시간 | 10曰 | = | 남음 | 0 -> merged_spaced='1 1 시간 10曰 = 남음 0' ; prefix_noise='1 1 시간 10曰 0' -> '11시간 10분' (repair_minute_glyph, repair_noisy_split_hour_minute, repair_noisy_hour_minute) / direct_parse='11시간 10분' => 10:41 라타토스크 / 현재=23:31:18 / 남은시간=11시간 10분 / 계산=10:41 / warnings=MULTI_TIMER_IN_SLOT
  slot 8 토르 [TIMED] [words_compact]=1일 19시간 ; segments=1일 | 19시간 | 남음 -> compact='1일19시간남음' ; unit_inferred=1일 19시간 / direct_parse='1일 19시간' => 토르 1일 19시간 / 현재=23:31:18 / 남은시간=1일 19시간 / 계산=18:31 / warnings=MULTI_TIMER_IN_SLOT

[2026-05-07 23:39:19] mode=ocr2
[이미지 1] area=니다벨리르 base=-
  ocr2 fixed=1600x900 window=176,190,1410,709 area=니다벨리르 best=니다벨리르 final=니다벨리르 reason=fixed_full_name_2plus highlight=- fixed_tab=- def=206 def_boss=2 slot_match=3 slot_strong=3 slot_full=3 base=- diag=ok=1 err=- img=1514711 src=1600x900 ocr=1600x900 lines=29 words=71 text=211
  slot 1 라이노르 [TIMED] [words]=11시간 24분 ; segments=0 | 1 | 1 | 시간 | 24분 | 남음 -> spaced='0 1 1 시간 24분 남음' ; prefix_noise='0 1 1 시간 24분' -> '11시간 24분' (drop_leading_zero, merge_split_hour_digits_explicit, repair_noisy_hour_minute) / direct_parse='11시간 24분' => 라이노르 11시간 24분 / 현재=- / 남은시간=11시간 24분 / 계산=- / warnings=절대시각 계산 실패(원문 유지)
  slot 2 헤르모드 [TIMED] [words_split_digits]=1시간 46분 ; segments=0 | 1 | 시간 | 46분 | 남음 -> merged_digits='01 시간 46분 남음' ; direct_parse='1시간 46분' => 헤르모드 1시간 46분 / 현재=- / 남은시간=1시간 46분 / 계산=- / warnings=절대시각 계산 실패(원문 유지)
  slot 3 브륀힐드 [TIMED] [words]=11시간 3분 ; segments=0 | 1 | 1 | 시간 | 3 | 분 | 남음 -> spaced='0 1 1 시간 3 분 남음' ; prefix_noise='0 1 1 시간 3 분' -> '11시간 3분' (drop_leading_zero, merge_split_hour_digits_explicit, repair_noisy_hour_minute) / direct_parse='11시간 3분' => 브륀힐드 11시간 3분 / 현재=- / 남은시간=11시간 3분 / 계산=- / warnings=절대시각 계산 실패(원문 유지)
  slot 4 수드리 [TIMED] [words_compact]=29분 56초 ; segments=0 | 29분 | 56초 | 남음 -> compact='029분56초남음' ; unit_inferred=29분 56초 / direct_parse='29분 56초' => 수드리 29분 56초 / 현재=- / 남은시간=29분 56초 / 계산=- / warnings=절대시각 계산 실패(원문 유지)
  slot 5 비요른 [TIMED] [words_split_digits]=1시간 13분 ; segments=0 | 1 | 시간 | 13 | 분 | 남음 -> merged_digits='01 시간 13 분 남음' ; prefix_noise='1시간 13 분' -> '1시간 13분' (repair_noisy_hour_minute) / direct_parse='1시간 13분' => 비요른 1시간 13분 / 현재=- / 남은시간=1시간 13분 / 계산=- / warnings=절대시각 계산 실패(원문 유지)
  slot 6 스칼라니르 [TIMED] [words_split_digits]=1시간 32분 ; segments=0 | 1 | 시간 | 32 | = | 남음 -> merged_digits='01 시간 32 = 남음' ; prefix_noise='1시간 32 =' -> '1시간 32분' (repair_noisy_hour_minute) / direct_parse='1시간 32분' => 스칼라니르 1시간 32분 / 현재=- / 남은시간=1시간 32분 / 계산=- / warnings=절대시각 계산 실패(원문 유지)
  slot 7 라타토스크 [TIMED] [words]=11시간 2분 ; segments=0 | 1 | 1 | 시간 | 2 | = | “ | 남음 -> spaced='0 1 1 시간 2 = “ 남음' ; prefix_noise='0 1 1 시간 2 = “' -> '11시간 2분' (drop_leading_zero, repair_noisy_split_hour_minute, repair_noisy_hour_minute) / direct_parse='11시간 2분' => 라타토스크 11시간 2분 / 현재=- / 남은시간=11시간 2분 / 계산=- / warnings=절대시각 계산 실패(원문 유지)
  slot 8 토르 [TIMED] [words_compact]=1일 19시간 ; segments=0 | 1일 | 19시간 | 남음 -> compact='01일19시간남음' ; unit_inferred=1일 19시간 / direct_parse='1일 19시간' => 토르 1일 19시간 / 현재=- / 남은시간=1일 19시간 / 계산=- / warnings=-
[이미지 2] area=요툰하임 base=23:39:17
  ocr2 fixed=1600x900 window=176,190,1410,709 area=요툰하임 best=요툰하임 final=요툰하임 reason=fixed_full_name_2plus highlight=- fixed_tab=- def=337 def_boss=4 slot_match=3 slot_strong=3 slot_full=3 base=23:39:17 diag=ok=1 err=- img=1523933 src=1600x900 ocr=1600x900 lines=38 words=82 text=253
  slot 1 파르바 [TIMED] [words]=11시간 50분 ; segments=0 | 1 | 1 | 시간 | 50曰 | = | 남음 -> spaced='0 1 1 시간 50曰 = 남음' ; prefix_noise='0 1 1 시간 50曰 =' -> '11시간 50분' (repair_minute_glyph, drop_leading_zero, repair_noisy_split_hour_minute, repair_noisy_hour_minute) / direct_parse='11시간 50분' => 11:29 파르바 / 현재=23:39:17 / 남은시간=11시간 50분 / 계산=11:29 / warnings=-
  slot 2 흐니르 [TIMED] [words]=11시간 2분 ; segments=0 | 1 | 1 | 시간 | 2 | = | “ | 남음 -> spaced='0 1 1 시간 2 = “ 남음' ; prefix_noise='0 1 1 시간 2 = “' -> '11시간 2분' (drop_leading_zero, repair_noisy_split_hour_minute, repair_noisy_hour_minute) / direct_parse='11시간 2분' => 10:41 흐니르 / 현재=23:39:17 / 남은시간=11시간 2분 / 계산=10:41 / warnings=-
  slot 3 바우티 [TIMED] [words]=10시간 22분 ; segments=0 | 10시간 | 22 | = | - | 남음 -> spaced='0 10시간 22 = - 남음' ; prefix_noise='10시간 22 = -' -> '10시간 22분' (repair_noisy_hour_minute) / direct_parse='10시간 22분' => 10:01 바우티 / 현재=23:39:17 / 남은시간=10시간 22분 / 계산=10:01 / warnings=-
  slot 4 야른 [TIMED] [words]=11시간 48분 ; segments=0 | 1 | 1 | 시간 | 48 | = | - | 남음 -> spaced='0 1 1 시간 48 = - 남음' ; prefix_noise='0 1 1 시간 48 = -' -> '11시간 48분' (drop_leading_zero, repair_noisy_split_hour_minute, repair_noisy_hour_minute) / direct_parse='11시간 48분' => 11:27 야른 / 현재=23:39:17 / 남은시간=11시간 48분 / 계산=11:27 / warnings=-
  slot 5 셀로비아 [TIMED] [words]=10시간 22분 ; segments=0 | 10시간 | 22 | = | 남음 -> spaced='0 10시간 22 = 남음' ; prefix_noise='10시간 22 =' -> '10시간 22분' (repair_noisy_hour_minute) / direct_parse='10시간 22분' => 10:01 셀로비아 / 현재=23:39:17 / 남은시간=10시간 22분 / 계산=10:01 / warnings=-
  slot 6 페티 [TIMED] [words_split_digits]=1시간 27분 ; segments=0 | 1 | 시간 | 27 | = | - | 남음 -> merged_digits='01 시간 27 = - 남음' ; prefix_noise='1시간 27 = -' -> '1시간 27분' (repair_noisy_hour_minute) / direct_parse='1시간 27분' => 01:06 페티 / 현재=23:39:17 / 남은시간=1시간 27분 / 계산=01:06 / warnings=-
  slot 7 니드호그 [TIMED] [words]=11시간 31분 ; segments=0 | 1 | 1 | 시간 | 31 | 분 | 남음 -> spaced='0 1 1 시간 31 분 남음' ; prefix_noise='0 1 1 시간 31 분' -> '11시간 31분' (drop_leading_zero, merge_split_hour_digits_explicit, repair_noisy_hour_minute) / direct_parse='11시간 31분' => 11:10 니드호그 / 현재=23:39:17 / 남은시간=11시간 31분 / 계산=11:10 / warnings=-
  slot 8 티르 [TIMED] [words]=16시간 23분 ; segments=0 | 16시간 | 23 | 분 | 남음 -> spaced='0 16시간 23 분 남음' ; prefix_noise='16시간 23 분' -> '16시간 23분' (repair_noisy_hour_minute) / direct_parse='16시간 23분' => 16:02 티르 / 현재=23:39:17 / 남은시간=16시간 23분 / 계산=16:02 / warnings=-

[2026-05-07 23:41:29] mode=ocr2
[이미지 1] area=니다벨리르 base=-
  ocr2 fixed=1600x900 window=176,190,1410,709 area=니다벨리르 best=니다벨리르 final=니다벨리르 reason=fixed_full_name_2plus highlight=- fixed_tab=- def=206 def_boss=2 slot_match=3 slot_strong=3 slot_full=3 base=- diag=ok=1 err=- img=1514711 src=1600x900 ocr=1600x900 lines=29 words=71 text=211
  slot 1 라이노르 [TIMED] [words]=11시간 24분 ; segments=0 | 1 | 1 | 시간 | 24분 | 남음 -> spaced='0 1 1 시간 24분 남음' ; prefix_noise='0 1 1 시간 24분' -> '11시간 24분' (drop_leading_zero, merge_split_hour_digits_explicit, repair_noisy_hour_minute) / direct_parse='11시간 24분' => 라이노르 11시간 24분 / 현재=- / 남은시간=11시간 24분 / 계산=- / warnings=절대시각 계산 실패(원문 유지)
  slot 2 헤르모드 [TIMED] [words_split_digits]=1시간 46분 ; segments=0 | 1 | 시간 | 46분 | 남음 -> merged_digits='01 시간 46분 남음' ; direct_parse='1시간 46분' => 헤르모드 1시간 46분 / 현재=- / 남은시간=1시간 46분 / 계산=- / warnings=절대시각 계산 실패(원문 유지)
  slot 3 브륀힐드 [TIMED] [words]=11시간 3분 ; segments=0 | 1 | 1 | 시간 | 3 | 분 | 남음 -> spaced='0 1 1 시간 3 분 남음' ; prefix_noise='0 1 1 시간 3 분' -> '11시간 3분' (drop_leading_zero, merge_split_hour_digits_explicit, repair_noisy_hour_minute) / direct_parse='11시간 3분' => 브륀힐드 11시간 3분 / 현재=- / 남은시간=11시간 3분 / 계산=- / warnings=절대시각 계산 실패(원문 유지)
  slot 4 수드리 [TIMED] [words_compact]=29분 56초 ; segments=0 | 29분 | 56초 | 남음 -> compact='029분56초남음' ; unit_inferred=29분 56초 / direct_parse='29분 56초' => 수드리 29분 56초 / 현재=- / 남은시간=29분 56초 / 계산=- / warnings=절대시각 계산 실패(원문 유지)
  slot 5 비요른 [TIMED] [words_split_digits]=1시간 13분 ; segments=0 | 1 | 시간 | 13 | 분 | 남음 -> merged_digits='01 시간 13 분 남음' ; prefix_noise='1시간 13 분' -> '1시간 13분' (repair_noisy_hour_minute) / direct_parse='1시간 13분' => 비요른 1시간 13분 / 현재=- / 남은시간=1시간 13분 / 계산=- / warnings=절대시각 계산 실패(원문 유지)
  slot 6 스칼라니르 [TIMED] [words_split_digits]=1시간 32분 ; segments=0 | 1 | 시간 | 32 | = | 남음 -> merged_digits='01 시간 32 = 남음' ; prefix_noise='1시간 32 =' -> '1시간 32분' (repair_noisy_hour_minute) / direct_parse='1시간 32분' => 스칼라니르 1시간 32분 / 현재=- / 남은시간=1시간 32분 / 계산=- / warnings=절대시각 계산 실패(원문 유지)
  slot 7 라타토스크 [TIMED] [words]=11시간 2분 ; segments=0 | 1 | 1 | 시간 | 2 | = | “ | 남음 -> spaced='0 1 1 시간 2 = “ 남음' ; prefix_noise='0 1 1 시간 2 = “' -> '11시간 2분' (drop_leading_zero, repair_noisy_split_hour_minute, repair_noisy_hour_minute) / direct_parse='11시간 2분' => 라타토스크 11시간 2분 / 현재=- / 남은시간=11시간 2분 / 계산=- / warnings=절대시각 계산 실패(원문 유지)
  slot 8 토르 [TIMED] [words_compact]=1일 19시간 ; segments=0 | 1일 | 19시간 | 남음 -> compact='01일19시간남음' ; unit_inferred=1일 19시간 / direct_parse='1일 19시간' => 토르 1일 19시간 / 현재=- / 남은시간=1일 19시간 / 계산=- / warnings=-
[이미지 2] area=요툰하임 base=23:39:17
  ocr2 fixed=1600x900 window=176,190,1410,709 area=요툰하임 best=요툰하임 final=요툰하임 reason=fixed_full_name_2plus highlight=- fixed_tab=- def=337 def_boss=4 slot_match=3 slot_strong=3 slot_full=3 base=23:39:17 diag=ok=1 err=- img=1523933 src=1600x900 ocr=1600x900 lines=38 words=82 text=253
  slot 1 파르바 [TIMED] [words]=11시간 50분 ; segments=0 | 1 | 1 | 시간 | 50曰 | = | 남음 -> spaced='0 1 1 시간 50曰 = 남음' ; prefix_noise='0 1 1 시간 50曰 =' -> '11시간 50분' (repair_minute_glyph, drop_leading_zero, repair_noisy_split_hour_minute, repair_noisy_hour_minute) / direct_parse='11시간 50분' => 11:29 파르바 / 현재=23:39:17 / 남은시간=11시간 50분 / 계산=11:29 / warnings=-
  slot 2 흐니르 [TIMED] [words]=11시간 2분 ; segments=0 | 1 | 1 | 시간 | 2 | = | “ | 남음 -> spaced='0 1 1 시간 2 = “ 남음' ; prefix_noise='0 1 1 시간 2 = “' -> '11시간 2분' (drop_leading_zero, repair_noisy_split_hour_minute, repair_noisy_hour_minute) / direct_parse='11시간 2분' => 10:41 흐니르 / 현재=23:39:17 / 남은시간=11시간 2분 / 계산=10:41 / warnings=-
  slot 3 바우티 [TIMED] [words]=10시간 22분 ; segments=0 | 10시간 | 22 | = | - | 남음 -> spaced='0 10시간 22 = - 남음' ; prefix_noise='10시간 22 = -' -> '10시간 22분' (repair_noisy_hour_minute) / direct_parse='10시간 22분' => 10:01 바우티 / 현재=23:39:17 / 남은시간=10시간 22분 / 계산=10:01 / warnings=-
  slot 4 야른 [TIMED] [words]=11시간 48분 ; segments=0 | 1 | 1 | 시간 | 48 | = | - | 남음 -> spaced='0 1 1 시간 48 = - 남음' ; prefix_noise='0 1 1 시간 48 = -' -> '11시간 48분' (drop_leading_zero, repair_noisy_split_hour_minute, repair_noisy_hour_minute) / direct_parse='11시간 48분' => 11:27 야른 / 현재=23:39:17 / 남은시간=11시간 48분 / 계산=11:27 / warnings=-
  slot 5 셀로비아 [TIMED] [words]=10시간 22분 ; segments=0 | 10시간 | 22 | = | 남음 -> spaced='0 10시간 22 = 남음' ; prefix_noise='10시간 22 =' -> '10시간 22분' (repair_noisy_hour_minute) / direct_parse='10시간 22분' => 10:01 셀로비아 / 현재=23:39:17 / 남은시간=10시간 22분 / 계산=10:01 / warnings=-
  slot 6 페티 [TIMED] [words_split_digits]=1시간 27분 ; segments=0 | 1 | 시간 | 27 | = | - | 남음 -> merged_digits='01 시간 27 = - 남음' ; prefix_noise='1시간 27 = -' -> '1시간 27분' (repair_noisy_hour_minute) / direct_parse='1시간 27분' => 01:06 페티 / 현재=23:39:17 / 남은시간=1시간 27분 / 계산=01:06 / warnings=-
  slot 7 니드호그 [TIMED] [words]=11시간 31분 ; segments=0 | 1 | 1 | 시간 | 31 | 분 | 남음 -> spaced='0 1 1 시간 31 분 남음' ; prefix_noise='0 1 1 시간 31 분' -> '11시간 31분' (drop_leading_zero, merge_split_hour_digits_explicit, repair_noisy_hour_minute) / direct_parse='11시간 31분' => 11:10 니드호그 / 현재=23:39:17 / 남은시간=11시간 31분 / 계산=11:10 / warnings=-
  slot 8 티르 [TIMED] [words]=16시간 23분 ; segments=0 | 16시간 | 23 | 분 | 남음 -> spaced='0 16시간 23 분 남음' ; prefix_noise='16시간 23 분' -> '16시간 23분' (repair_noisy_hour_minute) / direct_parse='16시간 23분' => 16:02 티르 / 현재=23:39:17 / 남은시간=16시간 23분 / 계산=16:02 / warnings=-

[2026-05-07 23:51:42] mode=ocr2
[이미지 1] area=요툰하임 base=23:51:35
  ocr2 fixed=1600x900 window=176,190,1410,709 area=요툰하임 best=요툰하임 final=요툰하임 reason=fixed_full_name_2plus highlight=- fixed_tab=- def=309 def_boss=3 slot_match=3 slot_strong=3 slot_full=3 base=23:51:35 diag=ok=1 err=- img=1419855 src=1600x900 ocr=1600x900 lines=32 words=75 text=233
  slot 1 파르바 [TIMED] [words]=11시간 37분 ; segments=0 | 1 | 1 | 시간 | 37曰 | = | 남음 -> spaced='0 1 1 시간 37曰 = 남음' ; prefix_noise='0 1 1 시간 37曰 =' -> '11시간 37분' (repair_minute_glyph, drop_leading_zero, repair_noisy_split_hour_minute, repair_noisy_hour_minute) / direct_parse='11시간 37분' => 11:28 파르바 / 현재=23:51:35 / 남은시간=11시간 37분 / 계산=11:28 / warnings=-
  slot 2 흐니르 [TIMED] [words]=10시간 50분 ; segments=0 | 10시간 | 50 | = | “ | 남음 -> spaced='0 10시간 50 = “ 남음' ; prefix_noise='10시간 50 = “' -> '10시간 50분' (repair_noisy_hour_minute) / direct_parse='10시간 50분' => 10:41 흐니르 / 현재=23:51:35 / 남은시간=10시간 50분 / 계산=10:41 / warnings=-
  slot 3 바우티 [TIMED] [words]=10시간 9분 ; segments=0 | 10 | 시간 | 9 | = | “ | 남음 -> spaced='0 10 시간 9 = “ 남음' ; prefix_noise='10 시간 9 = “' -> '10시간 9분' (repair_noisy_hour_minute) / direct_parse='10시간 9분' => 10:00 바우티 / 현재=23:51:35 / 남은시간=10시간 9분 / 계산=10:00 / warnings=-
  slot 4 야른 [TIMED] [words_compact]=11시간 36분 ; segments=0 | 11시간 | 36분 | 남음 -> compact='011시간36분남음' ; prefix_noise='11시간36분' -> '11시간 36분' (repair_noisy_hour_minute) / direct_parse='11시간 36분' => 11:27 야른 / 현재=23:51:35 / 남은시간=11시간 36분 / 계산=11:27 / warnings=-
  slot 5 셀로비아 [TIMED] [words]=10시간 10분 ; segments=0 | 10시간 | 10 | = | “ | 남음 -> spaced='0 10시간 10 = “ 남음' ; prefix_noise='10시간 10 = “' -> '10시간 10분' (repair_noisy_hour_minute) / direct_parse='10시간 10분' => 10:01 셀로비아 / 현재=23:51:35 / 남은시간=10시간 10분 / 계산=10:01 / warnings=-
  slot 6 페티 [TIMED] [words_split_digits]=1시간 14분 ; segments=0 | 1 | 시간 | 14분 | 남음 -> merged_digits='01 시간 14분 남음' ; direct_parse='1시간 14분' => 01:05 페티 / 현재=23:51:35 / 남은시간=1시간 14분 / 계산=01:05 / warnings=-
  slot 7 니드호그 [TIMED] [words]=11시간 19분 ; segments=0 | 1 | 1 | 시간 | 19曰 | = | 남음 -> spaced='0 1 1 시간 19曰 = 남음' ; prefix_noise='0 1 1 시간 19曰 =' -> '11시간 19분' (repair_minute_glyph, drop_leading_zero, repair_noisy_split_hour_minute, repair_noisy_hour_minute) / direct_parse='11시간 19분' => 11:10 니드호그 / 현재=23:51:35 / 남은시간=11시간 19분 / 계산=11:10 / warnings=-
  slot 8 티르 [TIMED] [words]=16시간 11분 ; segments=0 | 16시간 | 1 | 1 | 분 | 남음 -> spaced='0 16시간 1 1 분 남음' ; prefix_noise='16시간 1 1 분' -> '16시간 11분' (merge_split_minute_digits_after_hour, repair_noisy_hour_minute) / direct_parse='16시간 11분' => 16:02 티르 / 현재=23:51:35 / 남은시간=16시간 11분 / 계산=16:02 / warnings=-
[이미지 2] area=니다벨리르 base=-
  ocr2 fixed=1600x900 window=176,190,1410,709 area=니다벨리르 best=니다벨리르 final=니다벨리르 reason=fixed_full_name_2plus highlight=- fixed_tab=- def=206 def_boss=2 slot_match=3 slot_strong=3 slot_full=3 base=- diag=ok=1 err=- img=1411955 src=1600x900 ocr=1600x900 lines=29 words=67 text=210
  slot 1 라이노르 [TIMED] [words]=11시간 11분 ; segments=0 | 11시간 | 1 | 1 | 분 | 남음 -> spaced='0 11시간 1 1 분 남음' ; prefix_noise='11시간 1 1 분' -> '11시간 11분' (merge_split_minute_digits_after_hour, repair_noisy_hour_minute) / direct_parse='11시간 11분' => 라이노르 11시간 11분 / 현재=- / 남은시간=11시간 11분 / 계산=- / warnings=절대시각 계산 실패(원문 유지)
  slot 2 헤르모드 [TIMED] [words_split_digits]=1시간 34분 ; segments=0 | 1 | 시간 | 34분 | 남음 -> merged_digits='01 시간 34분 남음' ; direct_parse='1시간 34분' => 헤르모드 1시간 34분 / 현재=- / 남은시간=1시간 34분 / 계산=- / warnings=절대시각 계산 실패(원문 유지)
  slot 3 브륀힐드 [TIMED] [words]=10시간 50분 ; segments=0 | 10시간 | 50 | = | “ | 남음 -> spaced='0 10시간 50 = “ 남음' ; prefix_noise='10시간 50 = “' -> '10시간 50분' (repair_noisy_hour_minute) / direct_parse='10시간 50분' => 브륀힐드 10시간 50분 / 현재=- / 남은시간=10시간 50분 / 계산=- / warnings=절대시각 계산 실패(원문 유지)
  slot 4 수드리 [TIMED] [words_compact]=17분 27초 ; segments=0 | 17분 | 27초 | 남음 -> compact='017분27초남음' ; unit_inferred=17분 27초 / direct_parse='17분 27초' => 수드리 17분 27초 / 현재=- / 남은시간=17분 27초 / 계산=- / warnings=절대시각 계산 실패(원문 유지)
  slot 5 비요른 [TIMED] [words_compact]=1시간 1분 ; segments=0 | 1시간 | 1분 | 남음 -> compact='01시간1분남음' ; prefix_noise='1시간1분' -> '1시간 1분' (repair_noisy_hour_minute) / direct_parse='1시간 1분' => 비요른 1시간 1분 / 현재=- / 남은시간=1시간 1분 / 계산=- / warnings=절대시각 계산 실패(원문 유지)
  slot 6 스칼라니르 [TIMED] [words_split_digits]=1시간 19분 ; segments=0 | 1 | 시간 | 19 | = | - | 남음 -> merged_digits='01 시간 19 = - 남음' ; prefix_noise='1시간 19 = -' -> '1시간 19분' (repair_noisy_hour_minute) / direct_parse='1시간 19분' => 스칼라니르 1시간 19분 / 현재=- / 남은시간=1시간 19분 / 계산=- / warnings=절대시각 계산 실패(원문 유지)
  slot 7 라타토스크 [TIMED] [words]=10시간 50분 ; segments=0 | 10시간 | 50 | = | - | 남음 -> spaced='0 10시간 50 = - 남음' ; prefix_noise='10시간 50 = -' -> '10시간 50분' (repair_noisy_hour_minute) / direct_parse='10시간 50분' => 라타토스크 10시간 50분 / 현재=- / 남은시간=10시간 50분 / 계산=- / warnings=절대시각 계산 실패(원문 유지)
  slot 8 토르 [TIMED] [words_compact]=1일 18시간 ; segments=0 | 1일 | 18시간 | 남음 -> compact='01일18시간남음' ; unit_inferred=1일 18시간 / direct_parse='1일 18시간' => 토르 1일 18시간 / 현재=- / 남은시간=1일 18시간 / 계산=- / warnings=-

[2026-05-07 23:52:01] mode=ocr
[이미지 1] area=요툰하임 base=23:51:35
  ocr window=0,164,1600,730 area=요툰하임 best=요툰하임 reason=fixed_full_name_2plus highlight=- top=0 def=309 def_terms=3 def_boss=3 slot_exact=6 slot_boss=6 slot_match=3 slot_strong=3 slot_full=3 exact_boss=8 boss=10 grid=8 empty=0 base=23:51:35 diag=ok=1 err=- img=1419855 src=1600x900 ocr=1600x900 lines=32 words=75 text=233
  slot 1 파르바 [TIMED] [words]=11시간 37분 ; segments=0 | 1 | 1 | 시간 | 37曰 | = | 남음 -> spaced='0 1 1 시간 37曰 = 남음' ; prefix_noise='0 1 1 시간 37曰 =' -> '11시간 37분' (repair_minute_glyph, drop_leading_zero, repair_noisy_split_hour_minute, repair_noisy_hour_minute) / direct_parse='11시간 37분' => 11:28 파르바 / 현재=23:51:35 / 남은시간=11시간 37분 / 계산=11:28 / warnings=-
  slot 2 흐니르 [TIMED] [words]=10시간 50분 ; segments=0 | 10시간 | 50 | = | “ | 남음 -> spaced='0 10시간 50 = “ 남음' ; prefix_noise='10시간 50 = “' -> '10시간 50분' (repair_noisy_hour_minute) / direct_parse='10시간 50분' => 10:41 흐니르 / 현재=23:51:35 / 남은시간=10시간 50분 / 계산=10:41 / warnings=-
  slot 3 바우티 [TIMED] [card_words_group_merge]=10시간 9분 ; card_segments=10 | 시간 | 9 | = | “ | 남음 | 0 -> merged_spaced='10 시간 9 = “ 남음 0' ; prefix_noise='10 시간 9 = “ 0' -> '10시간 9분' (repair_noisy_hour_minute) / direct_parse='10시간 9분' => 10:00 바우티 / 현재=23:51:35 / 남은시간=10시간 9분 / 계산=10:00 / warnings=-
  slot 4 야른 [TIMED] [words_compact]=11시간 36분 ; segments=11시간 | 36분 | 남음 -> compact='11시간36분남음' ; prefix_noise='11시간36분' -> '11시간 36분' (repair_noisy_hour_minute) / direct_parse='11시간 36분' => 11:27 야른 / 현재=23:51:35 / 남은시간=11시간 36분 / 계산=11:27 / warnings=-
  slot 5 셀로비아 [TIMED] [words]=10시간 10분 ; segments=0 | 10시간 | 10 | = | 남음 -> spaced='0 10시간 10 = 남음' ; prefix_noise='10시간 10 =' -> '10시간 10분' (repair_noisy_hour_minute) / direct_parse='10시간 10분' => 10:01 셀로비아 / 현재=23:51:35 / 남은시간=10시간 10분 / 계산=10:01 / warnings=-
  slot 6 페티 [TIMED] [words_split_digits]=1시간 14분 ; segments=0 | 1 | 시간 | 14분 | 남음 -> merged_digits='01 시간 14분 남음' ; direct_parse='1시간 14분' => 01:05 페티 / 현재=23:51:35 / 남은시간=1시간 14분 / 계산=01:05 / warnings=-
  slot 7 니드호그 [TIMED] [card_words_group_merge]=11시간 19분 ; card_segments=1 | 1 | 시간 | 19曰 | = | 남음 | 0 -> merged_spaced='1 1 시간 19曰 = 남음 0' ; prefix_noise='1 1 시간 19曰 0' -> '11시간 19분' (repair_minute_glyph, repair_noisy_split_hour_minute, repair_noisy_hour_minute) / direct_parse='11시간 19분' => 11:10 니드호그 / 현재=23:51:35 / 남은시간=11시간 19분 / 계산=11:10 / warnings=-
  slot 8 티르 [TIMED] [card_words]=1시간 1분 ; card_segments=1 | 1 | 분 | 남음 -> spaced='1 1 분 남음' ; prefix_noise='1 1 분' -> '1시간 1분' (infer_hour_minute_from_suffix, repair_noisy_hour_minute) / direct_parse='1시간 1분' => 00:52 티르 / 현재=23:51:35 / 남은시간=1시간 1분 / 계산=00:52 / warnings=-
[이미지 2] area=니다벨리르 base=-
  ocr window=0,167,1600,730 area=니다벨리르 best=니다벨리르 reason=fixed_full_name_2plus highlight=- top=0 def=206 def_terms=2 def_boss=2 slot_exact=2 slot_boss=3 slot_match=2 slot_strong=2 slot_full=2 exact_boss=8 boss=8 grid=8 empty=0 base=- diag=ok=1 err=- img=1411955 src=1600x900 ocr=1600x900 lines=29 words=67 text=210
  slot 1 라이노르 [TIMED] [words]=11시간 11분 ; segments=0 | 11시간 | 1 | 1 | 분 | 남음 -> spaced='0 11시간 1 1 분 남음' ; prefix_noise='11시간 1 1 분' -> '11시간 11분' (merge_split_minute_digits_after_hour, repair_noisy_hour_minute) / direct_parse='11시간 11분' => 라이노르 11시간 11분 / 현재=- / 남은시간=11시간 11분 / 계산=- / warnings=절대시각 계산 실패(원문 유지), OCR2 재분석 적용
  slot 2 헤르모드 [TIMED] [words_split_digits]=1시간 34분 ; segments=0 | 1 | 시간 | 34분 | 남음 -> merged_digits='01 시간 34분 남음' ; direct_parse='1시간 34분' => 헤르모드 1시간 34분 / 현재=- / 남은시간=1시간 34분 / 계산=- / warnings=절대시각 계산 실패(원문 유지), OCR2 재분석 적용
  slot 3 브륀힐드 [TIMED] [words]=10시간 50분 ; segments=0 | 10시간 | 50 | = | “ | 남음 -> spaced='0 10시간 50 = “ 남음' ; prefix_noise='10시간 50 = “' -> '10시간 50분' (repair_noisy_hour_minute) / direct_parse='10시간 50분' => 브륀힐드 10시간 50분 / 현재=- / 남은시간=10시간 50분 / 계산=- / warnings=절대시각 계산 실패(원문 유지), OCR2 재분석 적용
  slot 4 수드리 [TIMED] [words_compact]=17분 27초 ; segments=0 | 17분 | 27초 | 남음 -> compact='017분27초남음' ; unit_inferred=17분 27초 / direct_parse='17분 27초' => 수드리 17분 27초 / 현재=- / 남은시간=17분 27초 / 계산=- / warnings=절대시각 계산 실패(원문 유지), OCR2 재분석 적용
  slot 5 비요른 [TIMED] [words_compact]=1시간 1분 ; segments=0 | 1시간 | 1분 | 남음 -> compact='01시간1분남음' ; prefix_noise='1시간1분' -> '1시간 1분' (repair_noisy_hour_minute) / direct_parse='1시간 1분' => 비요른 1시간 1분 / 현재=- / 남은시간=1시간 1분 / 계산=- / warnings=절대시각 계산 실패(원문 유지), OCR2 재분석 적용
  slot 6 스칼라니르 [TIMED] [words_split_digits]=1시간 19분 ; segments=0 | 1 | 시간 | 19 | = | - | 남음 -> merged_digits='01 시간 19 = - 남음' ; prefix_noise='1시간 19 = -' -> '1시간 19분' (repair_noisy_hour_minute) / direct_parse='1시간 19분' => 스칼라니르 1시간 19분 / 현재=- / 남은시간=1시간 19분 / 계산=- / warnings=절대시각 계산 실패(원문 유지), OCR2 재분석 적용
  slot 7 라타토스크 [TIMED] [words]=10시간 50분 ; segments=0 | 10시간 | 50 | = | - | 남음 -> spaced='0 10시간 50 = - 남음' ; prefix_noise='10시간 50 = -' -> '10시간 50분' (repair_noisy_hour_minute) / direct_parse='10시간 50분' => 라타토스크 10시간 50분 / 현재=- / 남은시간=10시간 50분 / 계산=- / warnings=절대시각 계산 실패(원문 유지), OCR2 재분석 적용
  slot 8 토르 [TIMED] [words_compact]=1일 18시간 ; segments=1일 | 18시간 | 남음 -> compact='1일18시간남음' ; unit_inferred=1일 18시간 / direct_parse='1일 18시간' => 토르 1일 18시간 / 현재=- / 남은시간=1일 18시간 / 계산=- / warnings=-

[2026-05-07 23:52:12] mode=ocr2
[이미지 1] area=요툰하임 base=23:51:35
  ocr2 fixed=1600x900 window=176,190,1410,709 area=요툰하임 best=요툰하임 final=요툰하임 reason=fixed_full_name_2plus highlight=- fixed_tab=- def=309 def_boss=3 slot_match=3 slot_strong=3 slot_full=3 base=23:51:35 diag=ok=1 err=- img=1419855 src=1600x900 ocr=1600x900 lines=32 words=75 text=233
  slot 1 파르바 [TIMED] [words]=11시간 37분 ; segments=0 | 1 | 1 | 시간 | 37曰 | = | 남음 -> spaced='0 1 1 시간 37曰 = 남음' ; prefix_noise='0 1 1 시간 37曰 =' -> '11시간 37분' (repair_minute_glyph, drop_leading_zero, repair_noisy_split_hour_minute, repair_noisy_hour_minute) / direct_parse='11시간 37분' => 11:28 파르바 / 현재=23:51:35 / 남은시간=11시간 37분 / 계산=11:28 / warnings=-
  slot 2 흐니르 [TIMED] [words]=10시간 50분 ; segments=0 | 10시간 | 50 | = | “ | 남음 -> spaced='0 10시간 50 = “ 남음' ; prefix_noise='10시간 50 = “' -> '10시간 50분' (repair_noisy_hour_minute) / direct_parse='10시간 50분' => 10:41 흐니르 / 현재=23:51:35 / 남은시간=10시간 50분 / 계산=10:41 / warnings=-
  slot 3 바우티 [TIMED] [words]=10시간 9분 ; segments=0 | 10 | 시간 | 9 | = | “ | 남음 -> spaced='0 10 시간 9 = “ 남음' ; prefix_noise='10 시간 9 = “' -> '10시간 9분' (repair_noisy_hour_minute) / direct_parse='10시간 9분' => 10:00 바우티 / 현재=23:51:35 / 남은시간=10시간 9분 / 계산=10:00 / warnings=-
  slot 4 야른 [TIMED] [words_compact]=11시간 36분 ; segments=0 | 11시간 | 36분 | 남음 -> compact='011시간36분남음' ; prefix_noise='11시간36분' -> '11시간 36분' (repair_noisy_hour_minute) / direct_parse='11시간 36분' => 11:27 야른 / 현재=23:51:35 / 남은시간=11시간 36분 / 계산=11:27 / warnings=-
  slot 5 셀로비아 [TIMED] [words]=10시간 10분 ; segments=0 | 10시간 | 10 | = | “ | 남음 -> spaced='0 10시간 10 = “ 남음' ; prefix_noise='10시간 10 = “' -> '10시간 10분' (repair_noisy_hour_minute) / direct_parse='10시간 10분' => 10:01 셀로비아 / 현재=23:51:35 / 남은시간=10시간 10분 / 계산=10:01 / warnings=-
  slot 6 페티 [TIMED] [words_split_digits]=1시간 14분 ; segments=0 | 1 | 시간 | 14분 | 남음 -> merged_digits='01 시간 14분 남음' ; direct_parse='1시간 14분' => 01:05 페티 / 현재=23:51:35 / 남은시간=1시간 14분 / 계산=01:05 / warnings=-
  slot 7 니드호그 [TIMED] [words]=11시간 19분 ; segments=0 | 1 | 1 | 시간 | 19曰 | = | 남음 -> spaced='0 1 1 시간 19曰 = 남음' ; prefix_noise='0 1 1 시간 19曰 =' -> '11시간 19분' (repair_minute_glyph, drop_leading_zero, repair_noisy_split_hour_minute, repair_noisy_hour_minute) / direct_parse='11시간 19분' => 11:10 니드호그 / 현재=23:51:35 / 남은시간=11시간 19분 / 계산=11:10 / warnings=-
  slot 8 티르 [TIMED] [words]=16시간 11분 ; segments=0 | 16시간 | 1 | 1 | 분 | 남음 -> spaced='0 16시간 1 1 분 남음' ; prefix_noise='16시간 1 1 분' -> '16시간 11분' (merge_split_minute_digits_after_hour, repair_noisy_hour_minute) / direct_parse='16시간 11분' => 16:02 티르 / 현재=23:51:35 / 남은시간=16시간 11분 / 계산=16:02 / warnings=-
[이미지 2] area=니다벨리르 base=-
  ocr2 fixed=1600x900 window=176,190,1410,709 area=니다벨리르 best=니다벨리르 final=니다벨리르 reason=fixed_full_name_2plus highlight=- fixed_tab=- def=206 def_boss=2 slot_match=3 slot_strong=3 slot_full=3 base=- diag=ok=1 err=- img=1411955 src=1600x900 ocr=1600x900 lines=29 words=67 text=210
  slot 1 라이노르 [TIMED] [words]=11시간 11분 ; segments=0 | 11시간 | 1 | 1 | 분 | 남음 -> spaced='0 11시간 1 1 분 남음' ; prefix_noise='11시간 1 1 분' -> '11시간 11분' (merge_split_minute_digits_after_hour, repair_noisy_hour_minute) / direct_parse='11시간 11분' => 라이노르 11시간 11분 / 현재=- / 남은시간=11시간 11분 / 계산=- / warnings=절대시각 계산 실패(원문 유지)
  slot 2 헤르모드 [TIMED] [words_split_digits]=1시간 34분 ; segments=0 | 1 | 시간 | 34분 | 남음 -> merged_digits='01 시간 34분 남음' ; direct_parse='1시간 34분' => 헤르모드 1시간 34분 / 현재=- / 남은시간=1시간 34분 / 계산=- / warnings=절대시각 계산 실패(원문 유지)
  slot 3 브륀힐드 [TIMED] [words]=10시간 50분 ; segments=0 | 10시간 | 50 | = | “ | 남음 -> spaced='0 10시간 50 = “ 남음' ; prefix_noise='10시간 50 = “' -> '10시간 50분' (repair_noisy_hour_minute) / direct_parse='10시간 50분' => 브륀힐드 10시간 50분 / 현재=- / 남은시간=10시간 50분 / 계산=- / warnings=절대시각 계산 실패(원문 유지)
  slot 4 수드리 [TIMED] [words_compact]=17분 27초 ; segments=0 | 17분 | 27초 | 남음 -> compact='017분27초남음' ; unit_inferred=17분 27초 / direct_parse='17분 27초' => 수드리 17분 27초 / 현재=- / 남은시간=17분 27초 / 계산=- / warnings=절대시각 계산 실패(원문 유지)
  slot 5 비요른 [TIMED] [words_compact]=1시간 1분 ; segments=0 | 1시간 | 1분 | 남음 -> compact='01시간1분남음' ; prefix_noise='1시간1분' -> '1시간 1분' (repair_noisy_hour_minute) / direct_parse='1시간 1분' => 비요른 1시간 1분 / 현재=- / 남은시간=1시간 1분 / 계산=- / warnings=절대시각 계산 실패(원문 유지)
  slot 6 스칼라니르 [TIMED] [words_split_digits]=1시간 19분 ; segments=0 | 1 | 시간 | 19 | = | - | 남음 -> merged_digits='01 시간 19 = - 남음' ; prefix_noise='1시간 19 = -' -> '1시간 19분' (repair_noisy_hour_minute) / direct_parse='1시간 19분' => 스칼라니르 1시간 19분 / 현재=- / 남은시간=1시간 19분 / 계산=- / warnings=절대시각 계산 실패(원문 유지)
  slot 7 라타토스크 [TIMED] [words]=10시간 50분 ; segments=0 | 10시간 | 50 | = | - | 남음 -> spaced='0 10시간 50 = - 남음' ; prefix_noise='10시간 50 = -' -> '10시간 50분' (repair_noisy_hour_minute) / direct_parse='10시간 50분' => 라타토스크 10시간 50분 / 현재=- / 남은시간=10시간 50분 / 계산=- / warnings=절대시각 계산 실패(원문 유지)
  slot 8 토르 [TIMED] [words_compact]=1일 18시간 ; segments=0 | 1일 | 18시간 | 남음 -> compact='01일18시간남음' ; unit_inferred=1일 18시간 / direct_parse='1일 18시간' => 토르 1일 18시간 / 현재=- / 남은시간=1일 18시간 / 계산=- / warnings=-

[2026-05-07 23:56:59] mode=ocr2
[이미지 1] area=요툰하임 base=23:56:52
  ocr2 fixed=1600x900 window=176,190,1410,709 area=요툰하임 best=요툰하임 final=요툰하임 reason=fixed_full_name_2plus highlight=- fixed_tab=- def=337 def_boss=4 slot_match=3 slot_strong=3 slot_full=3 base=23:56:52 diag=ok=1 err=- img=1429296 src=1600x900 ocr=1600x900 lines=33 words=69 text=230
  slot 1 파르바 [TIMED] [words]=11시간 32분 ; segments=0 | 1 | 1 | 시간 | 32 | = | “ | 남음 -> spaced='0 1 1 시간 32 = “ 남음' ; prefix_noise='0 1 1 시간 32 = “' -> '11시간 32분' (drop_leading_zero, repair_noisy_split_hour_minute, repair_noisy_hour_minute) / direct_parse='11시간 32분' => 11:28 파르바 / 현재=23:56:52 / 남은시간=11시간 32분 / 계산=11:28 / warnings=-
  slot 2 흐니르 [TIMED] [words]=10시간 45분 ; segments=0 | 10시간 | 45 | 분 | 남음 -> spaced='0 10시간 45 분 남음' ; prefix_noise='10시간 45 분' -> '10시간 45분' (repair_noisy_hour_minute) / direct_parse='10시간 45분' => 10:41 흐니르 / 현재=23:56:52 / 남은시간=10시간 45분 / 계산=10:41 / warnings=-
  slot 3 바우티 [TIMED] [words_compact]=10시간 4분 ; segments=0 | 10시간 | 4분 | 남음 -> compact='010시간4분남음' ; prefix_noise='10시간4분' -> '10시간 4분' (repair_noisy_hour_minute) / direct_parse='10시간 4분' => 10:00 바우티 / 현재=23:56:52 / 남은시간=10시간 4분 / 계산=10:00 / warnings=-
  slot 4 야른 [TIMED] [words]=11시간 31분 ; segments=0 | 1 | 1 | 시간 | 31 | 분 | 남음 -> spaced='0 1 1 시간 31 분 남음' ; prefix_noise='0 1 1 시간 31 분' -> '11시간 31분' (drop_leading_zero, merge_split_hour_digits_explicit, repair_noisy_hour_minute) / direct_parse='11시간 31분' => 11:27 야른 / 현재=23:56:52 / 남은시간=11시간 31분 / 계산=11:27 / warnings=-
  slot 5 셀로비아 [TIMED] [words_compact]=10시간 4분 ; segments=0 | 10시간 | 4분 | 남음 -> compact='010시간4분남음' ; prefix_noise='10시간4분' -> '10시간 4분' (repair_noisy_hour_minute) / direct_parse='10시간 4분' => 10:00 셀로비아 / 현재=23:56:52 / 남은시간=10시간 4분 / 계산=10:00 / warnings=-
  slot 6 페티 [TIMED] [words_compact]=1시간 9분 ; segments=0 | 1시간9분 | 남음 -> compact='01시간9분남음' ; prefix_noise='1시간9분' -> '1시간 9분' (repair_noisy_hour_minute) / direct_parse='1시간 9분' => 01:05 페티 / 현재=23:56:52 / 남은시간=1시간 9분 / 계산=01:05 / warnings=-
  slot 7 니드호그 [TIMED] [words_compact]=11시간 14분 ; segments=0 | 11시간 | 14분 | 남음 -> compact='011시간14분남음' ; prefix_noise='11시간14분' -> '11시간 14분' (repair_noisy_hour_minute) / direct_parse='11시간 14분' => 11:10 니드호그 / 현재=23:56:52 / 남은시간=11시간 14분 / 계산=11:10 / warnings=-
  slot 8 티르 [TIMED] [words]=16시간 6분 ; segments=0 | 16 | 시간 | 6 | 분 | 남음 -> spaced='0 16 시간 6 분 남음' ; prefix_noise='16 시간 6 분' -> '16시간 6분' (repair_noisy_hour_minute) / direct_parse='16시간 6분' => 16:02 티르 / 현재=23:56:52 / 남은시간=16시간 6분 / 계산=16:02 / warnings=-
[이미지 2] area=니다벨리르 base=23:56:55
  ocr2 fixed=1600x900 window=176,190,1410,709 area=니다벨리르 best=니다벨리르 final=니다벨리르 reason=fixed_full_name_2plus highlight=- fixed_tab=- def=103 def_boss=1 slot_match=3 slot_strong=3 slot_full=3 base=23:56:55 diag=ok=1 err=- img=1441792 src=1600x900 ocr=1600x900 lines=30 words=65 text=217
  slot 1 라이노르 [TIMED] [words]=11시간 6분 ; segments=0 | 1 | 1 | 시간 | 6 | 분 | 남음 -> spaced='0 1 1 시간 6 분 남음' ; prefix_noise='0 1 1 시간 6 분' -> '11시간 6분' (drop_leading_zero, merge_split_hour_digits_explicit, repair_noisy_hour_minute) / direct_parse='11시간 6분' => 11:02 라이노르 / 현재=23:56:55 / 남은시간=11시간 6분 / 계산=11:02 / warnings=-
  slot 2 헤르모드 [TIMED] [words_split_digits]=1시간 28분 ; segments=0 | 1 | 시간 | 28 | = | 남음 -> merged_digits='01 시간 28 = 남음' ; prefix_noise='1시간 28 =' -> '1시간 28분' (repair_noisy_hour_minute) / direct_parse='1시간 28분' => 01:24 헤르모드 / 현재=23:56:55 / 남은시간=1시간 28분 / 계산=01:24 / warnings=-
  slot 3 브륀힐드 [TIMED] [words]=10시간 45분 ; segments=0 | 10시간 | 45 | 분 | 남음 -> spaced='0 10시간 45 분 남음' ; prefix_noise='10시간 45 분' -> '10시간 45분' (repair_noisy_hour_minute) / direct_parse='10시간 45분' => 10:41 브륀힐드 / 현재=23:56:55 / 남은시간=10시간 45분 / 계산=10:41 / warnings=-
  slot 4 수드리 [TIMED] [words_compact]=12분 8초 ; segments=0 | 12분 | 8초 | 남음 -> compact='012분8초남음' ; unit_inferred=12분 8초 / direct_parse='12분 8초' => 00:09:03 수드리 / 현재=23:56:55 / 남은시간=12분 8초 / 계산=00:09:03 / warnings=-
  slot 5 비요른 [TIMED] [words_compact]=55분 56초 ; segments=0 | 55분 | 56초 | 남음 -> compact='055분56초남음' ; unit_inferred=55분 56초 / direct_parse='55분 56초' => 00:52:51 비요른 / 현재=23:56:55 / 남은시간=55분 56초 / 계산=00:52:51 / warnings=-
  slot 6 스칼라니르 [TIMED] [words_compact]=1시간 14분 ; segments=0 | 1시간 | 14분 | 남음 -> compact='01시간14분남음' ; prefix_noise='1시간14분' -> '1시간 14분' (repair_noisy_hour_minute) / direct_parse='1시간 14분' => 01:10 스칼라니르 / 현재=23:56:55 / 남은시간=1시간 14분 / 계산=01:10 / warnings=-
  slot 7 라타토스크 [TIMED] [words_compact]=10시간 44분 ; segments=0 | 10시간 | 44분 | 남음 -> compact='010시간44분남음' ; prefix_noise='10시간44분' -> '10시간 44분' (repair_noisy_hour_minute) / direct_parse='10시간 44분' => 10:40 라타토스크 / 현재=23:56:55 / 남은시간=10시간 44분 / 계산=10:40 / warnings=-
  slot 8 토르 [TIMED] [words_compact]=1일 18시간 ; segments=0 | 1일 | 18시간 | 남음 -> compact='01일18시간남음' ; unit_inferred=1일 18시간 / direct_parse='1일 18시간' => 토르 1일 18시간 / 현재=23:56:55 / 남은시간=1일 18시간 / 계산=17:56 / warnings=-

[2026-05-07 23:57:17] mode=ocr
[이미지 1] area=요툰하임 base=23:56:52
  ocr window=0,164,1600,730 area=요툰하임 best=요툰하임 reason=fixed_full_name_2plus highlight=- top=0 def=337 def_terms=4 def_boss=4 slot_exact=6 slot_boss=6 slot_match=3 slot_strong=3 slot_full=3 exact_boss=8 boss=10 grid=8 empty=0 base=23:56:52 diag=ok=1 err=- img=1429296 src=1600x900 ocr=1600x900 lines=33 words=69 text=230
  slot 1 파르바 [TIMED] [words]=11시간 32분 ; segments=0 | 1 | 1 | 시간 | 32 | = | “ | 남음 -> spaced='0 1 1 시간 32 = “ 남음' ; prefix_noise='0 1 1 시간 32 = “' -> '11시간 32분' (drop_leading_zero, repair_noisy_split_hour_minute, repair_noisy_hour_minute) / direct_parse='11시간 32분' => 11:28 파르바 / 현재=23:56:52 / 남은시간=11시간 32분 / 계산=11:28 / warnings=-
  slot 2 흐니르 [TIMED] [words]=10시간 45분 ; segments=0 | 10시간 | 45 | 분 | 남음 -> spaced='0 10시간 45 분 남음' ; prefix_noise='10시간 45 분' -> '10시간 45분' (repair_noisy_hour_minute) / direct_parse='10시간 45분' => 10:41 흐니르 / 현재=23:56:52 / 남은시간=10시간 45분 / 계산=10:41 / warnings=-
  slot 3 바우티 [TIMED] [card_words_group_merge]=10시간 4분 ; card_segments=10시간 | 4분 | 남음 | 0 | 1 -> merged_spaced='10시간 4분 남음 0 1' ; prefix_noise='10시간 4분 0 1' -> '10시간 4분' (repair_noisy_hour_minute) / direct_parse='10시간 4분' => 10:00 바우티 / 현재=23:56:52 / 남은시간=10시간 4분 / 계산=10:00 / warnings=-
  slot 4 야른 [TIMED] [words_split_digits]=11시간 31분 ; segments=1 | 1 | 시간 | 31 | 분 | 남음 -> merged_digits='11 시간 31 분 남음' ; prefix_noise='11 시간 31 분' -> '11시간 31분' (repair_noisy_hour_minute) / direct_parse='11시간 31분' => 11:27 야른 / 현재=23:56:52 / 남은시간=11시간 31분 / 계산=11:27 / warnings=-
  slot 5 셀로비아 [TIMED] [words_compact]=10시간 4분 ; segments=0 | 10시간 | 4분 | 남음 -> compact='010시간4분남음' ; prefix_noise='10시간4분' -> '10시간 4분' (repair_noisy_hour_minute) / direct_parse='10시간 4분' => 10:00 셀로비아 / 현재=23:56:52 / 남은시간=10시간 4분 / 계산=10:00 / warnings=-
  slot 6 페티 [TIMED] [words_compact]=1시간 9분 ; segments=0 | 1시간9분 | 남음 -> compact='01시간9분남음' ; prefix_noise='1시간9분' -> '1시간 9분' (repair_noisy_hour_minute) / direct_parse='1시간 9분' => 01:05 페티 / 현재=23:56:52 / 남은시간=1시간 9분 / 계산=01:05 / warnings=-
  slot 7 니드호그 [TIMED] [card_words_group_merge_compact]=11시간 14분 ; card_segments=11시간 | 14분 | 남음 | 0 -> merged_compact='11시간14분남음0' ; prefix_noise='11시간14분0' -> '11시간 14분' (repair_noisy_hour_minute) / direct_parse='11시간 14분' => 11:10 니드호그 / 현재=23:56:52 / 남은시간=11시간 14분 / 계산=11:10 / warnings=-
  slot 8 티르 [TIMED] [words]=16시간 6분 ; segments=16 | 시간 | 6 | 분 | 남음 -> spaced='16 시간 6 분 남음' ; prefix_noise='16 시간 6 분' -> '16시간 6분' (repair_noisy_hour_minute) / direct_parse='16시간 6분' => 16:02 티르 / 현재=23:56:52 / 남은시간=16시간 6분 / 계산=16:02 / warnings=-
[이미지 2] area=니다벨리르 base=23:56:55
  ocr window=0,164,1600,730 area=니다벨리르 best=니다벨리르 reason=fixed_full_name_2plus highlight=- top=0 def=103 def_terms=1 def_boss=1 slot_exact=2 slot_boss=3 slot_match=2 slot_strong=2 slot_full=2 exact_boss=4 boss=4 grid=8 empty=0 base=23:56:55 diag=ok=1 err=- img=1441792 src=1600x900 ocr=1600x900 lines=30 words=65 text=217
  slot 1 라이노르 [TIMED] [words]=11시간 6분 ; segments=0 | 1 | 1 | 시간 | 6 | 분 | 남음 -> spaced='0 1 1 시간 6 분 남음' ; prefix_noise='0 1 1 시간 6 분' -> '11시간 6분' (drop_leading_zero, merge_split_hour_digits_explicit, repair_noisy_hour_minute) / direct_parse='11시간 6분' => 11:02 라이노르 / 현재=23:56:55 / 남은시간=11시간 6분 / 계산=11:02 / warnings=-
  slot 2 헤르모드 [TIMED] [words_split_digits]=1시간 28분 ; segments=0 | 1 | 시간 | 28 | = | 남음 -> merged_digits='01 시간 28 = 남음' ; prefix_noise='1시간 28 =' -> '1시간 28분' (repair_noisy_hour_minute) / direct_parse='1시간 28분' => 01:24 헤르모드 / 현재=23:56:55 / 남은시간=1시간 28분 / 계산=01:24 / warnings=-
  slot 3 브륀힐드 [TIMED] [card_words_group_merge]=10시간 45분 ; card_segments=10시간 | 45 | 분 | 남음 | 0 -> merged_spaced='10시간 45 분 남음 0' ; prefix_noise='10시간 45 분 0' -> '10시간 45분' (repair_noisy_hour_minute) / direct_parse='10시간 45분' => 10:41 브륀힐드 / 현재=23:56:55 / 남은시간=10시간 45분 / 계산=10:41 / warnings=-
  slot 4 수드리 [TIMED] [words_compact]=12분 8초 ; segments=12분 | 8초 | 남음 -> compact='12분8초남음' ; unit_inferred=12분 8초 / direct_parse='12분 8초' => 00:09:03 수드리 / 현재=23:56:55 / 남은시간=12분 8초 / 계산=00:09:03 / warnings=-
  slot 5 비요른 [TIMED] [words_compact]=55분 56초 ; segments=0 | 55분 | 56초 | 남음 -> compact='055분56초남음' ; unit_inferred=55분 56초 / direct_parse='55분 56초' => 00:52:51 비요른 / 현재=23:56:55 / 남은시간=55분 56초 / 계산=00:52:51 / warnings=-
  slot 6 스칼라니르 [TIMED] [words_compact]=1시간 14분 ; segments=0 | 1시간 | 14분 | 남음 -> compact='01시간14분남음' ; prefix_noise='1시간14분' -> '1시간 14분' (repair_noisy_hour_minute) / direct_parse='1시간 14분' => 01:10 스칼라니르 / 현재=23:56:55 / 남은시간=1시간 14분 / 계산=01:10 / warnings=-
  slot 7 라타토스크 [TIMED] [card_words_group_merge_compact]=10시간 44분 ; card_segments=10시간 | 44분 | 남음 | 0 -> merged_compact='10시간44분남음0' ; prefix_noise='10시간44분0' -> '10시간 44분' (repair_noisy_hour_minute) / direct_parse='10시간 44분' => 10:40 라타토스크 / 현재=23:56:55 / 남은시간=10시간 44분 / 계산=10:40 / warnings=-
  slot 8 토르 [TIMED] [words_compact]=1일 18시간 ; segments=1일 | 18시간 | 남음 -> compact='1일18시간남음' ; unit_inferred=1일 18시간 / direct_parse='1일 18시간' => 토르 1일 18시간 / 현재=23:56:55 / 남은시간=1일 18시간 / 계산=17:56 / warnings=-

[2026-05-07 23:57:26] mode=ocr2
[이미지 1] area=요툰하임 base=23:56:52
  ocr2 fixed=1600x900 window=176,190,1410,709 area=요툰하임 best=요툰하임 final=요툰하임 reason=fixed_full_name_2plus highlight=- fixed_tab=- def=337 def_boss=4 slot_match=3 slot_strong=3 slot_full=3 base=23:56:52 diag=ok=1 err=- img=1429296 src=1600x900 ocr=1600x900 lines=33 words=69 text=230
  slot 1 파르바 [TIMED] [words]=11시간 32분 ; segments=0 | 1 | 1 | 시간 | 32 | = | “ | 남음 -> spaced='0 1 1 시간 32 = “ 남음' ; prefix_noise='0 1 1 시간 32 = “' -> '11시간 32분' (drop_leading_zero, repair_noisy_split_hour_minute, repair_noisy_hour_minute) / direct_parse='11시간 32분' => 11:28 파르바 / 현재=23:56:52 / 남은시간=11시간 32분 / 계산=11:28 / warnings=-
  slot 2 흐니르 [TIMED] [words]=10시간 45분 ; segments=0 | 10시간 | 45 | 분 | 남음 -> spaced='0 10시간 45 분 남음' ; prefix_noise='10시간 45 분' -> '10시간 45분' (repair_noisy_hour_minute) / direct_parse='10시간 45분' => 10:41 흐니르 / 현재=23:56:52 / 남은시간=10시간 45분 / 계산=10:41 / warnings=-
  slot 3 바우티 [TIMED] [words_compact]=10시간 4분 ; segments=0 | 10시간 | 4분 | 남음 -> compact='010시간4분남음' ; prefix_noise='10시간4분' -> '10시간 4분' (repair_noisy_hour_minute) / direct_parse='10시간 4분' => 10:00 바우티 / 현재=23:56:52 / 남은시간=10시간 4분 / 계산=10:00 / warnings=-
  slot 4 야른 [TIMED] [words]=11시간 31분 ; segments=0 | 1 | 1 | 시간 | 31 | 분 | 남음 -> spaced='0 1 1 시간 31 분 남음' ; prefix_noise='0 1 1 시간 31 분' -> '11시간 31분' (drop_leading_zero, merge_split_hour_digits_explicit, repair_noisy_hour_minute) / direct_parse='11시간 31분' => 11:27 야른 / 현재=23:56:52 / 남은시간=11시간 31분 / 계산=11:27 / warnings=-
  slot 5 셀로비아 [TIMED] [words_compact]=10시간 4분 ; segments=0 | 10시간 | 4분 | 남음 -> compact='010시간4분남음' ; prefix_noise='10시간4분' -> '10시간 4분' (repair_noisy_hour_minute) / direct_parse='10시간 4분' => 10:00 셀로비아 / 현재=23:56:52 / 남은시간=10시간 4분 / 계산=10:00 / warnings=-
  slot 6 페티 [TIMED] [words_compact]=1시간 9분 ; segments=0 | 1시간9분 | 남음 -> compact='01시간9분남음' ; prefix_noise='1시간9분' -> '1시간 9분' (repair_noisy_hour_minute) / direct_parse='1시간 9분' => 01:05 페티 / 현재=23:56:52 / 남은시간=1시간 9분 / 계산=01:05 / warnings=-
  slot 7 니드호그 [TIMED] [words_compact]=11시간 14분 ; segments=0 | 11시간 | 14분 | 남음 -> compact='011시간14분남음' ; prefix_noise='11시간14분' -> '11시간 14분' (repair_noisy_hour_minute) / direct_parse='11시간 14분' => 11:10 니드호그 / 현재=23:56:52 / 남은시간=11시간 14분 / 계산=11:10 / warnings=-
  slot 8 티르 [TIMED] [words]=16시간 6분 ; segments=0 | 16 | 시간 | 6 | 분 | 남음 -> spaced='0 16 시간 6 분 남음' ; prefix_noise='16 시간 6 분' -> '16시간 6분' (repair_noisy_hour_minute) / direct_parse='16시간 6분' => 16:02 티르 / 현재=23:56:52 / 남은시간=16시간 6분 / 계산=16:02 / warnings=-
[이미지 2] area=니다벨리르 base=23:56:55
  ocr2 fixed=1600x900 window=176,190,1410,709 area=니다벨리르 best=니다벨리르 final=니다벨리르 reason=fixed_full_name_2plus highlight=- fixed_tab=- def=103 def_boss=1 slot_match=3 slot_strong=3 slot_full=3 base=23:56:55 diag=ok=1 err=- img=1441792 src=1600x900 ocr=1600x900 lines=30 words=65 text=217
  slot 1 라이노르 [TIMED] [words]=11시간 6분 ; segments=0 | 1 | 1 | 시간 | 6 | 분 | 남음 -> spaced='0 1 1 시간 6 분 남음' ; prefix_noise='0 1 1 시간 6 분' -> '11시간 6분' (drop_leading_zero, merge_split_hour_digits_explicit, repair_noisy_hour_minute) / direct_parse='11시간 6분' => 11:02 라이노르 / 현재=23:56:55 / 남은시간=11시간 6분 / 계산=11:02 / warnings=-
  slot 2 헤르모드 [TIMED] [words_split_digits]=1시간 28분 ; segments=0 | 1 | 시간 | 28 | = | 남음 -> merged_digits='01 시간 28 = 남음' ; prefix_noise='1시간 28 =' -> '1시간 28분' (repair_noisy_hour_minute) / direct_parse='1시간 28분' => 01:24 헤르모드 / 현재=23:56:55 / 남은시간=1시간 28분 / 계산=01:24 / warnings=-
  slot 3 브륀힐드 [TIMED] [words]=10시간 45분 ; segments=0 | 10시간 | 45 | 분 | 남음 -> spaced='0 10시간 45 분 남음' ; prefix_noise='10시간 45 분' -> '10시간 45분' (repair_noisy_hour_minute) / direct_parse='10시간 45분' => 10:41 브륀힐드 / 현재=23:56:55 / 남은시간=10시간 45분 / 계산=10:41 / warnings=-
  slot 4 수드리 [TIMED] [words_compact]=12분 8초 ; segments=0 | 12분 | 8초 | 남음 -> compact='012분8초남음' ; unit_inferred=12분 8초 / direct_parse='12분 8초' => 00:09:03 수드리 / 현재=23:56:55 / 남은시간=12분 8초 / 계산=00:09:03 / warnings=-
  slot 5 비요른 [TIMED] [words_compact]=55분 56초 ; segments=0 | 55분 | 56초 | 남음 -> compact='055분56초남음' ; unit_inferred=55분 56초 / direct_parse='55분 56초' => 00:52:51 비요른 / 현재=23:56:55 / 남은시간=55분 56초 / 계산=00:52:51 / warnings=-
  slot 6 스칼라니르 [TIMED] [words_compact]=1시간 14분 ; segments=0 | 1시간 | 14분 | 남음 -> compact='01시간14분남음' ; prefix_noise='1시간14분' -> '1시간 14분' (repair_noisy_hour_minute) / direct_parse='1시간 14분' => 01:10 스칼라니르 / 현재=23:56:55 / 남은시간=1시간 14분 / 계산=01:10 / warnings=-
  slot 7 라타토스크 [TIMED] [words_compact]=10시간 44분 ; segments=0 | 10시간 | 44분 | 남음 -> compact='010시간44분남음' ; prefix_noise='10시간44분' -> '10시간 44분' (repair_noisy_hour_minute) / direct_parse='10시간 44분' => 10:40 라타토스크 / 현재=23:56:55 / 남은시간=10시간 44분 / 계산=10:40 / warnings=-
  slot 8 토르 [TIMED] [words_compact]=1일 18시간 ; segments=0 | 1일 | 18시간 | 남음 -> compact='01일18시간남음' ; unit_inferred=1일 18시간 / direct_parse='1일 18시간' => 토르 1일 18시간 / 현재=23:56:55 / 남은시간=1일 18시간 / 계산=17:56 / warnings=-
[이미지 3] area=던전 base=23:57:22
  ocr2 fixed=1600x900 window=176,190,1410,709 area=던전 best=던전 final=던전 reason=fixed_full_name_2plus highlight=- fixed_tab=- def=643 def_boss=7 slot_match=4 slot_strong=2 slot_full=4 base=23:57:22 diag=ok=1 err=- img=1280183 src=1600x900 ocr=1600x900 lines=33 words=68 text=260
  slot 1 최하층굴베 [TIMED] [words_compact]=8시간 32분 ; segments=0 | 8시간 | 32분 | 남음 -> compact='08시간32분남음' ; prefix_noise='8시간32분' -> '8시간 32분' (repair_noisy_hour_minute) / direct_parse='8시간 32분' => 08:29 최하층굴베 / 현재=23:57:22 / 남은시간=8시간 32분 / 계산=08:29 / warnings=-
  slot 2 최하층스네르 [TIMED] [words_compact]=2일 11시간 ; segments=0 | 2일 | 11시간 | 남음 -> compact='02일11시간남음' ; unit_inferred=2일 11시간 / direct_parse='2일 11시간' / ocr2_retries=1 => 최하층스네르 2일 11시간 / 현재=23:57:22 / 남은시간=2일 11시간 / 계산=10:57 / warnings=-
  slot 3 7층 [TIMED] [words_compact]=19시간 7분 ; segments=0 | 19시간 | 7분 | 남음 -> compact='019시간7분남음' ; prefix_noise='19시간7분' -> '19시간 7분' (repair_noisy_hour_minute) / direct_parse='19시간 7분' => 19:04 7층 / 현재=23:57:22 / 남은시간=19시간 7분 / 계산=19:04 / warnings=-
  slot 4 최하층강글 [TIMED] [words_compact]=6시간 59분 ; segments=0 | 6시간 | 59분 | 남음 -> compact='06시간59분남음' ; prefix_noise='6시간59분' -> '6시간 59분' (repair_noisy_hour_minute) / direct_parse='6시간 59분' => 06:56 최하층강글 / 현재=23:57:22 / 남은시간=6시간 59분 / 계산=06:56 / warnings=-
  slot 5 4층 [TIMED] [words]=2시간 11분 ; segments=0 | 2시간 | 1 | 1 | 분 | 남음 -> spaced='0 2시간 1 1 분 남음' ; prefix_noise='2시간 1 1 분' -> '2시간 11분' (merge_split_minute_digits_after_hour, repair_noisy_hour_minute) / direct_parse='2시간 11분' => 02:08 4층 / 현재=23:57:22 / 남은시간=2시간 11분 / 계산=02:08 / warnings=-
  slot 6 10층 [TIMED] [words_compact]=6시간 15분 ; segments=0 | 6시간 | 15분 | 남음 -> compact='06시간15분남음' ; prefix_noise='6시간15분' -> '6시간 15분' (repair_noisy_hour_minute) / direct_parse='6시간 15분' => 06:12 10층 / 현재=23:57:22 / 남은시간=6시간 15분 / 계산=06:12 / warnings=-

[2026-05-07 23:57:30] mode=ocr
[이미지 1] area=요툰하임 base=23:56:52
  ocr window=0,164,1600,730 area=요툰하임 best=요툰하임 reason=fixed_full_name_2plus highlight=- top=0 def=337 def_terms=4 def_boss=4 slot_exact=6 slot_boss=6 slot_match=3 slot_strong=3 slot_full=3 exact_boss=8 boss=10 grid=8 empty=0 base=23:56:52 diag=ok=1 err=- img=1429296 src=1600x900 ocr=1600x900 lines=33 words=69 text=230
  slot 1 파르바 [TIMED] [words]=11시간 32분 ; segments=0 | 1 | 1 | 시간 | 32 | = | “ | 남음 -> spaced='0 1 1 시간 32 = “ 남음' ; prefix_noise='0 1 1 시간 32 = “' -> '11시간 32분' (drop_leading_zero, repair_noisy_split_hour_minute, repair_noisy_hour_minute) / direct_parse='11시간 32분' => 11:28 파르바 / 현재=23:56:52 / 남은시간=11시간 32분 / 계산=11:28 / warnings=-
  slot 2 흐니르 [TIMED] [words]=10시간 45분 ; segments=0 | 10시간 | 45 | 분 | 남음 -> spaced='0 10시간 45 분 남음' ; prefix_noise='10시간 45 분' -> '10시간 45분' (repair_noisy_hour_minute) / direct_parse='10시간 45분' => 10:41 흐니르 / 현재=23:56:52 / 남은시간=10시간 45분 / 계산=10:41 / warnings=-
  slot 3 바우티 [TIMED] [card_words_group_merge]=10시간 4분 ; card_segments=10시간 | 4분 | 남음 | 0 | 1 -> merged_spaced='10시간 4분 남음 0 1' ; prefix_noise='10시간 4분 0 1' -> '10시간 4분' (repair_noisy_hour_minute) / direct_parse='10시간 4분' => 10:00 바우티 / 현재=23:56:52 / 남은시간=10시간 4분 / 계산=10:00 / warnings=-
  slot 4 야른 [TIMED] [words_split_digits]=11시간 31분 ; segments=1 | 1 | 시간 | 31 | 분 | 남음 -> merged_digits='11 시간 31 분 남음' ; prefix_noise='11 시간 31 분' -> '11시간 31분' (repair_noisy_hour_minute) / direct_parse='11시간 31분' => 11:27 야른 / 현재=23:56:52 / 남은시간=11시간 31분 / 계산=11:27 / warnings=-
  slot 5 셀로비아 [TIMED] [words_compact]=10시간 4분 ; segments=0 | 10시간 | 4분 | 남음 -> compact='010시간4분남음' ; prefix_noise='10시간4분' -> '10시간 4분' (repair_noisy_hour_minute) / direct_parse='10시간 4분' => 10:00 셀로비아 / 현재=23:56:52 / 남은시간=10시간 4분 / 계산=10:00 / warnings=-
  slot 6 페티 [TIMED] [words_compact]=1시간 9분 ; segments=0 | 1시간9분 | 남음 -> compact='01시간9분남음' ; prefix_noise='1시간9분' -> '1시간 9분' (repair_noisy_hour_minute) / direct_parse='1시간 9분' => 01:05 페티 / 현재=23:56:52 / 남은시간=1시간 9분 / 계산=01:05 / warnings=-
  slot 7 니드호그 [TIMED] [card_words_group_merge_compact]=11시간 14분 ; card_segments=11시간 | 14분 | 남음 | 0 -> merged_compact='11시간14분남음0' ; prefix_noise='11시간14분0' -> '11시간 14분' (repair_noisy_hour_minute) / direct_parse='11시간 14분' => 11:10 니드호그 / 현재=23:56:52 / 남은시간=11시간 14분 / 계산=11:10 / warnings=-
  slot 8 티르 [TIMED] [words]=16시간 6분 ; segments=16 | 시간 | 6 | 분 | 남음 -> spaced='16 시간 6 분 남음' ; prefix_noise='16 시간 6 분' -> '16시간 6분' (repair_noisy_hour_minute) / direct_parse='16시간 6분' => 16:02 티르 / 현재=23:56:52 / 남은시간=16시간 6분 / 계산=16:02 / warnings=-
[이미지 2] area=니다벨리르 base=23:56:55
  ocr window=0,164,1600,730 area=니다벨리르 best=니다벨리르 reason=fixed_full_name_2plus highlight=- top=0 def=103 def_terms=1 def_boss=1 slot_exact=2 slot_boss=3 slot_match=2 slot_strong=2 slot_full=2 exact_boss=4 boss=4 grid=8 empty=0 base=23:56:55 diag=ok=1 err=- img=1441792 src=1600x900 ocr=1600x900 lines=30 words=65 text=217
  slot 1 라이노르 [TIMED] [words]=11시간 6분 ; segments=0 | 1 | 1 | 시간 | 6 | 분 | 남음 -> spaced='0 1 1 시간 6 분 남음' ; prefix_noise='0 1 1 시간 6 분' -> '11시간 6분' (drop_leading_zero, merge_split_hour_digits_explicit, repair_noisy_hour_minute) / direct_parse='11시간 6분' => 11:02 라이노르 / 현재=23:56:55 / 남은시간=11시간 6분 / 계산=11:02 / warnings=-
  slot 2 헤르모드 [TIMED] [words_split_digits]=1시간 28분 ; segments=0 | 1 | 시간 | 28 | = | 남음 -> merged_digits='01 시간 28 = 남음' ; prefix_noise='1시간 28 =' -> '1시간 28분' (repair_noisy_hour_minute) / direct_parse='1시간 28분' => 01:24 헤르모드 / 현재=23:56:55 / 남은시간=1시간 28분 / 계산=01:24 / warnings=-
  slot 3 브륀힐드 [TIMED] [card_words_group_merge]=10시간 45분 ; card_segments=10시간 | 45 | 분 | 남음 | 0 -> merged_spaced='10시간 45 분 남음 0' ; prefix_noise='10시간 45 분 0' -> '10시간 45분' (repair_noisy_hour_minute) / direct_parse='10시간 45분' => 10:41 브륀힐드 / 현재=23:56:55 / 남은시간=10시간 45분 / 계산=10:41 / warnings=-
  slot 4 수드리 [TIMED] [words_compact]=12분 8초 ; segments=12분 | 8초 | 남음 -> compact='12분8초남음' ; unit_inferred=12분 8초 / direct_parse='12분 8초' => 00:09:03 수드리 / 현재=23:56:55 / 남은시간=12분 8초 / 계산=00:09:03 / warnings=-
  slot 5 비요른 [TIMED] [words_compact]=55분 56초 ; segments=0 | 55분 | 56초 | 남음 -> compact='055분56초남음' ; unit_inferred=55분 56초 / direct_parse='55분 56초' => 00:52:51 비요른 / 현재=23:56:55 / 남은시간=55분 56초 / 계산=00:52:51 / warnings=-
  slot 6 스칼라니르 [TIMED] [words_compact]=1시간 14분 ; segments=0 | 1시간 | 14분 | 남음 -> compact='01시간14분남음' ; prefix_noise='1시간14분' -> '1시간 14분' (repair_noisy_hour_minute) / direct_parse='1시간 14분' => 01:10 스칼라니르 / 현재=23:56:55 / 남은시간=1시간 14분 / 계산=01:10 / warnings=-
  slot 7 라타토스크 [TIMED] [card_words_group_merge_compact]=10시간 44분 ; card_segments=10시간 | 44분 | 남음 | 0 -> merged_compact='10시간44분남음0' ; prefix_noise='10시간44분0' -> '10시간 44분' (repair_noisy_hour_minute) / direct_parse='10시간 44분' => 10:40 라타토스크 / 현재=23:56:55 / 남은시간=10시간 44분 / 계산=10:40 / warnings=-
  slot 8 토르 [TIMED] [words_compact]=1일 18시간 ; segments=1일 | 18시간 | 남음 -> compact='1일18시간남음' ; unit_inferred=1일 18시간 / direct_parse='1일 18시간' => 토르 1일 18시간 / 현재=23:56:55 / 남은시간=1일 18시간 / 계산=17:56 / warnings=-
[이미지 3] area=던전 base=23:57:22
  ocr window=0,145,1600,815 area=던전 best=던전 reason=fixed_full_name_2plus highlight=- top=0 def=643 def_terms=6 def_boss=7 slot_exact=6 slot_boss=7 slot_match=4 slot_strong=2 slot_full=4 exact_boss=2 boss=2 grid=6 empty=0 base=23:57:22 diag=ok=1 err=- img=1280183 src=1600x900 ocr=1600x900 lines=33 words=68 text=260
  slot 1 최하층굴베 [TIMED] [card_line]=8시간 32분 ; card_line='0 8시간 32분 남음' ; direct_parse='8시간 32분' => 08:29 최하층굴베 / 현재=23:57:22 / 남은시간=8시간 32분 / 계산=08:29 / warnings=-
  slot 2 최하층스네르 [TIMED] [card_line]=2일 11시간 ; card_line='0 2일 11시간 남음' ; direct_parse='2일 11시간' => 최하층스네르 2일 11시간 / 현재=23:57:22 / 남은시간=2일 11시간 / 계산=10:57 / warnings=-
  slot 3 7층 [TIMED] [card_words]=19시간 7분 ; card_segments=19시간 | 7분 | 남음 -> spaced='19시간 7분 남음' ; direct_parse='19시간 7분' => 19:04 7층 / 현재=23:57:22 / 남은시간=19시간 7분 / 계산=19:04 / warnings=-
  slot 4 최하층강글 [TIMED] [card_line]=6시간 59분 ; card_line='0 6시간 59분 남음' ; direct_parse='6시간 59분' => 06:56 최하층강글 / 현재=23:57:22 / 남은시간=6시간 59분 / 계산=06:56 / warnings=-
  slot 5 4층 [TIMED] [card_words]=2시간 11분 ; card_segments=0 | 2시간 | 1 | 1 | 분 | 남음 -> spaced='0 2시간 1 1 분 남음' ; prefix_noise='2시간 1 1 분' -> '2시간 11분' (merge_split_minute_digits_after_hour, repair_noisy_hour_minute) / direct_parse='2시간 11분' => 02:08 4층 / 현재=23:57:22 / 남은시간=2시간 11분 / 계산=02:08 / warnings=-
  slot 6 10층 [TIMED] [card_words]=6시간 15분 ; card_segments=6시간 | 15분 | 남음 -> spaced='6시간 15분 남음' ; direct_parse='6시간 15분' => 06:12 10층 / 현재=23:57:22 / 남은시간=6시간 15분 / 계산=06:12 / warnings=-

[2026-05-08 00:02:25] mode=ocr2
[이미지 1] area=요툰하임 base=00:02:19
  ocr2 fixed=1600x900 window=176,190,1410,709 area=요툰하임 best=요툰하임 final=요툰하임 reason=fixed_full_name_2plus highlight=- fixed_tab=- def=309 def_boss=3 slot_match=3 slot_strong=3 slot_full=3 base=00:02:19 diag=ok=1 err=- img=1450557 src=1600x900 ocr=1600x900 lines=31 words=73 text=223
  slot 1 파르바 [TIMED] [words]=11시간 27분 ; segments=0 | 1 | 1 | 시간 | 27曰 | = | 남음 -> spaced='0 1 1 시간 27曰 = 남음' ; prefix_noise='0 1 1 시간 27曰 =' -> '11시간 27분' (repair_minute_glyph, drop_leading_zero, repair_noisy_split_hour_minute, repair_noisy_hour_minute) / direct_parse='11시간 27분' => 11:29 파르바 / 현재=00:02:19 / 남은시간=11시간 27분 / 계산=11:29 / warnings=-
  slot 2 흐니르 [TIMED] [words]=10시간 39분 ; segments=0 | 10시간 | 39 | = | “ | 남음 -> spaced='0 10시간 39 = “ 남음' ; prefix_noise='10시간 39 = “' -> '10시간 39분' (repair_noisy_hour_minute) / direct_parse='10시간 39분' => 10:41 흐니르 / 현재=00:02:19 / 남은시간=10시간 39분 / 계산=10:41 / warnings=-
  slot 3 바우티 [TIMED] [words]=9시간 59분 ; segments=0 | 9시간 | 59 | = | - | 남음 -> spaced='0 9시간 59 = - 남음' ; prefix_noise='9시간 59 = -' -> '9시간 59분' (repair_noisy_hour_minute) / direct_parse='9시간 59분' => 10:01 바우티 / 현재=00:02:19 / 남은시간=9시간 59분 / 계산=10:01 / warnings=-
  slot 4 야른 [TIMED] [words_compact]=11시간 25분 ; segments=0 | 11시간 | 25분 | 남음 -> compact='011시간25분남음' ; prefix_noise='11시간25분' -> '11시간 25분' (repair_noisy_hour_minute) / direct_parse='11시간 25분' => 11:27 야른 / 현재=00:02:19 / 남은시간=11시간 25분 / 계산=11:27 / warnings=-
  slot 5 셀로비아 [TIMED] [words]=9시간 59분 ; segments=0 | 9시간 | 59 | = | “ | 남음 -> spaced='0 9시간 59 = “ 남음' ; prefix_noise='9시간 59 = “' -> '9시간 59분' (repair_noisy_hour_minute) / direct_parse='9시간 59분' => 10:01 셀로비아 / 현재=00:02:19 / 남은시간=9시간 59분 / 계산=10:01 / warnings=-
  slot 6 페티 [TIMED] [words_split_digits]=1시간 4분 ; segments=0 | 1 | 시간 | 4분 | 남음 -> merged_digits='01 시간 4분 남음' ; direct_parse='1시간 4분' => 01:06 페티 / 현재=00:02:19 / 남은시간=1시간 4분 / 계산=01:06 / warnings=-
  slot 7 니드호그 [TIMED] [words]=11시간 8분 ; segments=0 | 1 | 1 | 시간 | 8 | = | - | 남음 -> spaced='0 1 1 시간 8 = - 남음' ; prefix_noise='0 1 1 시간 8 = -' -> '11시간 8분' (drop_leading_zero, repair_noisy_split_hour_minute, repair_noisy_hour_minute) / direct_parse='11시간 8분' => 11:10 니드호그 / 현재=00:02:19 / 남은시간=11시간 8분 / 계산=11:10 / warnings=-
  slot 8 티르 [TIMED] [words]=16시간 0분 ; segments=0 | 16 | 시간 | 0 | = | “ | 남음 -> spaced='0 16 시간 0 = “ 남음' ; prefix_noise='16 시간 0 = “' -> '16시간 0분' (repair_noisy_hour_minute) / direct_parse='16시간 0분' => 16:02 티르 / 현재=00:02:19 / 남은시간=16시간 0분 / 계산=16:02 / warnings=-
[이미지 2] area=니다벨리르 base=00:02:22
  ocr2 fixed=1600x900 window=176,190,1410,709 area=니다벨리르 best=니다벨리르 final=니다벨리르 reason=fixed_full_name_2plus highlight=- fixed_tab=- def=206 def_boss=2 slot_match=3 slot_strong=3 slot_full=3 base=00:02:22 diag=ok=1 err=- img=1428193 src=1600x900 ocr=1600x900 lines=30 words=69 text=217
  slot 1 라이노르 [TIMED] [words]=11시간 1분 ; segments=0 | 1 | 1 | 시간 | 1 | 분 | 남음 -> spaced='0 1 1 시간 1 분 남음' ; prefix_noise='0 1 1 시간 1 분' -> '11시간 1분' (drop_leading_zero, merge_split_hour_digits_explicit, repair_noisy_hour_minute) / direct_parse='11시간 1분' => 11:03 라이노르 / 현재=00:02:22 / 남은시간=11시간 1분 / 계산=11:03 / warnings=-
  slot 2 헤르모드 [TIMED] [words_split_digits]=1시간 23분 ; segments=0 | 1 | 시간 | 23 | 분 | 남음 -> merged_digits='01 시간 23 분 남음' ; prefix_noise='1시간 23 분' -> '1시간 23분' (repair_noisy_hour_minute) / direct_parse='1시간 23분' => 01:25 헤르모드 / 현재=00:02:22 / 남은시간=1시간 23분 / 계산=01:25 / warnings=-
  slot 3 브륀힐드 [TIMED] [words]=10시간 40분 ; segments=0 | 10시간 | 40 | = | - | 남음 -> spaced='0 10시간 40 = - 남음' ; prefix_noise='10시간 40 = -' -> '10시간 40분' (repair_noisy_hour_minute) / direct_parse='10시간 40분' => 10:42 브륀힐드 / 현재=00:02:22 / 남은시간=10시간 40분 / 계산=10:42 / warnings=-
  slot 4 수드리 [TIMED] [words]=6분 41초 ; segments=0 | 6분 | 41 | 초 | 남음 -> spaced='0 6분 41 초 남음' ; prefix_noise='6분 41 초' -> '6분 41초' / direct_parse='6분 41초' => 00:09:03 수드리 / 현재=00:02:22 / 남은시간=6분 41초 / 계산=00:09:03 / warnings=-
  slot 5 비요른 [TIMED] [words_compact]=50분 29초 ; segments=0 | 50분 | 29초 | 남음 -> compact='050분29초남음' ; unit_inferred=50분 29초 / direct_parse='50분 29초' => 00:52:51 비요른 / 현재=00:02:22 / 남은시간=50분 29초 / 계산=00:52:51 / warnings=-
  slot 6 스칼라니르 [TIMED] [words_split_digits]=1시간 9분 ; segments=0 | 1 | 시간 | 9분 | 남음 -> merged_digits='01 시간 9분 남음' ; direct_parse='1시간 9분' => 01:11 스칼라니르 / 현재=00:02:22 / 남은시간=1시간 9분 / 계산=01:11 / warnings=-
  slot 7 라타토스크 [TIMED] [words]=10시간 39분 ; segments=0 | 10시간 | 39 | = | - | 남음 -> spaced='0 10시간 39 = - 남음' ; prefix_noise='10시간 39 = -' -> '10시간 39분' (repair_noisy_hour_minute) / direct_parse='10시간 39분' => 10:41 라타토스크 / 현재=00:02:22 / 남은시간=10시간 39분 / 계산=10:41 / warnings=-
  slot 8 토르 [TIMED] [words_compact]=1일 18시간 ; segments=0 | 1일 | 18시간 | 남음 -> compact='01일18시간남음' ; unit_inferred=1일 18시간 / direct_parse='1일 18시간' => 토르 1일 18시간 / 현재=00:02:22 / 남은시간=1일 18시간 / 계산=18:02 / warnings=-

[2026-05-08 00:03:02] mode=ocr2
[이미지 1] area=요툰하임 base=00:02:19
  ocr2 fixed=1600x900 window=176,190,1410,709 area=요툰하임 best=요툰하임 final=요툰하임 reason=fixed_full_name_2plus highlight=- fixed_tab=- def=309 def_boss=3 slot_match=3 slot_strong=3 slot_full=3 base=00:02:19 diag=ok=1 err=- img=1450557 src=1600x900 ocr=1600x900 lines=31 words=73 text=223
  slot 1 파르바 [TIMED] [words]=11시간 27분 ; segments=0 | 1 | 1 | 시간 | 27曰 | = | 남음 -> spaced='0 1 1 시간 27曰 = 남음' ; prefix_noise='0 1 1 시간 27曰 =' -> '11시간 27분' (repair_minute_glyph, drop_leading_zero, repair_noisy_split_hour_minute, repair_noisy_hour_minute) / direct_parse='11시간 27분' => 11:29 파르바 / 현재=00:02:19 / 남은시간=11시간 27분 / 계산=11:29 / warnings=-
  slot 2 흐니르 [TIMED] [words]=10시간 39분 ; segments=0 | 10시간 | 39 | = | “ | 남음 -> spaced='0 10시간 39 = “ 남음' ; prefix_noise='10시간 39 = “' -> '10시간 39분' (repair_noisy_hour_minute) / direct_parse='10시간 39분' => 10:41 흐니르 / 현재=00:02:19 / 남은시간=10시간 39분 / 계산=10:41 / warnings=-
  slot 3 바우티 [TIMED] [words]=9시간 59분 ; segments=0 | 9시간 | 59 | = | - | 남음 -> spaced='0 9시간 59 = - 남음' ; prefix_noise='9시간 59 = -' -> '9시간 59분' (repair_noisy_hour_minute) / direct_parse='9시간 59분' => 10:01 바우티 / 현재=00:02:19 / 남은시간=9시간 59분 / 계산=10:01 / warnings=-
  slot 4 야른 [TIMED] [words_compact]=11시간 25분 ; segments=0 | 11시간 | 25분 | 남음 -> compact='011시간25분남음' ; prefix_noise='11시간25분' -> '11시간 25분' (repair_noisy_hour_minute) / direct_parse='11시간 25분' => 11:27 야른 / 현재=00:02:19 / 남은시간=11시간 25분 / 계산=11:27 / warnings=-
  slot 5 셀로비아 [TIMED] [words]=9시간 59분 ; segments=0 | 9시간 | 59 | = | “ | 남음 -> spaced='0 9시간 59 = “ 남음' ; prefix_noise='9시간 59 = “' -> '9시간 59분' (repair_noisy_hour_minute) / direct_parse='9시간 59분' => 10:01 셀로비아 / 현재=00:02:19 / 남은시간=9시간 59분 / 계산=10:01 / warnings=-
  slot 6 페티 [TIMED] [words_split_digits]=1시간 4분 ; segments=0 | 1 | 시간 | 4분 | 남음 -> merged_digits='01 시간 4분 남음' ; direct_parse='1시간 4분' => 01:06 페티 / 현재=00:02:19 / 남은시간=1시간 4분 / 계산=01:06 / warnings=-
  slot 7 니드호그 [TIMED] [words]=11시간 8분 ; segments=0 | 1 | 1 | 시간 | 8 | = | - | 남음 -> spaced='0 1 1 시간 8 = - 남음' ; prefix_noise='0 1 1 시간 8 = -' -> '11시간 8분' (drop_leading_zero, repair_noisy_split_hour_minute, repair_noisy_hour_minute) / direct_parse='11시간 8분' => 11:10 니드호그 / 현재=00:02:19 / 남은시간=11시간 8분 / 계산=11:10 / warnings=-
  slot 8 티르 [TIMED] [words]=16시간 0분 ; segments=0 | 16 | 시간 | 0 | = | “ | 남음 -> spaced='0 16 시간 0 = “ 남음' ; prefix_noise='16 시간 0 = “' -> '16시간 0분' (repair_noisy_hour_minute) / direct_parse='16시간 0분' => 16:02 티르 / 현재=00:02:19 / 남은시간=16시간 0분 / 계산=16:02 / warnings=-
[이미지 2] area=니다벨리르 base=00:02:22
  ocr2 fixed=1600x900 window=176,190,1410,709 area=니다벨리르 best=니다벨리르 final=니다벨리르 reason=fixed_full_name_2plus highlight=- fixed_tab=- def=206 def_boss=2 slot_match=3 slot_strong=3 slot_full=3 base=00:02:22 diag=ok=1 err=- img=1428193 src=1600x900 ocr=1600x900 lines=30 words=69 text=217
  slot 1 라이노르 [TIMED] [words]=11시간 1분 ; segments=0 | 1 | 1 | 시간 | 1 | 분 | 남음 -> spaced='0 1 1 시간 1 분 남음' ; prefix_noise='0 1 1 시간 1 분' -> '11시간 1분' (drop_leading_zero, merge_split_hour_digits_explicit, repair_noisy_hour_minute) / direct_parse='11시간 1분' => 11:03 라이노르 / 현재=00:02:22 / 남은시간=11시간 1분 / 계산=11:03 / warnings=-
  slot 2 헤르모드 [TIMED] [words_split_digits]=1시간 23분 ; segments=0 | 1 | 시간 | 23 | 분 | 남음 -> merged_digits='01 시간 23 분 남음' ; prefix_noise='1시간 23 분' -> '1시간 23분' (repair_noisy_hour_minute) / direct_parse='1시간 23분' => 01:25 헤르모드 / 현재=00:02:22 / 남은시간=1시간 23분 / 계산=01:25 / warnings=-
  slot 3 브륀힐드 [TIMED] [words]=10시간 40분 ; segments=0 | 10시간 | 40 | = | - | 남음 -> spaced='0 10시간 40 = - 남음' ; prefix_noise='10시간 40 = -' -> '10시간 40분' (repair_noisy_hour_minute) / direct_parse='10시간 40분' => 10:42 브륀힐드 / 현재=00:02:22 / 남은시간=10시간 40분 / 계산=10:42 / warnings=-
  slot 4 수드리 [TIMED] [words]=6분 41초 ; segments=0 | 6분 | 41 | 초 | 남음 -> spaced='0 6분 41 초 남음' ; prefix_noise='6분 41 초' -> '6분 41초' / direct_parse='6분 41초' => 00:09:03 수드리 / 현재=00:02:22 / 남은시간=6분 41초 / 계산=00:09:03 / warnings=-
  slot 5 비요른 [TIMED] [words_compact]=50분 29초 ; segments=0 | 50분 | 29초 | 남음 -> compact='050분29초남음' ; unit_inferred=50분 29초 / direct_parse='50분 29초' => 00:52:51 비요른 / 현재=00:02:22 / 남은시간=50분 29초 / 계산=00:52:51 / warnings=-
  slot 6 스칼라니르 [TIMED] [words_split_digits]=1시간 9분 ; segments=0 | 1 | 시간 | 9분 | 남음 -> merged_digits='01 시간 9분 남음' ; direct_parse='1시간 9분' => 01:11 스칼라니르 / 현재=00:02:22 / 남은시간=1시간 9분 / 계산=01:11 / warnings=-
  slot 7 라타토스크 [TIMED] [words]=10시간 39분 ; segments=0 | 10시간 | 39 | = | - | 남음 -> spaced='0 10시간 39 = - 남음' ; prefix_noise='10시간 39 = -' -> '10시간 39분' (repair_noisy_hour_minute) / direct_parse='10시간 39분' => 10:41 라타토스크 / 현재=00:02:22 / 남은시간=10시간 39분 / 계산=10:41 / warnings=-
  slot 8 토르 [TIMED] [words_compact]=1일 18시간 ; segments=0 | 1일 | 18시간 | 남음 -> compact='01일18시간남음' ; unit_inferred=1일 18시간 / direct_parse='1일 18시간' => 토르 1일 18시간 / 현재=00:02:22 / 남은시간=1일 18시간 / 계산=18:02 / warnings=-

[2026-05-08 00:05:22] mode=ocr2
[이미지 1] area=요툰하임 base=00:02:19
  ocr2 fixed=1600x900 window=176,190,1410,709 area=요툰하임 best=요툰하임 final=요툰하임 reason=fixed_full_name_2plus highlight=- fixed_tab=- def=309 def_boss=3 slot_match=3 slot_strong=3 slot_full=3 base=00:02:19 diag=ok=1 err=- img=1450557 src=1600x900 ocr=1600x900 lines=31 words=73 text=223
  slot 1 파르바 [TIMED] [words]=11시간 27분 ; segments=0 | 1 | 1 | 시간 | 27曰 | = | 남음 -> spaced='0 1 1 시간 27曰 = 남음' ; prefix_noise='0 1 1 시간 27曰 =' -> '11시간 27분' (repair_minute_glyph, drop_leading_zero, repair_noisy_split_hour_minute, repair_noisy_hour_minute) / direct_parse='11시간 27분' => 11:29 파르바 / 현재=00:02:19 / 남은시간=11시간 27분 / 계산=11:29 / warnings=-
  slot 2 흐니르 [TIMED] [words]=10시간 39분 ; segments=0 | 10시간 | 39 | = | “ | 남음 -> spaced='0 10시간 39 = “ 남음' ; prefix_noise='10시간 39 = “' -> '10시간 39분' (repair_noisy_hour_minute) / direct_parse='10시간 39분' => 10:41 흐니르 / 현재=00:02:19 / 남은시간=10시간 39분 / 계산=10:41 / warnings=-
  slot 3 바우티 [TIMED] [words]=9시간 59분 ; segments=0 | 9시간 | 59 | = | - | 남음 -> spaced='0 9시간 59 = - 남음' ; prefix_noise='9시간 59 = -' -> '9시간 59분' (repair_noisy_hour_minute) / direct_parse='9시간 59분' => 10:01 바우티 / 현재=00:02:19 / 남은시간=9시간 59분 / 계산=10:01 / warnings=-
  slot 4 야른 [TIMED] [words_compact]=11시간 25분 ; segments=0 | 11시간 | 25분 | 남음 -> compact='011시간25분남음' ; prefix_noise='11시간25분' -> '11시간 25분' (repair_noisy_hour_minute) / direct_parse='11시간 25분' => 11:27 야른 / 현재=00:02:19 / 남은시간=11시간 25분 / 계산=11:27 / warnings=-
  slot 5 셀로비아 [TIMED] [words]=9시간 59분 ; segments=0 | 9시간 | 59 | = | “ | 남음 -> spaced='0 9시간 59 = “ 남음' ; prefix_noise='9시간 59 = “' -> '9시간 59분' (repair_noisy_hour_minute) / direct_parse='9시간 59분' => 10:01 셀로비아 / 현재=00:02:19 / 남은시간=9시간 59분 / 계산=10:01 / warnings=-
  slot 6 페티 [TIMED] [words_split_digits]=1시간 4분 ; segments=0 | 1 | 시간 | 4분 | 남음 -> merged_digits='01 시간 4분 남음' ; direct_parse='1시간 4분' => 01:06 페티 / 현재=00:02:19 / 남은시간=1시간 4분 / 계산=01:06 / warnings=-
  slot 7 니드호그 [TIMED] [words]=11시간 8분 ; segments=0 | 1 | 1 | 시간 | 8 | = | - | 남음 -> spaced='0 1 1 시간 8 = - 남음' ; prefix_noise='0 1 1 시간 8 = -' -> '11시간 8분' (drop_leading_zero, repair_noisy_split_hour_minute, repair_noisy_hour_minute) / direct_parse='11시간 8분' => 11:10 니드호그 / 현재=00:02:19 / 남은시간=11시간 8분 / 계산=11:10 / warnings=-
  slot 8 티르 [TIMED] [words]=16시간 0분 ; segments=0 | 16 | 시간 | 0 | = | “ | 남음 -> spaced='0 16 시간 0 = “ 남음' ; prefix_noise='16 시간 0 = “' -> '16시간 0분' (repair_noisy_hour_minute) / direct_parse='16시간 0분' => 16:02 티르 / 현재=00:02:19 / 남은시간=16시간 0분 / 계산=16:02 / warnings=-
[이미지 2] area=니다벨리르 base=00:02:22
  ocr2 fixed=1600x900 window=176,190,1410,709 area=니다벨리르 best=니다벨리르 final=니다벨리르 reason=fixed_full_name_2plus highlight=- fixed_tab=- def=206 def_boss=2 slot_match=3 slot_strong=3 slot_full=3 base=00:02:22 diag=ok=1 err=- img=1428193 src=1600x900 ocr=1600x900 lines=30 words=69 text=217
  slot 1 라이노르 [TIMED] [words]=11시간 1분 ; segments=0 | 1 | 1 | 시간 | 1 | 분 | 남음 -> spaced='0 1 1 시간 1 분 남음' ; prefix_noise='0 1 1 시간 1 분' -> '11시간 1분' (drop_leading_zero, merge_split_hour_digits_explicit, repair_noisy_hour_minute) / direct_parse='11시간 1분' => 11:03 라이노르 / 현재=00:02:22 / 남은시간=11시간 1분 / 계산=11:03 / warnings=-
  slot 2 헤르모드 [TIMED] [words_split_digits]=1시간 23분 ; segments=0 | 1 | 시간 | 23 | 분 | 남음 -> merged_digits='01 시간 23 분 남음' ; prefix_noise='1시간 23 분' -> '1시간 23분' (repair_noisy_hour_minute) / direct_parse='1시간 23분' => 01:25 헤르모드 / 현재=00:02:22 / 남은시간=1시간 23분 / 계산=01:25 / warnings=-
  slot 3 브륀힐드 [TIMED] [words]=10시간 40분 ; segments=0 | 10시간 | 40 | = | - | 남음 -> spaced='0 10시간 40 = - 남음' ; prefix_noise='10시간 40 = -' -> '10시간 40분' (repair_noisy_hour_minute) / direct_parse='10시간 40분' => 10:42 브륀힐드 / 현재=00:02:22 / 남은시간=10시간 40분 / 계산=10:42 / warnings=-
  slot 4 수드리 [TIMED] [words]=6분 41초 ; segments=0 | 6분 | 41 | 초 | 남음 -> spaced='0 6분 41 초 남음' ; prefix_noise='6분 41 초' -> '6분 41초' / direct_parse='6분 41초' => 00:09:03 수드리 / 현재=00:02:22 / 남은시간=6분 41초 / 계산=00:09:03 / warnings=-
  slot 5 비요른 [TIMED] [words_compact]=50분 29초 ; segments=0 | 50분 | 29초 | 남음 -> compact='050분29초남음' ; unit_inferred=50분 29초 / direct_parse='50분 29초' => 00:52:51 비요른 / 현재=00:02:22 / 남은시간=50분 29초 / 계산=00:52:51 / warnings=-
  slot 6 스칼라니르 [TIMED] [words_split_digits]=1시간 9분 ; segments=0 | 1 | 시간 | 9분 | 남음 -> merged_digits='01 시간 9분 남음' ; direct_parse='1시간 9분' => 01:11 스칼라니르 / 현재=00:02:22 / 남은시간=1시간 9분 / 계산=01:11 / warnings=-
  slot 7 라타토스크 [TIMED] [words]=10시간 39분 ; segments=0 | 10시간 | 39 | = | - | 남음 -> spaced='0 10시간 39 = - 남음' ; prefix_noise='10시간 39 = -' -> '10시간 39분' (repair_noisy_hour_minute) / direct_parse='10시간 39분' => 10:41 라타토스크 / 현재=00:02:22 / 남은시간=10시간 39분 / 계산=10:41 / warnings=-
  slot 8 토르 [TIMED] [words_compact]=1일 18시간 ; segments=0 | 1일 | 18시간 | 남음 -> compact='01일18시간남음' ; unit_inferred=1일 18시간 / direct_parse='1일 18시간' => 토르 1일 18시간 / 현재=00:02:22 / 남은시간=1일 18시간 / 계산=18:02 / warnings=-

[2026-05-08 02:01:54] mode=ocr2
[이미지 1] area=요툰하임 base=02:01:47
  ocr2 fixed=1600x900 window=176,190,1410,709 area=요툰하임 best=요툰하임 final=요툰하임 reason=fixed_full_name_2plus highlight=- fixed_tab=- def=337 def_boss=4 slot_match=3 slot_strong=3 slot_full=3 base=02:01:47 diag=ok=1 err=- img=1321046 src=1600x900 ocr=1600x900 lines=29 words=63 text=197
  slot 1 파르바 [TIMED] [words]=9시간 27분 ; segments=0 | 9시간 | 27 | = | - | 남음 -> spaced='0 9시간 27 = - 남음' ; prefix_noise='9시간 27 = -' -> '9시간 27분' (repair_noisy_hour_minute) / direct_parse='9시간 27분' => 11:28 파르바 / 현재=02:01:47 / 남은시간=9시간 27분 / 계산=11:28 / warnings=-
  slot 2 흐니르 [TIMED] [words_compact]=8시간 40분 ; segments=0 | 8시간 | 40분 | 남음 -> compact='08시간40분남음' ; prefix_noise='8시간40분' -> '8시간 40분' (repair_noisy_hour_minute) / direct_parse='8시간 40분' => 10:41 흐니르 / 현재=02:01:47 / 남은시간=8시간 40분 / 계산=10:41 / warnings=-
  slot 3 바우티 [TIMED] [words_split_digits]=7시간 59분 ; segments=0 | 7 | 시간 | 59 | = | - | 남음 -> merged_digits='07 시간 59 = - 남음' ; prefix_noise='7시간 59 = -' -> '7시간 59분' (repair_noisy_hour_minute) / direct_parse='7시간 59분' => 10:00 바우티 / 현재=02:01:47 / 남은시간=7시간 59분 / 계산=10:00 / warnings=-
  slot 4 야른 [TIMED] [words]=9시간 26분 ; segments=0 | 9시간 | 26 | 분 | 남음 -> spaced='0 9시간 26 분 남음' ; prefix_noise='9시간 26 분' -> '9시간 26분' (repair_noisy_hour_minute) / direct_parse='9시간 26분' => 11:27 야른 / 현재=02:01:47 / 남은시간=9시간 26분 / 계산=11:27 / warnings=-
  slot 5 셀로비아 [TIMED] [words_split_digits]=7시간 59분 ; segments=0 | 7 | 시간 | 59 | = | “ | 남음 -> merged_digits='07 시간 59 = “ 남음' ; prefix_noise='7시간 59 = “' -> '7시간 59분' (repair_noisy_hour_minute) / direct_parse='7시간 59분' => 10:00 셀로비아 / 현재=02:01:47 / 남은시간=7시간 59분 / 계산=10:00 / warnings=-
  slot 6 페티 [TIMED] [words]=11시간 4분 ; segments=0 | 1 | 1 | 시간 | 4분 | 남음 -> spaced='0 1 1 시간 4분 남음' ; prefix_noise='0 1 1 시간 4분' -> '11시간 4분' (drop_leading_zero, merge_split_hour_digits_explicit, repair_noisy_hour_minute) / direct_parse='11시간 4분' => 13:05 페티 / 현재=02:01:47 / 남은시간=11시간 4분 / 계산=13:05 / warnings=-
  slot 7 니드호그 [TIMED] [words_compact]=9시간 9분 ; segments=0 | 9시간 | 9분 | 남음 -> compact='09시간9분남음' ; prefix_noise='9시간9분' -> '9시간 9분' (repair_noisy_hour_minute) / direct_parse='9시간 9분' => 11:10 니드호그 / 현재=02:01:47 / 남은시간=9시간 9분 / 계산=11:10 / warnings=-
  slot 8 티르 [TIMED] [words]=14시간 1분 ; segments=0 | 14시간 | 1 | 분 | 남음 -> spaced='0 14시간 1 분 남음' ; prefix_noise='14시간 1 분' -> '14시간 1분' (repair_noisy_hour_minute) / direct_parse='14시간 1분' => 16:02 티르 / 현재=02:01:47 / 남은시간=14시간 1분 / 계산=16:02 / warnings=-
[이미지 2] area=니다벨리르 base=02:01:48
  ocr2 fixed=1600x900 window=176,190,1410,709 area=니다벨리르 best=니다벨리르 final=니다벨리르 reason=fixed_full_name_2plus highlight=- fixed_tab=- def=206 def_boss=2 slot_match=3 slot_strong=3 slot_full=3 base=02:01:48 diag=ok=1 err=- img=1313447 src=1600x900 ocr=1600x900 lines=21 words=52 text=162
  current_time_retry#1 fixed_1600_current_box rect=178,246,420,316 scale=3.0 lines=2 words=3 hit=02:01:48
  slot 1 라이노르 [TIMED] [words_compact]=9시간 1분 ; segments=0 | 9시간 | 1분 | 남음 -> compact='09시간1분남음' ; prefix_noise='9시간1분' -> '9시간 1분' (repair_noisy_hour_minute) / direct_parse='9시간 1분' => 11:02 라이노르 / 현재=02:01:48 / 남은시간=9시간 1분 / 계산=11:02 / warnings=-
  slot 2 헤르모드 [TIMED] [words]=11시간 24분 ; segments=0 | 1 | 1 | 시간 | 24분 | 남음 -> spaced='0 1 1 시간 24분 남음' ; prefix_noise='0 1 1 시간 24분' -> '11시간 24분' (drop_leading_zero, merge_split_hour_digits_explicit, repair_noisy_hour_minute) / direct_parse='11시간 24분' => 13:25 헤르모드 / 현재=02:01:48 / 남은시간=11시간 24분 / 계산=13:25 / warnings=-
  slot 3 브륀힐드 [TIMED] [words_compact]=8시간 40분 ; segments=0 | 8시간 | 40분 | 남음 -> compact='08시간40분남음' ; prefix_noise='8시간40분' -> '8시간 40분' (repair_noisy_hour_minute) / direct_parse='8시간 40분' => 10:41 브륀힐드 / 현재=02:01:48 / 남은시간=8시간 40분 / 계산=10:41 / warnings=-
  slot 4 수드리 [TIMED] [words_compact]=10시간 7분 ; segments=0 | 10시간 | 7분 | 남음 -> compact='010시간7분남음' ; prefix_noise='10시간7분' -> '10시간 7분' (repair_noisy_hour_minute) / direct_parse='10시간 7분' => 12:08 수드리 / 현재=02:01:48 / 남은시간=10시간 7분 / 계산=12:08 / warnings=-
  slot 5 비요른 [TIMED] [words]=10시간 51분 ; segments=0 | 10시간 | 51 | 분 | 남음 -> spaced='0 10시간 51 분 남음' ; prefix_noise='10시간 51 분' -> '10시간 51분' (repair_noisy_hour_minute) / direct_parse='10시간 51분' => 12:52 비요른 / 현재=02:01:48 / 남은시간=10시간 51분 / 계산=12:52 / warnings=-
  slot 6 스칼라니르 [TIMED] [words]=11시간 9분 ; segments=0 | 1 | 1 | 시간 | 9曰 | = | 남음 -> spaced='0 1 1 시간 9曰 = 남음' ; prefix_noise='0 1 1 시간 9曰 =' -> '11시간 9분' (repair_minute_glyph, drop_leading_zero, repair_noisy_split_hour_minute, repair_noisy_hour_minute) / direct_parse='11시간 9분' => 13:10 스칼라니르 / 현재=02:01:48 / 남은시간=11시간 9분 / 계산=13:10 / warnings=-
  slot 7 라타토스크 [TIMED] [words_compact]=8시간 39분 ; segments=0 | 8시간 | 39분 | 남음 -> compact='08시간39분남음' ; prefix_noise='8시간39분' -> '8시간 39분' (repair_noisy_hour_minute) / direct_parse='8시간 39분' => 10:40 라타토스크 / 현재=02:01:48 / 남은시간=8시간 39분 / 계산=10:40 / warnings=-
  slot 8 토르 [TIMED] [words_compact]=1일 16시간 ; segments=0 | 1일 | 16시간 | 남음 -> compact='01일16시간남음' ; unit_inferred=1일 16시간 / direct_parse='1일 16시간' => 토르 1일 16시간 / 현재=02:01:48 / 남은시간=1일 16시간 / 계산=18:01 / warnings=-
[이미지 3] area=던전 base=02:01:50
  ocr2 fixed=1600x900 window=176,190,1410,709 area=던전 best=던전 final=던전 reason=fixed_full_name_2plus highlight=- fixed_tab=- def=640 def_boss=7 slot_match=5 slot_strong=3 slot_full=5 base=02:01:50 diag=ok=1 err=- img=1136076 src=1600x900 ocr=1600x900 lines=31 words=64 text=246
  slot 1 최하층굴베 [TIMED] [words_compact]=6시간 28분 ; segments=0 | 6시간 | 28분 | 남음 -> compact='06시간28분남음' ; prefix_noise='6시간28분' -> '6시간 28분' (repair_noisy_hour_minute) / direct_parse='6시간 28분' => 08:29 최하층굴베 / 현재=02:01:50 / 남은시간=6시간 28분 / 계산=08:29 / warnings=-
  slot 2 최하층스네르 [TIMED] [words_compact]=2일 9시간 ; segments=0 | 2일 | 9시간 | 남음 -> compact='02일9시간남음' ; unit_inferred=2일 9시간 / direct_parse='2일 9시간' => 최하층스네르 2일 9시간 / 현재=02:01:50 / 남은시간=2일 9시간 / 계산=11:01 / warnings=-
  slot 3 7층 [TIMED] [words_compact]=17시간 2분 ; segments=0 | 17시간 | 2분 | 남음 -> compact='017시간2분남음' ; prefix_noise='17시간2분' -> '17시간 2분' (repair_noisy_hour_minute) / direct_parse='17시간 2분' => 19:03 7층 / 현재=02:01:50 / 남은시간=17시간 2분 / 계산=19:03 / warnings=-
  slot 4 최하층강글 [TIMED] [words_compact]=4시간 55분 ; segments=0 | 4시간 | 55분 | 남음 -> compact='04시간55분남음' ; prefix_noise='4시간55분' -> '4시간 55분' (repair_noisy_hour_minute) / direct_parse='4시간 55분' => 06:56 최하층강글 / 현재=02:01:50 / 남은시간=4시간 55분 / 계산=06:56 / warnings=-
  slot 5 4층 [TIMED] [words_compact]=6분 32초 ; segments=0 | 6분 | 32초 | 남음 -> compact='06분32초남음' ; unit_inferred=6분 32초 / direct_parse='6분 32초' => 02:08:22 4층 / 현재=02:01:50 / 남은시간=6분 32초 / 계산=02:08:22 / warnings=-
  slot 6 10층 [TIMED] [words_compact]=4시간 10분 ; segments=0 | 4시간 | 10분 | 남음 -> compact='04시간10분남음' ; prefix_noise='4시간10분' -> '4시간 10분' (repair_noisy_hour_minute) / direct_parse='4시간 10분' => 06:11 10층 / 현재=02:01:50 / 남은시간=4시간 10분 / 계산=06:11 / warnings=-

[2026-05-08 02:02:10] mode=ocr
[이미지 1] area=요툰하임 base=02:01:47
  ocr window=0,164,1600,730 area=요툰하임 best=요툰하임 reason=fixed_full_name_2plus highlight=- top=0 def=337 def_terms=4 def_boss=4 slot_exact=6 slot_boss=6 slot_match=3 slot_strong=3 slot_full=3 exact_boss=8 boss=10 grid=8 empty=0 base=02:01:47 diag=ok=1 err=- img=1321046 src=1600x900 ocr=1600x900 lines=29 words=63 text=197
  slot 1 파르바 [TIMED] [words]=9시간 27분 ; segments=0 | 9시간 | 27 | = | - | 남음 -> spaced='0 9시간 27 = - 남음' ; prefix_noise='9시간 27 = -' -> '9시간 27분' (repair_noisy_hour_minute) / direct_parse='9시간 27분' => 11:28 파르바 / 현재=02:01:47 / 남은시간=9시간 27분 / 계산=11:28 / warnings=-
  slot 2 흐니르 [TIMED] [words_compact]=8시간 40분 ; segments=0 | 8시간 | 40분 | 남음 -> compact='08시간40분남음' ; prefix_noise='8시간40분' -> '8시간 40분' (repair_noisy_hour_minute) / direct_parse='8시간 40분' => 10:41 흐니르 / 현재=02:01:47 / 남은시간=8시간 40분 / 계산=10:41 / warnings=-
  slot 3 바우티 [TIMED] [card_words_group_merge]=7시간 59분 ; card_segments=7 | 시간 | 59 | = | - | 남음 | 0 -> merged_spaced='7 시간 59 = - 남음 0' ; prefix_noise='7 시간 59 = - 0' -> '7시간 59분' (repair_noisy_hour_minute) / direct_parse='7시간 59분' => 10:00 바우티 / 현재=02:01:47 / 남은시간=7시간 59분 / 계산=10:00 / warnings=-
  slot 4 야른 [TIMED] [words_compact]=9시간 26분 ; segments=9시간 | 26 | 분 | 남음 -> compact='9시간26분남음' ; prefix_noise='9시간26분' -> '9시간 26분' (repair_noisy_hour_minute) / direct_parse='9시간 26분' => 11:27 야른 / 현재=02:01:47 / 남은시간=9시간 26분 / 계산=11:27 / warnings=-
  slot 5 셀로비아 [TIMED] [words_split_digits]=7시간 59분 ; segments=0 | 7 | 시간 | 59 | = | 남음 -> merged_digits='07 시간 59 = 남음' ; prefix_noise='7시간 59 =' -> '7시간 59분' (repair_noisy_hour_minute) / direct_parse='7시간 59분' => 10:00 셀로비아 / 현재=02:01:47 / 남은시간=7시간 59분 / 계산=10:00 / warnings=-
  slot 6 페티 [TIMED] [words]=11시간 4분 ; segments=0 | 1 | 1 | 시간 | 4분 | 남음 -> spaced='0 1 1 시간 4분 남음' ; prefix_noise='0 1 1 시간 4분' -> '11시간 4분' (drop_leading_zero, merge_split_hour_digits_explicit, repair_noisy_hour_minute) / direct_parse='11시간 4분' => 13:05 페티 / 현재=02:01:47 / 남은시간=11시간 4분 / 계산=13:05 / warnings=-
  slot 7 니드호그 [TIMED] [card_words_group_merge]=9시간 9분 ; card_segments=0 | 9시간 | 9분 | 남음 | 0 -> merged_spaced='0 9시간 9분 남음 0' ; prefix_noise='9시간 9분 0' -> '9시간 9분' (repair_noisy_hour_minute) / direct_parse='9시간 9분' => 11:10 니드호그 / 현재=02:01:47 / 남은시간=9시간 9분 / 계산=11:10 / warnings=-
  slot 8 티르 [TIMED] [words_compact]=14시간 1분 ; segments=14시간 | 1 | 분 | 남음 -> compact='14시간1분남음' ; prefix_noise='14시간1분' -> '14시간 1분' (repair_noisy_hour_minute) / direct_parse='14시간 1분' => 16:02 티르 / 현재=02:01:47 / 남은시간=14시간 1분 / 계산=16:02 / warnings=-
[이미지 2] area=니다벨리르 base=02:01:48
  ocr window=0,167,1600,730 area=니다벨리르 best=니다벨리르 reason=fixed_full_name_2plus highlight=- top=0 def=206 def_terms=2 def_boss=2 slot_exact=2 slot_boss=3 slot_match=2 slot_strong=2 slot_full=2 exact_boss=8 boss=8 grid=8 empty=0 base=02:01:48 diag=ok=1 err=- img=1313447 src=1600x900 ocr=1600x900 lines=21 words=52 text=162
  current_time_retry#1 fixed_1600_current_box rect=178,246,420,316 scale=3.0 lines=2 words=3 hit=02:01:48
  slot 1 라이노르 [TIMED] [words_compact]=9시간 1분 ; segments=0 | 9시간 | 1분 | 남음 -> compact='09시간1분남음' ; prefix_noise='9시간1분' -> '9시간 1분' (repair_noisy_hour_minute) / direct_parse='9시간 1분' => 11:02 라이노르 / 현재=02:01:48 / 남은시간=9시간 1분 / 계산=11:02 / warnings=-
  slot 2 헤르모드 [TIMED] [words]=11시간 24분 ; segments=0 | 1 | 1 | 시간 | 24분 | 남음 -> spaced='0 1 1 시간 24분 남음' ; prefix_noise='0 1 1 시간 24분' -> '11시간 24분' (drop_leading_zero, merge_split_hour_digits_explicit, repair_noisy_hour_minute) / direct_parse='11시간 24분' => 13:25 헤르모드 / 현재=02:01:48 / 남은시간=11시간 24분 / 계산=13:25 / warnings=-
  slot 3 브륀힐드 [TIMED] [card_words_group_merge_compact]=8시간 40분 ; card_segments=8시간 | 40분 | 남음 | 0 -> merged_compact='8시간40분남음0' ; prefix_noise='8시간40분0' -> '8시간 40분' (repair_noisy_hour_minute) / direct_parse='8시간 40분' => 10:41 브륀힐드 / 현재=02:01:48 / 남은시간=8시간 40분 / 계산=10:41 / warnings=-
  slot 4 수드리 [TIMED] [words_compact]=10시간 7분 ; segments=10시간 | 7분 | 남음 -> compact='10시간7분남음' ; prefix_noise='10시간7분' -> '10시간 7분' (repair_noisy_hour_minute) / direct_parse='10시간 7분' => 12:08 수드리 / 현재=02:01:48 / 남은시간=10시간 7분 / 계산=12:08 / warnings=-
  slot 5 비요른 [TIMED] [words]=10시간 51분 ; segments=0 | 10시간 | 51 | 분 | 남음 -> spaced='0 10시간 51 분 남음' ; prefix_noise='10시간 51 분' -> '10시간 51분' (repair_noisy_hour_minute) / direct_parse='10시간 51분' => 12:52 비요른 / 현재=02:01:48 / 남은시간=10시간 51분 / 계산=12:52 / warnings=-
  slot 6 스칼라니르 [TIMED] [words]=11시간 9분 ; segments=0 | 1 | 1 | 시간 | 9曰 | = | 남음 -> spaced='0 1 1 시간 9曰 = 남음' ; prefix_noise='0 1 1 시간 9曰 =' -> '11시간 9분' (repair_minute_glyph, drop_leading_zero, repair_noisy_split_hour_minute, repair_noisy_hour_minute) / direct_parse='11시간 9분' => 13:10 스칼라니르 / 현재=02:01:48 / 남은시간=11시간 9분 / 계산=13:10 / warnings=-
  slot 7 라타토스크 [TIMED] [card_words_group_merge_compact]=8시간 39분 ; card_segments=8시간 | 39분 | 남음 | 0 -> merged_compact='8시간39분남음0' ; prefix_noise='8시간39분0' -> '8시간 39분' (repair_noisy_hour_minute) / direct_parse='8시간 39분' => 10:40 라타토스크 / 현재=02:01:48 / 남은시간=8시간 39분 / 계산=10:40 / warnings=-
  slot 8 토르 [TIMED] [words_compact]=1일 16시간 ; segments=1일 | 16시간 | 남음 -> compact='1일16시간남음' ; unit_inferred=1일 16시간 / direct_parse='1일 16시간' => 토르 1일 16시간 / 현재=02:01:48 / 남은시간=1일 16시간 / 계산=18:01 / warnings=-
[이미지 3] area=던전 base=02:01:50
  ocr window=0,146,1600,812 area=던전 best=던전 reason=fixed_full_name_2plus highlight=- top=0 def=640 def_terms=5 def_boss=7 slot_exact=10 slot_boss=11 slot_match=6 slot_strong=3 slot_full=5 exact_boss=2 boss=2 grid=6 empty=0 base=02:01:50 diag=ok=1 err=- img=1136076 src=1600x900 ocr=1600x900 lines=31 words=64 text=246
  slot 1 최하층굴베 [TIMED] [card_line]=6시간 28분 ; card_line='0 6시간 28분 남음' ; direct_parse='6시간 28분' => 08:29 최하층굴베 / 현재=02:01:50 / 남은시간=6시간 28분 / 계산=08:29 / warnings=-
  slot 2 최하층스네르 [TIMED] [card_line]=2일 9시간 ; card_line='0 2일 9시간 남음' ; direct_parse='2일 9시간' => 최하층스네르 2일 9시간 / 현재=02:01:50 / 남은시간=2일 9시간 / 계산=11:01 / warnings=-
  slot 3 7층 [TIMED] [card_words]=17시간 2분 ; card_segments=17시간 | 2분 | 남음 -> spaced='17시간 2분 남음' ; direct_parse='17시간 2분' => 19:03 7층 / 현재=02:01:50 / 남은시간=17시간 2분 / 계산=19:03 / warnings=-
  slot 4 최하층강글 [TIMED] [card_line]=4시간 55분 ; card_line='0 4시간 55분 남음' ; direct_parse='4시간 55분' => 06:56 최하층강글 / 현재=02:01:50 / 남은시간=4시간 55분 / 계산=06:56 / warnings=-
  slot 5 4층 [TIMED] [card_line]=6분 32초 ; card_line='0 6분 32초 남음' ; direct_parse='6분 32초' => 02:08:22 4층 / 현재=02:01:50 / 남은시간=6분 32초 / 계산=02:08:22 / warnings=-
  slot 6 10층 [TIMED] [card_words]=4시간 10분 ; card_segments=4시간 | 10분 | 남음 -> spaced='4시간 10분 남음' ; direct_parse='4시간 10분' => 06:11 10층 / 현재=02:01:50 / 남은시간=4시간 10분 / 계산=06:11 / warnings=-

[2026-05-08 02:02:25] mode=ocr2
[이미지 1] area=요툰하임 base=02:01:47
  ocr2 fixed=1600x900 window=176,190,1410,709 area=요툰하임 best=요툰하임 final=요툰하임 reason=fixed_full_name_2plus highlight=- fixed_tab=- def=337 def_boss=4 slot_match=3 slot_strong=3 slot_full=3 base=02:01:47 diag=ok=1 err=- img=1321046 src=1600x900 ocr=1600x900 lines=29 words=63 text=197
  slot 1 파르바 [TIMED] [words]=9시간 27분 ; segments=0 | 9시간 | 27 | = | - | 남음 -> spaced='0 9시간 27 = - 남음' ; prefix_noise='9시간 27 = -' -> '9시간 27분' (repair_noisy_hour_minute) / direct_parse='9시간 27분' => 11:28 파르바 / 현재=02:01:47 / 남은시간=9시간 27분 / 계산=11:28 / warnings=-
  slot 2 흐니르 [TIMED] [words_compact]=8시간 40분 ; segments=0 | 8시간 | 40분 | 남음 -> compact='08시간40분남음' ; prefix_noise='8시간40분' -> '8시간 40분' (repair_noisy_hour_minute) / direct_parse='8시간 40분' => 10:41 흐니르 / 현재=02:01:47 / 남은시간=8시간 40분 / 계산=10:41 / warnings=-
  slot 3 바우티 [TIMED] [words_split_digits]=7시간 59분 ; segments=0 | 7 | 시간 | 59 | = | - | 남음 -> merged_digits='07 시간 59 = - 남음' ; prefix_noise='7시간 59 = -' -> '7시간 59분' (repair_noisy_hour_minute) / direct_parse='7시간 59분' => 10:00 바우티 / 현재=02:01:47 / 남은시간=7시간 59분 / 계산=10:00 / warnings=-
  slot 4 야른 [TIMED] [words]=9시간 26분 ; segments=0 | 9시간 | 26 | 분 | 남음 -> spaced='0 9시간 26 분 남음' ; prefix_noise='9시간 26 분' -> '9시간 26분' (repair_noisy_hour_minute) / direct_parse='9시간 26분' => 11:27 야른 / 현재=02:01:47 / 남은시간=9시간 26분 / 계산=11:27 / warnings=-
  slot 5 셀로비아 [TIMED] [words_split_digits]=7시간 59분 ; segments=0 | 7 | 시간 | 59 | = | “ | 남음 -> merged_digits='07 시간 59 = “ 남음' ; prefix_noise='7시간 59 = “' -> '7시간 59분' (repair_noisy_hour_minute) / direct_parse='7시간 59분' => 10:00 셀로비아 / 현재=02:01:47 / 남은시간=7시간 59분 / 계산=10:00 / warnings=-
  slot 6 페티 [TIMED] [words]=11시간 4분 ; segments=0 | 1 | 1 | 시간 | 4분 | 남음 -> spaced='0 1 1 시간 4분 남음' ; prefix_noise='0 1 1 시간 4분' -> '11시간 4분' (drop_leading_zero, merge_split_hour_digits_explicit, repair_noisy_hour_minute) / direct_parse='11시간 4분' => 13:05 페티 / 현재=02:01:47 / 남은시간=11시간 4분 / 계산=13:05 / warnings=-
  slot 7 니드호그 [TIMED] [words_compact]=9시간 9분 ; segments=0 | 9시간 | 9분 | 남음 -> compact='09시간9분남음' ; prefix_noise='9시간9분' -> '9시간 9분' (repair_noisy_hour_minute) / direct_parse='9시간 9분' => 11:10 니드호그 / 현재=02:01:47 / 남은시간=9시간 9분 / 계산=11:10 / warnings=-
  slot 8 티르 [TIMED] [words]=14시간 1분 ; segments=0 | 14시간 | 1 | 분 | 남음 -> spaced='0 14시간 1 분 남음' ; prefix_noise='14시간 1 분' -> '14시간 1분' (repair_noisy_hour_minute) / direct_parse='14시간 1분' => 16:02 티르 / 현재=02:01:47 / 남은시간=14시간 1분 / 계산=16:02 / warnings=-
[이미지 2] area=니다벨리르 base=02:01:48
  ocr2 fixed=1600x900 window=176,190,1410,709 area=니다벨리르 best=니다벨리르 final=니다벨리르 reason=fixed_full_name_2plus highlight=- fixed_tab=- def=206 def_boss=2 slot_match=3 slot_strong=3 slot_full=3 base=02:01:48 diag=ok=1 err=- img=1313447 src=1600x900 ocr=1600x900 lines=21 words=52 text=162
  current_time_retry#1 fixed_1600_current_box rect=178,246,420,316 scale=3.0 lines=2 words=3 hit=02:01:48
  slot 1 라이노르 [TIMED] [words_compact]=9시간 1분 ; segments=0 | 9시간 | 1분 | 남음 -> compact='09시간1분남음' ; prefix_noise='9시간1분' -> '9시간 1분' (repair_noisy_hour_minute) / direct_parse='9시간 1분' => 11:02 라이노르 / 현재=02:01:48 / 남은시간=9시간 1분 / 계산=11:02 / warnings=-
  slot 2 헤르모드 [TIMED] [words]=11시간 24분 ; segments=0 | 1 | 1 | 시간 | 24분 | 남음 -> spaced='0 1 1 시간 24분 남음' ; prefix_noise='0 1 1 시간 24분' -> '11시간 24분' (drop_leading_zero, merge_split_hour_digits_explicit, repair_noisy_hour_minute) / direct_parse='11시간 24분' => 13:25 헤르모드 / 현재=02:01:48 / 남은시간=11시간 24분 / 계산=13:25 / warnings=-
  slot 3 브륀힐드 [TIMED] [words_compact]=8시간 40분 ; segments=0 | 8시간 | 40분 | 남음 -> compact='08시간40분남음' ; prefix_noise='8시간40분' -> '8시간 40분' (repair_noisy_hour_minute) / direct_parse='8시간 40분' => 10:41 브륀힐드 / 현재=02:01:48 / 남은시간=8시간 40분 / 계산=10:41 / warnings=-
  slot 4 수드리 [TIMED] [words_compact]=10시간 7분 ; segments=0 | 10시간 | 7분 | 남음 -> compact='010시간7분남음' ; prefix_noise='10시간7분' -> '10시간 7분' (repair_noisy_hour_minute) / direct_parse='10시간 7분' => 12:08 수드리 / 현재=02:01:48 / 남은시간=10시간 7분 / 계산=12:08 / warnings=-
  slot 5 비요른 [TIMED] [words]=10시간 51분 ; segments=0 | 10시간 | 51 | 분 | 남음 -> spaced='0 10시간 51 분 남음' ; prefix_noise='10시간 51 분' -> '10시간 51분' (repair_noisy_hour_minute) / direct_parse='10시간 51분' => 12:52 비요른 / 현재=02:01:48 / 남은시간=10시간 51분 / 계산=12:52 / warnings=-
  slot 6 스칼라니르 [TIMED] [words]=11시간 9분 ; segments=0 | 1 | 1 | 시간 | 9曰 | = | 남음 -> spaced='0 1 1 시간 9曰 = 남음' ; prefix_noise='0 1 1 시간 9曰 =' -> '11시간 9분' (repair_minute_glyph, drop_leading_zero, repair_noisy_split_hour_minute, repair_noisy_hour_minute) / direct_parse='11시간 9분' => 13:10 스칼라니르 / 현재=02:01:48 / 남은시간=11시간 9분 / 계산=13:10 / warnings=-
  slot 7 라타토스크 [TIMED] [words_compact]=8시간 39분 ; segments=0 | 8시간 | 39분 | 남음 -> compact='08시간39분남음' ; prefix_noise='8시간39분' -> '8시간 39분' (repair_noisy_hour_minute) / direct_parse='8시간 39분' => 10:40 라타토스크 / 현재=02:01:48 / 남은시간=8시간 39분 / 계산=10:40 / warnings=-
  slot 8 토르 [TIMED] [words_compact]=1일 16시간 ; segments=0 | 1일 | 16시간 | 남음 -> compact='01일16시간남음' ; unit_inferred=1일 16시간 / direct_parse='1일 16시간' => 토르 1일 16시간 / 현재=02:01:48 / 남은시간=1일 16시간 / 계산=18:01 / warnings=-
[이미지 3] area=던전 base=02:01:50
  ocr2 fixed=1600x900 window=176,190,1410,709 area=던전 best=던전 final=던전 reason=fixed_full_name_2plus highlight=- fixed_tab=- def=640 def_boss=7 slot_match=5 slot_strong=3 slot_full=5 base=02:01:50 diag=ok=1 err=- img=1136076 src=1600x900 ocr=1600x900 lines=31 words=64 text=246
  slot 1 최하층굴베 [TIMED] [words_compact]=6시간 28분 ; segments=0 | 6시간 | 28분 | 남음 -> compact='06시간28분남음' ; prefix_noise='6시간28분' -> '6시간 28분' (repair_noisy_hour_minute) / direct_parse='6시간 28분' => 08:29 최하층굴베 / 현재=02:01:50 / 남은시간=6시간 28분 / 계산=08:29 / warnings=-
  slot 2 최하층스네르 [TIMED] [words_compact]=2일 9시간 ; segments=0 | 2일 | 9시간 | 남음 -> compact='02일9시간남음' ; unit_inferred=2일 9시간 / direct_parse='2일 9시간' => 최하층스네르 2일 9시간 / 현재=02:01:50 / 남은시간=2일 9시간 / 계산=11:01 / warnings=-
  slot 3 7층 [TIMED] [words_compact]=17시간 2분 ; segments=0 | 17시간 | 2분 | 남음 -> compact='017시간2분남음' ; prefix_noise='17시간2분' -> '17시간 2분' (repair_noisy_hour_minute) / direct_parse='17시간 2분' => 19:03 7층 / 현재=02:01:50 / 남은시간=17시간 2분 / 계산=19:03 / warnings=-
  slot 4 최하층강글 [TIMED] [words_compact]=4시간 55분 ; segments=0 | 4시간 | 55분 | 남음 -> compact='04시간55분남음' ; prefix_noise='4시간55분' -> '4시간 55분' (repair_noisy_hour_minute) / direct_parse='4시간 55분' => 06:56 최하층강글 / 현재=02:01:50 / 남은시간=4시간 55분 / 계산=06:56 / warnings=-
  slot 5 4층 [TIMED] [words_compact]=6분 32초 ; segments=0 | 6분 | 32초 | 남음 -> compact='06분32초남음' ; unit_inferred=6분 32초 / direct_parse='6분 32초' => 02:08:22 4층 / 현재=02:01:50 / 남은시간=6분 32초 / 계산=02:08:22 / warnings=-
  slot 6 10층 [TIMED] [words_compact]=4시간 10분 ; segments=0 | 4시간 | 10분 | 남음 -> compact='04시간10분남음' ; prefix_noise='4시간10분' -> '4시간 10분' (repair_noisy_hour_minute) / direct_parse='4시간 10분' => 06:11 10층 / 현재=02:01:50 / 남은시간=4시간 10분 / 계산=06:11 / warnings=-

[2026-05-08 02:02:25] mode=ocr
[이미지 1] area=요툰하임 base=02:01:47
  ocr window=0,164,1600,730 area=요툰하임 best=요툰하임 reason=fixed_full_name_2plus highlight=- top=0 def=337 def_terms=4 def_boss=4 slot_exact=6 slot_boss=6 slot_match=3 slot_strong=3 slot_full=3 exact_boss=8 boss=10 grid=8 empty=0 base=02:01:47 diag=ok=1 err=- img=1321046 src=1600x900 ocr=1600x900 lines=29 words=63 text=197
  slot 1 파르바 [TIMED] [words]=9시간 27분 ; segments=0 | 9시간 | 27 | = | - | 남음 -> spaced='0 9시간 27 = - 남음' ; prefix_noise='9시간 27 = -' -> '9시간 27분' (repair_noisy_hour_minute) / direct_parse='9시간 27분' => 11:28 파르바 / 현재=02:01:47 / 남은시간=9시간 27분 / 계산=11:28 / warnings=-
  slot 2 흐니르 [TIMED] [words_compact]=8시간 40분 ; segments=0 | 8시간 | 40분 | 남음 -> compact='08시간40분남음' ; prefix_noise='8시간40분' -> '8시간 40분' (repair_noisy_hour_minute) / direct_parse='8시간 40분' => 10:41 흐니르 / 현재=02:01:47 / 남은시간=8시간 40분 / 계산=10:41 / warnings=-
  slot 3 바우티 [TIMED] [card_words_group_merge]=7시간 59분 ; card_segments=7 | 시간 | 59 | = | - | 남음 | 0 -> merged_spaced='7 시간 59 = - 남음 0' ; prefix_noise='7 시간 59 = - 0' -> '7시간 59분' (repair_noisy_hour_minute) / direct_parse='7시간 59분' => 10:00 바우티 / 현재=02:01:47 / 남은시간=7시간 59분 / 계산=10:00 / warnings=-
  slot 4 야른 [TIMED] [words_compact]=9시간 26분 ; segments=9시간 | 26 | 분 | 남음 -> compact='9시간26분남음' ; prefix_noise='9시간26분' -> '9시간 26분' (repair_noisy_hour_minute) / direct_parse='9시간 26분' => 11:27 야른 / 현재=02:01:47 / 남은시간=9시간 26분 / 계산=11:27 / warnings=-
  slot 5 셀로비아 [TIMED] [words_split_digits]=7시간 59분 ; segments=0 | 7 | 시간 | 59 | = | 남음 -> merged_digits='07 시간 59 = 남음' ; prefix_noise='7시간 59 =' -> '7시간 59분' (repair_noisy_hour_minute) / direct_parse='7시간 59분' => 10:00 셀로비아 / 현재=02:01:47 / 남은시간=7시간 59분 / 계산=10:00 / warnings=-
  slot 6 페티 [TIMED] [words]=11시간 4분 ; segments=0 | 1 | 1 | 시간 | 4분 | 남음 -> spaced='0 1 1 시간 4분 남음' ; prefix_noise='0 1 1 시간 4분' -> '11시간 4분' (drop_leading_zero, merge_split_hour_digits_explicit, repair_noisy_hour_minute) / direct_parse='11시간 4분' => 13:05 페티 / 현재=02:01:47 / 남은시간=11시간 4분 / 계산=13:05 / warnings=-
  slot 7 니드호그 [TIMED] [card_words_group_merge]=9시간 9분 ; card_segments=0 | 9시간 | 9분 | 남음 | 0 -> merged_spaced='0 9시간 9분 남음 0' ; prefix_noise='9시간 9분 0' -> '9시간 9분' (repair_noisy_hour_minute) / direct_parse='9시간 9분' => 11:10 니드호그 / 현재=02:01:47 / 남은시간=9시간 9분 / 계산=11:10 / warnings=-
  slot 8 티르 [TIMED] [words_compact]=14시간 1분 ; segments=14시간 | 1 | 분 | 남음 -> compact='14시간1분남음' ; prefix_noise='14시간1분' -> '14시간 1분' (repair_noisy_hour_minute) / direct_parse='14시간 1분' => 16:02 티르 / 현재=02:01:47 / 남은시간=14시간 1분 / 계산=16:02 / warnings=-
[이미지 2] area=니다벨리르 base=02:01:48
  ocr window=0,167,1600,730 area=니다벨리르 best=니다벨리르 reason=fixed_full_name_2plus highlight=- top=0 def=206 def_terms=2 def_boss=2 slot_exact=2 slot_boss=3 slot_match=2 slot_strong=2 slot_full=2 exact_boss=8 boss=8 grid=8 empty=0 base=02:01:48 diag=ok=1 err=- img=1313447 src=1600x900 ocr=1600x900 lines=21 words=52 text=162
  current_time_retry#1 fixed_1600_current_box rect=178,246,420,316 scale=3.0 lines=2 words=3 hit=02:01:48
  slot 1 라이노르 [TIMED] [words_compact]=9시간 1분 ; segments=0 | 9시간 | 1분 | 남음 -> compact='09시간1분남음' ; prefix_noise='9시간1분' -> '9시간 1분' (repair_noisy_hour_minute) / direct_parse='9시간 1분' => 11:02 라이노르 / 현재=02:01:48 / 남은시간=9시간 1분 / 계산=11:02 / warnings=-
  slot 2 헤르모드 [TIMED] [words]=11시간 24분 ; segments=0 | 1 | 1 | 시간 | 24분 | 남음 -> spaced='0 1 1 시간 24분 남음' ; prefix_noise='0 1 1 시간 24분' -> '11시간 24분' (drop_leading_zero, merge_split_hour_digits_explicit, repair_noisy_hour_minute) / direct_parse='11시간 24분' => 13:25 헤르모드 / 현재=02:01:48 / 남은시간=11시간 24분 / 계산=13:25 / warnings=-
  slot 3 브륀힐드 [TIMED] [card_words_group_merge_compact]=8시간 40분 ; card_segments=8시간 | 40분 | 남음 | 0 -> merged_compact='8시간40분남음0' ; prefix_noise='8시간40분0' -> '8시간 40분' (repair_noisy_hour_minute) / direct_parse='8시간 40분' => 10:41 브륀힐드 / 현재=02:01:48 / 남은시간=8시간 40분 / 계산=10:41 / warnings=-
  slot 4 수드리 [TIMED] [words_compact]=10시간 7분 ; segments=10시간 | 7분 | 남음 -> compact='10시간7분남음' ; prefix_noise='10시간7분' -> '10시간 7분' (repair_noisy_hour_minute) / direct_parse='10시간 7분' => 12:08 수드리 / 현재=02:01:48 / 남은시간=10시간 7분 / 계산=12:08 / warnings=-
  slot 5 비요른 [TIMED] [words]=10시간 51분 ; segments=0 | 10시간 | 51 | 분 | 남음 -> spaced='0 10시간 51 분 남음' ; prefix_noise='10시간 51 분' -> '10시간 51분' (repair_noisy_hour_minute) / direct_parse='10시간 51분' => 12:52 비요른 / 현재=02:01:48 / 남은시간=10시간 51분 / 계산=12:52 / warnings=-
  slot 6 스칼라니르 [TIMED] [words]=11시간 9분 ; segments=0 | 1 | 1 | 시간 | 9曰 | = | 남음 -> spaced='0 1 1 시간 9曰 = 남음' ; prefix_noise='0 1 1 시간 9曰 =' -> '11시간 9분' (repair_minute_glyph, drop_leading_zero, repair_noisy_split_hour_minute, repair_noisy_hour_minute) / direct_parse='11시간 9분' => 13:10 스칼라니르 / 현재=02:01:48 / 남은시간=11시간 9분 / 계산=13:10 / warnings=-
  slot 7 라타토스크 [TIMED] [card_words_group_merge_compact]=8시간 39분 ; card_segments=8시간 | 39분 | 남음 | 0 -> merged_compact='8시간39분남음0' ; prefix_noise='8시간39분0' -> '8시간 39분' (repair_noisy_hour_minute) / direct_parse='8시간 39분' => 10:40 라타토스크 / 현재=02:01:48 / 남은시간=8시간 39분 / 계산=10:40 / warnings=-
  slot 8 토르 [TIMED] [words_compact]=1일 16시간 ; segments=1일 | 16시간 | 남음 -> compact='1일16시간남음' ; unit_inferred=1일 16시간 / direct_parse='1일 16시간' => 토르 1일 16시간 / 현재=02:01:48 / 남은시간=1일 16시간 / 계산=18:01 / warnings=-
[이미지 3] area=던전 base=02:01:50
  ocr window=0,146,1600,812 area=던전 best=던전 reason=fixed_full_name_2plus highlight=- top=0 def=640 def_terms=5 def_boss=7 slot_exact=10 slot_boss=11 slot_match=6 slot_strong=3 slot_full=5 exact_boss=2 boss=2 grid=6 empty=0 base=02:01:50 diag=ok=1 err=- img=1136076 src=1600x900 ocr=1600x900 lines=31 words=64 text=246
  slot 1 최하층굴베 [TIMED] [card_line]=6시간 28분 ; card_line='0 6시간 28분 남음' ; direct_parse='6시간 28분' => 08:29 최하층굴베 / 현재=02:01:50 / 남은시간=6시간 28분 / 계산=08:29 / warnings=-
  slot 2 최하층스네르 [TIMED] [card_line]=2일 9시간 ; card_line='0 2일 9시간 남음' ; direct_parse='2일 9시간' => 최하층스네르 2일 9시간 / 현재=02:01:50 / 남은시간=2일 9시간 / 계산=11:01 / warnings=-
  slot 3 7층 [TIMED] [card_words]=17시간 2분 ; card_segments=17시간 | 2분 | 남음 -> spaced='17시간 2분 남음' ; direct_parse='17시간 2분' => 19:03 7층 / 현재=02:01:50 / 남은시간=17시간 2분 / 계산=19:03 / warnings=-
  slot 4 최하층강글 [TIMED] [card_line]=4시간 55분 ; card_line='0 4시간 55분 남음' ; direct_parse='4시간 55분' => 06:56 최하층강글 / 현재=02:01:50 / 남은시간=4시간 55분 / 계산=06:56 / warnings=-
  slot 5 4층 [TIMED] [card_line]=6분 32초 ; card_line='0 6분 32초 남음' ; direct_parse='6분 32초' => 02:08:22 4층 / 현재=02:01:50 / 남은시간=6분 32초 / 계산=02:08:22 / warnings=-
  slot 6 10층 [TIMED] [card_words]=4시간 10분 ; card_segments=4시간 | 10분 | 남음 -> spaced='4시간 10분 남음' ; direct_parse='4시간 10분' => 06:11 10층 / 현재=02:01:50 / 남은시간=4시간 10분 / 계산=06:11 / warnings=-

[2026-05-08 02:02:38] mode=ocr2
[이미지 1] area=요툰하임 base=02:01:47
  ocr2 fixed=1600x900 window=176,190,1410,709 area=요툰하임 best=요툰하임 final=요툰하임 reason=fixed_full_name_2plus highlight=- fixed_tab=- def=337 def_boss=4 slot_match=3 slot_strong=3 slot_full=3 base=02:01:47 diag=ok=1 err=- img=1321046 src=1600x900 ocr=1600x900 lines=29 words=63 text=197
  slot 1 파르바 [TIMED] [words]=9시간 27분 ; segments=0 | 9시간 | 27 | = | - | 남음 -> spaced='0 9시간 27 = - 남음' ; prefix_noise='9시간 27 = -' -> '9시간 27분' (repair_noisy_hour_minute) / direct_parse='9시간 27분' => 11:28 파르바 / 현재=02:01:47 / 남은시간=9시간 27분 / 계산=11:28 / warnings=-
  slot 2 흐니르 [TIMED] [words_compact]=8시간 40분 ; segments=0 | 8시간 | 40분 | 남음 -> compact='08시간40분남음' ; prefix_noise='8시간40분' -> '8시간 40분' (repair_noisy_hour_minute) / direct_parse='8시간 40분' => 10:41 흐니르 / 현재=02:01:47 / 남은시간=8시간 40분 / 계산=10:41 / warnings=-
  slot 3 바우티 [TIMED] [words_split_digits]=7시간 59분 ; segments=0 | 7 | 시간 | 59 | = | - | 남음 -> merged_digits='07 시간 59 = - 남음' ; prefix_noise='7시간 59 = -' -> '7시간 59분' (repair_noisy_hour_minute) / direct_parse='7시간 59분' => 10:00 바우티 / 현재=02:01:47 / 남은시간=7시간 59분 / 계산=10:00 / warnings=-
  slot 4 야른 [TIMED] [words]=9시간 26분 ; segments=0 | 9시간 | 26 | 분 | 남음 -> spaced='0 9시간 26 분 남음' ; prefix_noise='9시간 26 분' -> '9시간 26분' (repair_noisy_hour_minute) / direct_parse='9시간 26분' => 11:27 야른 / 현재=02:01:47 / 남은시간=9시간 26분 / 계산=11:27 / warnings=-
  slot 5 셀로비아 [TIMED] [words_split_digits]=7시간 59분 ; segments=0 | 7 | 시간 | 59 | = | “ | 남음 -> merged_digits='07 시간 59 = “ 남음' ; prefix_noise='7시간 59 = “' -> '7시간 59분' (repair_noisy_hour_minute) / direct_parse='7시간 59분' => 10:00 셀로비아 / 현재=02:01:47 / 남은시간=7시간 59분 / 계산=10:00 / warnings=-
  slot 6 페티 [TIMED] [words]=11시간 4분 ; segments=0 | 1 | 1 | 시간 | 4분 | 남음 -> spaced='0 1 1 시간 4분 남음' ; prefix_noise='0 1 1 시간 4분' -> '11시간 4분' (drop_leading_zero, merge_split_hour_digits_explicit, repair_noisy_hour_minute) / direct_parse='11시간 4분' => 13:05 페티 / 현재=02:01:47 / 남은시간=11시간 4분 / 계산=13:05 / warnings=-
  slot 7 니드호그 [TIMED] [words_compact]=9시간 9분 ; segments=0 | 9시간 | 9분 | 남음 -> compact='09시간9분남음' ; prefix_noise='9시간9분' -> '9시간 9분' (repair_noisy_hour_minute) / direct_parse='9시간 9분' => 11:10 니드호그 / 현재=02:01:47 / 남은시간=9시간 9분 / 계산=11:10 / warnings=-
  slot 8 티르 [TIMED] [words]=14시간 1분 ; segments=0 | 14시간 | 1 | 분 | 남음 -> spaced='0 14시간 1 분 남음' ; prefix_noise='14시간 1 분' -> '14시간 1분' (repair_noisy_hour_minute) / direct_parse='14시간 1분' => 16:02 티르 / 현재=02:01:47 / 남은시간=14시간 1분 / 계산=16:02 / warnings=-
[이미지 2] area=니다벨리르 base=02:01:48
  ocr2 fixed=1600x900 window=176,190,1410,709 area=니다벨리르 best=니다벨리르 final=니다벨리르 reason=fixed_full_name_2plus highlight=- fixed_tab=- def=206 def_boss=2 slot_match=3 slot_strong=3 slot_full=3 base=02:01:48 diag=ok=1 err=- img=1313447 src=1600x900 ocr=1600x900 lines=21 words=52 text=162
  current_time_retry#1 fixed_1600_current_box rect=178,246,420,316 scale=3.0 lines=2 words=3 hit=02:01:48
  slot 1 라이노르 [TIMED] [words_compact]=9시간 1분 ; segments=0 | 9시간 | 1분 | 남음 -> compact='09시간1분남음' ; prefix_noise='9시간1분' -> '9시간 1분' (repair_noisy_hour_minute) / direct_parse='9시간 1분' => 11:02 라이노르 / 현재=02:01:48 / 남은시간=9시간 1분 / 계산=11:02 / warnings=-
  slot 2 헤르모드 [TIMED] [words]=11시간 24분 ; segments=0 | 1 | 1 | 시간 | 24분 | 남음 -> spaced='0 1 1 시간 24분 남음' ; prefix_noise='0 1 1 시간 24분' -> '11시간 24분' (drop_leading_zero, merge_split_hour_digits_explicit, repair_noisy_hour_minute) / direct_parse='11시간 24분' => 13:25 헤르모드 / 현재=02:01:48 / 남은시간=11시간 24분 / 계산=13:25 / warnings=-
  slot 3 브륀힐드 [TIMED] [words_compact]=8시간 40분 ; segments=0 | 8시간 | 40분 | 남음 -> compact='08시간40분남음' ; prefix_noise='8시간40분' -> '8시간 40분' (repair_noisy_hour_minute) / direct_parse='8시간 40분' => 10:41 브륀힐드 / 현재=02:01:48 / 남은시간=8시간 40분 / 계산=10:41 / warnings=-
  slot 4 수드리 [TIMED] [words_compact]=10시간 7분 ; segments=0 | 10시간 | 7분 | 남음 -> compact='010시간7분남음' ; prefix_noise='10시간7분' -> '10시간 7분' (repair_noisy_hour_minute) / direct_parse='10시간 7분' => 12:08 수드리 / 현재=02:01:48 / 남은시간=10시간 7분 / 계산=12:08 / warnings=-
  slot 5 비요른 [TIMED] [words]=10시간 51분 ; segments=0 | 10시간 | 51 | 분 | 남음 -> spaced='0 10시간 51 분 남음' ; prefix_noise='10시간 51 분' -> '10시간 51분' (repair_noisy_hour_minute) / direct_parse='10시간 51분' => 12:52 비요른 / 현재=02:01:48 / 남은시간=10시간 51분 / 계산=12:52 / warnings=-
  slot 6 스칼라니르 [TIMED] [words]=11시간 9분 ; segments=0 | 1 | 1 | 시간 | 9曰 | = | 남음 -> spaced='0 1 1 시간 9曰 = 남음' ; prefix_noise='0 1 1 시간 9曰 =' -> '11시간 9분' (repair_minute_glyph, drop_leading_zero, repair_noisy_split_hour_minute, repair_noisy_hour_minute) / direct_parse='11시간 9분' => 13:10 스칼라니르 / 현재=02:01:48 / 남은시간=11시간 9분 / 계산=13:10 / warnings=-
  slot 7 라타토스크 [TIMED] [words_compact]=8시간 39분 ; segments=0 | 8시간 | 39분 | 남음 -> compact='08시간39분남음' ; prefix_noise='8시간39분' -> '8시간 39분' (repair_noisy_hour_minute) / direct_parse='8시간 39분' => 10:40 라타토스크 / 현재=02:01:48 / 남은시간=8시간 39분 / 계산=10:40 / warnings=-
  slot 8 토르 [TIMED] [words_compact]=1일 16시간 ; segments=0 | 1일 | 16시간 | 남음 -> compact='01일16시간남음' ; unit_inferred=1일 16시간 / direct_parse='1일 16시간' => 토르 1일 16시간 / 현재=02:01:48 / 남은시간=1일 16시간 / 계산=18:01 / warnings=-
[이미지 3] area=던전 base=02:01:50
  ocr2 fixed=1600x900 window=176,190,1410,709 area=던전 best=던전 final=던전 reason=fixed_full_name_2plus highlight=- fixed_tab=- def=640 def_boss=7 slot_match=5 slot_strong=3 slot_full=5 base=02:01:50 diag=ok=1 err=- img=1136076 src=1600x900 ocr=1600x900 lines=31 words=64 text=246
  slot 1 최하층굴베 [TIMED] [words_compact]=6시간 28분 ; segments=0 | 6시간 | 28분 | 남음 -> compact='06시간28분남음' ; prefix_noise='6시간28분' -> '6시간 28분' (repair_noisy_hour_minute) / direct_parse='6시간 28분' => 08:29 최하층굴베 / 현재=02:01:50 / 남은시간=6시간 28분 / 계산=08:29 / warnings=-
  slot 2 최하층스네르 [TIMED] [words_compact]=2일 9시간 ; segments=0 | 2일 | 9시간 | 남음 -> compact='02일9시간남음' ; unit_inferred=2일 9시간 / direct_parse='2일 9시간' => 최하층스네르 2일 9시간 / 현재=02:01:50 / 남은시간=2일 9시간 / 계산=11:01 / warnings=-
  slot 3 7층 [TIMED] [words_compact]=17시간 2분 ; segments=0 | 17시간 | 2분 | 남음 -> compact='017시간2분남음' ; prefix_noise='17시간2분' -> '17시간 2분' (repair_noisy_hour_minute) / direct_parse='17시간 2분' => 19:03 7층 / 현재=02:01:50 / 남은시간=17시간 2분 / 계산=19:03 / warnings=-
  slot 4 최하층강글 [TIMED] [words_compact]=4시간 55분 ; segments=0 | 4시간 | 55분 | 남음 -> compact='04시간55분남음' ; prefix_noise='4시간55분' -> '4시간 55분' (repair_noisy_hour_minute) / direct_parse='4시간 55분' => 06:56 최하층강글 / 현재=02:01:50 / 남은시간=4시간 55분 / 계산=06:56 / warnings=-
  slot 5 4층 [TIMED] [words_compact]=6분 32초 ; segments=0 | 6분 | 32초 | 남음 -> compact='06분32초남음' ; unit_inferred=6분 32초 / direct_parse='6분 32초' => 02:08:22 4층 / 현재=02:01:50 / 남은시간=6분 32초 / 계산=02:08:22 / warnings=-
  slot 6 10층 [TIMED] [words_compact]=4시간 10분 ; segments=0 | 4시간 | 10분 | 남음 -> compact='04시간10분남음' ; prefix_noise='4시간10분' -> '4시간 10분' (repair_noisy_hour_minute) / direct_parse='4시간 10분' => 06:11 10층 / 현재=02:01:50 / 남은시간=4시간 10분 / 계산=06:11 / warnings=-

[2026-05-08 02:02:42] mode=ocr
[이미지 1] area=요툰하임 base=02:01:47
  ocr window=0,164,1600,730 area=요툰하임 best=요툰하임 reason=fixed_full_name_2plus highlight=- top=0 def=337 def_terms=4 def_boss=4 slot_exact=6 slot_boss=6 slot_match=3 slot_strong=3 slot_full=3 exact_boss=8 boss=10 grid=8 empty=0 base=02:01:47 diag=ok=1 err=- img=1321046 src=1600x900 ocr=1600x900 lines=29 words=63 text=197
  slot 1 파르바 [TIMED] [words]=9시간 27분 ; segments=0 | 9시간 | 27 | = | - | 남음 -> spaced='0 9시간 27 = - 남음' ; prefix_noise='9시간 27 = -' -> '9시간 27분' (repair_noisy_hour_minute) / direct_parse='9시간 27분' => 11:28 파르바 / 현재=02:01:47 / 남은시간=9시간 27분 / 계산=11:28 / warnings=-
  slot 2 흐니르 [TIMED] [words_compact]=8시간 40분 ; segments=0 | 8시간 | 40분 | 남음 -> compact='08시간40분남음' ; prefix_noise='8시간40분' -> '8시간 40분' (repair_noisy_hour_minute) / direct_parse='8시간 40분' => 10:41 흐니르 / 현재=02:01:47 / 남은시간=8시간 40분 / 계산=10:41 / warnings=-
  slot 3 바우티 [TIMED] [card_words_group_merge]=7시간 59분 ; card_segments=7 | 시간 | 59 | = | - | 남음 | 0 -> merged_spaced='7 시간 59 = - 남음 0' ; prefix_noise='7 시간 59 = - 0' -> '7시간 59분' (repair_noisy_hour_minute) / direct_parse='7시간 59분' => 10:00 바우티 / 현재=02:01:47 / 남은시간=7시간 59분 / 계산=10:00 / warnings=-
  slot 4 야른 [TIMED] [words_compact]=9시간 26분 ; segments=9시간 | 26 | 분 | 남음 -> compact='9시간26분남음' ; prefix_noise='9시간26분' -> '9시간 26분' (repair_noisy_hour_minute) / direct_parse='9시간 26분' => 11:27 야른 / 현재=02:01:47 / 남은시간=9시간 26분 / 계산=11:27 / warnings=-
  slot 5 셀로비아 [TIMED] [words_split_digits]=7시간 59분 ; segments=0 | 7 | 시간 | 59 | = | 남음 -> merged_digits='07 시간 59 = 남음' ; prefix_noise='7시간 59 =' -> '7시간 59분' (repair_noisy_hour_minute) / direct_parse='7시간 59분' => 10:00 셀로비아 / 현재=02:01:47 / 남은시간=7시간 59분 / 계산=10:00 / warnings=-
  slot 6 페티 [TIMED] [words]=11시간 4분 ; segments=0 | 1 | 1 | 시간 | 4분 | 남음 -> spaced='0 1 1 시간 4분 남음' ; prefix_noise='0 1 1 시간 4분' -> '11시간 4분' (drop_leading_zero, merge_split_hour_digits_explicit, repair_noisy_hour_minute) / direct_parse='11시간 4분' => 13:05 페티 / 현재=02:01:47 / 남은시간=11시간 4분 / 계산=13:05 / warnings=-
  slot 7 니드호그 [TIMED] [card_words_group_merge]=9시간 9분 ; card_segments=0 | 9시간 | 9분 | 남음 | 0 -> merged_spaced='0 9시간 9분 남음 0' ; prefix_noise='9시간 9분 0' -> '9시간 9분' (repair_noisy_hour_minute) / direct_parse='9시간 9분' => 11:10 니드호그 / 현재=02:01:47 / 남은시간=9시간 9분 / 계산=11:10 / warnings=-
  slot 8 티르 [TIMED] [words_compact]=14시간 1분 ; segments=14시간 | 1 | 분 | 남음 -> compact='14시간1분남음' ; prefix_noise='14시간1분' -> '14시간 1분' (repair_noisy_hour_minute) / direct_parse='14시간 1분' => 16:02 티르 / 현재=02:01:47 / 남은시간=14시간 1분 / 계산=16:02 / warnings=-
[이미지 2] area=니다벨리르 base=02:01:48
  ocr window=0,167,1600,730 area=니다벨리르 best=니다벨리르 reason=fixed_full_name_2plus highlight=- top=0 def=206 def_terms=2 def_boss=2 slot_exact=2 slot_boss=3 slot_match=2 slot_strong=2 slot_full=2 exact_boss=8 boss=8 grid=8 empty=0 base=02:01:48 diag=ok=1 err=- img=1313447 src=1600x900 ocr=1600x900 lines=21 words=52 text=162
  current_time_retry#1 fixed_1600_current_box rect=178,246,420,316 scale=3.0 lines=2 words=3 hit=02:01:48
  slot 1 라이노르 [TIMED] [words_compact]=9시간 1분 ; segments=0 | 9시간 | 1분 | 남음 -> compact='09시간1분남음' ; prefix_noise='9시간1분' -> '9시간 1분' (repair_noisy_hour_minute) / direct_parse='9시간 1분' => 11:02 라이노르 / 현재=02:01:48 / 남은시간=9시간 1분 / 계산=11:02 / warnings=-
  slot 2 헤르모드 [TIMED] [words]=11시간 24분 ; segments=0 | 1 | 1 | 시간 | 24분 | 남음 -> spaced='0 1 1 시간 24분 남음' ; prefix_noise='0 1 1 시간 24분' -> '11시간 24분' (drop_leading_zero, merge_split_hour_digits_explicit, repair_noisy_hour_minute) / direct_parse='11시간 24분' => 13:25 헤르모드 / 현재=02:01:48 / 남은시간=11시간 24분 / 계산=13:25 / warnings=-
  slot 3 브륀힐드 [TIMED] [card_words_group_merge_compact]=8시간 40분 ; card_segments=8시간 | 40분 | 남음 | 0 -> merged_compact='8시간40분남음0' ; prefix_noise='8시간40분0' -> '8시간 40분' (repair_noisy_hour_minute) / direct_parse='8시간 40분' => 10:41 브륀힐드 / 현재=02:01:48 / 남은시간=8시간 40분 / 계산=10:41 / warnings=-
  slot 4 수드리 [TIMED] [words_compact]=10시간 7분 ; segments=10시간 | 7분 | 남음 -> compact='10시간7분남음' ; prefix_noise='10시간7분' -> '10시간 7분' (repair_noisy_hour_minute) / direct_parse='10시간 7분' => 12:08 수드리 / 현재=02:01:48 / 남은시간=10시간 7분 / 계산=12:08 / warnings=-
  slot 5 비요른 [TIMED] [words]=10시간 51분 ; segments=0 | 10시간 | 51 | 분 | 남음 -> spaced='0 10시간 51 분 남음' ; prefix_noise='10시간 51 분' -> '10시간 51분' (repair_noisy_hour_minute) / direct_parse='10시간 51분' => 12:52 비요른 / 현재=02:01:48 / 남은시간=10시간 51분 / 계산=12:52 / warnings=-
  slot 6 스칼라니르 [TIMED] [words]=11시간 9분 ; segments=0 | 1 | 1 | 시간 | 9曰 | = | 남음 -> spaced='0 1 1 시간 9曰 = 남음' ; prefix_noise='0 1 1 시간 9曰 =' -> '11시간 9분' (repair_minute_glyph, drop_leading_zero, repair_noisy_split_hour_minute, repair_noisy_hour_minute) / direct_parse='11시간 9분' => 13:10 스칼라니르 / 현재=02:01:48 / 남은시간=11시간 9분 / 계산=13:10 / warnings=-
  slot 7 라타토스크 [TIMED] [card_words_group_merge_compact]=8시간 39분 ; card_segments=8시간 | 39분 | 남음 | 0 -> merged_compact='8시간39분남음0' ; prefix_noise='8시간39분0' -> '8시간 39분' (repair_noisy_hour_minute) / direct_parse='8시간 39분' => 10:40 라타토스크 / 현재=02:01:48 / 남은시간=8시간 39분 / 계산=10:40 / warnings=-
  slot 8 토르 [TIMED] [words_compact]=1일 16시간 ; segments=1일 | 16시간 | 남음 -> compact='1일16시간남음' ; unit_inferred=1일 16시간 / direct_parse='1일 16시간' => 토르 1일 16시간 / 현재=02:01:48 / 남은시간=1일 16시간 / 계산=18:01 / warnings=-
[이미지 3] area=던전 base=02:01:50
  ocr window=0,146,1600,812 area=던전 best=던전 reason=fixed_full_name_2plus highlight=- top=0 def=640 def_terms=5 def_boss=7 slot_exact=10 slot_boss=11 slot_match=6 slot_strong=3 slot_full=5 exact_boss=2 boss=2 grid=6 empty=0 base=02:01:50 diag=ok=1 err=- img=1136076 src=1600x900 ocr=1600x900 lines=31 words=64 text=246
  slot 1 최하층굴베 [TIMED] [card_line]=6시간 28분 ; card_line='0 6시간 28분 남음' ; direct_parse='6시간 28분' => 08:29 최하층굴베 / 현재=02:01:50 / 남은시간=6시간 28분 / 계산=08:29 / warnings=-
  slot 2 최하층스네르 [TIMED] [card_line]=2일 9시간 ; card_line='0 2일 9시간 남음' ; direct_parse='2일 9시간' => 최하층스네르 2일 9시간 / 현재=02:01:50 / 남은시간=2일 9시간 / 계산=11:01 / warnings=-
  slot 3 7층 [TIMED] [card_words]=17시간 2분 ; card_segments=17시간 | 2분 | 남음 -> spaced='17시간 2분 남음' ; direct_parse='17시간 2분' => 19:03 7층 / 현재=02:01:50 / 남은시간=17시간 2분 / 계산=19:03 / warnings=-
  slot 4 최하층강글 [TIMED] [card_line]=4시간 55분 ; card_line='0 4시간 55분 남음' ; direct_parse='4시간 55분' => 06:56 최하층강글 / 현재=02:01:50 / 남은시간=4시간 55분 / 계산=06:56 / warnings=-
  slot 5 4층 [TIMED] [card_line]=6분 32초 ; card_line='0 6분 32초 남음' ; direct_parse='6분 32초' => 02:08:22 4층 / 현재=02:01:50 / 남은시간=6분 32초 / 계산=02:08:22 / warnings=-
  slot 6 10층 [TIMED] [card_words]=4시간 10분 ; card_segments=4시간 | 10분 | 남음 -> spaced='4시간 10분 남음' ; direct_parse='4시간 10분' => 06:11 10층 / 현재=02:01:50 / 남은시간=4시간 10분 / 계산=06:11 / warnings=-

[2026-05-09 02:34:27] mode=ocr2
[이미지 1] area=요툰하임 base=02:34:21
  ocr2 fixed=1600x900 window=176,190,1410,709 area=요툰하임 best=요툰하임 final=요툰하임 reason=fixed_full_name_2plus highlight=- fixed_tab=- def=337 def_boss=4 slot_match=3 slot_strong=3 slot_full=3 base=02:34:21 diag=ok=1 err=- img=1514532 src=1600x900 ocr=1600x900 lines=33 words=67 text=218
  slot 1 파르바 [TIMED] [words_split_digits]=8시간 55분 ; segments=0 | 8 | 시간 | 55 | 분 | 남음 -> merged_digits='08 시간 55 분 남음' ; prefix_noise='8시간 55 분' -> '8시간 55분' (repair_noisy_hour_minute) / direct_parse='8시간 55분' => 11:29 파르바 / 현재=02:34:21 / 남은시간=8시간 55분 / 계산=11:29 / warnings=-
  slot 2 흐니르 [TIMED] [words_compact]=8시간 7분 ; segments=0 | 8시간 | 7분 | 남음 -> compact='08시간7분남음' ; prefix_noise='8시간7분' -> '8시간 7분' (repair_noisy_hour_minute) / direct_parse='8시간 7분' => 10:41 흐니르 / 현재=02:34:21 / 남은시간=8시간 7분 / 계산=10:41 / warnings=-
  slot 3 바우티 [TIMED] [words_split_digits]=7시간 27분 ; segments=0 | 7 | 시간 | 27 | = | - | 남음 -> merged_digits='07 시간 27 = - 남음' ; prefix_noise='7시간 27 = -' -> '7시간 27분' (repair_noisy_hour_minute) / direct_parse='7시간 27분' => 10:01 바우티 / 현재=02:34:21 / 남은시간=7시간 27분 / 계산=10:01 / warnings=-
  slot 4 야른 [TIMED] [words_compact]=8시간 53분 ; segments=0 | 8시간 | 53분 | 남음 -> compact='08시간53분남음' ; prefix_noise='8시간53분' -> '8시간 53분' (repair_noisy_hour_minute) / direct_parse='8시간 53분' => 11:27 야른 / 현재=02:34:21 / 남은시간=8시간 53분 / 계산=11:27 / warnings=-
  slot 5 셀로비아 [TIMED] [words_split_digits]=7시간 27분 ; segments=0 | 7 | 시간 | 27 | = | “ | 남음 -> merged_digits='07 시간 27 = “ 남음' ; prefix_noise='7시간 27 = “' -> '7시간 27분' (repair_noisy_hour_minute) / direct_parse='7시간 27분' => 10:01 셀로비아 / 현재=02:34:21 / 남은시간=7시간 27분 / 계산=10:01 / warnings=-
  slot 6 페티 [TIMED] [words]=10시간 32분 ; segments=0 | 10시간 | 32 | = | “ | 남음 -> spaced='0 10시간 32 = “ 남음' ; prefix_noise='10시간 32 = “' -> '10시간 32분' (repair_noisy_hour_minute) / direct_parse='10시간 32분' => 13:06 페티 / 현재=02:34:21 / 남은시간=10시간 32분 / 계산=13:06 / warnings=-
  slot 7 니드호그 [TIMED] [words_split_digits]=8시간 36분 ; segments=0 | 8 | 시간 | 36 | 분 | 남음 -> merged_digits='08 시간 36 분 남음' ; prefix_noise='8시간 36 분' -> '8시간 36분' (repair_noisy_hour_minute) / direct_parse='8시간 36분' => 11:10 니드호그 / 현재=02:34:21 / 남은시간=8시간 36분 / 계산=11:10 / warnings=-
  slot 8 티르 [TIMED] [words_compact]=2일 13시간 ; segments=0 | 2일 | 13시간 | 남음 -> compact='02일13시간남음' ; unit_inferred=2일 13시간 / direct_parse='2일 13시간' => 티르 2일 13시간 / 현재=02:34:21 / 남은시간=2일 13시간 / 계산=15:34 / warnings=-
[이미지 2] area=니다벨리르 base=02:34:23
  ocr2 fixed=1600x900 window=176,190,1410,709 area=니다벨리르 best=니다벨리르 final=니다벨리르 reason=fixed_full_name_2plus highlight=- fixed_tab=- def=337 def_boss=4 slot_match=4 slot_strong=4 slot_full=4 base=02:34:23 diag=ok=1 err=- img=1535639 src=1600x900 ocr=1600x900 lines=35 words=68 text=232
  slot 1 라이노르 [TIMED] [words_split_digits]=8시간 29분 ; segments=0 | 8 | 시간 | 29 | = | - | 남음 -> merged_digits='08 시간 29 = - 남음' ; prefix_noise='8시간 29 = -' -> '8시간 29분' (repair_noisy_hour_minute) / direct_parse='8시간 29분' => 11:03 라이노르 / 현재=02:34:23 / 남은시간=8시간 29분 / 계산=11:03 / warnings=-
  slot 2 헤르모드 [TIMED] [words]=10시간 51분 ; segments=0 | 10시간 | 51 | 분 | 남음 -> spaced='0 10시간 51 분 남음' ; prefix_noise='10시간 51 분' -> '10시간 51분' (repair_noisy_hour_minute) / direct_parse='10시간 51분' => 13:25 헤르모드 / 현재=02:34:23 / 남은시간=10시간 51분 / 계산=13:25 / warnings=-
  slot 3 브륀힐드 [TIMED] [words_compact]=8시간 8분 ; segments=0 | 8시간 | 8분 | 남음 -> compact='08시간8분남음' ; prefix_noise='8시간8분' -> '8시간 8분' (repair_noisy_hour_minute) / direct_parse='8시간 8분' => 10:42 브륀힐드 / 현재=02:34:23 / 남은시간=8시간 8분 / 계산=10:42 / warnings=-
  slot 4 수드리 [TIMED] [words_compact]=9시간 34분 ; segments=0 | 9시간 | 34분 | 남음 -> compact='09시간34분남음' ; prefix_noise='9시간34분' -> '9시간 34분' (repair_noisy_hour_minute) / direct_parse='9시간 34분' => 12:08 수드리 / 현재=02:34:23 / 남은시간=9시간 34분 / 계산=12:08 / warnings=-
  slot 5 비요른 [TIMED] [words]=10시간 18분 ; segments=0 | 10시간 | 18 | = | “ | 남음 -> spaced='0 10시간 18 = “ 남음' ; prefix_noise='10시간 18 = “' -> '10시간 18분' (repair_noisy_hour_minute) / direct_parse='10시간 18분' => 12:52 비요른 / 현재=02:34:23 / 남은시간=10시간 18분 / 계산=12:52 / warnings=-
  slot 6 스칼라니르 [TIMED] [words]=10시간 37분 ; segments=0 | 10시간 | 37 | = | - | 남음 -> spaced='0 10시간 37 = - 남음' ; prefix_noise='10시간 37 = -' -> '10시간 37분' (repair_noisy_hour_minute) / direct_parse='10시간 37분' => 13:11 스칼라니르 / 현재=02:34:23 / 남은시간=10시간 37분 / 계산=13:11 / warnings=-
  slot 7 라타토스크 [TIMED] [words_compact]=8시간 7분 ; segments=0 | 8시간 | 7분 | 남음 -> compact='08시간7분남음' ; prefix_noise='8시간7분' -> '8시간 7분' (repair_noisy_hour_minute) / direct_parse='8시간 7분' => 10:41 라타토스크 / 현재=02:34:23 / 남은시간=8시간 7분 / 계산=10:41 / warnings=-
  slot 8 토르 [TIMED] [words]=16시간 11분 ; segments=0 | 16시간 | 1 | 1 | 분 | 남음 -> spaced='0 16시간 1 1 분 남음' ; prefix_noise='16시간 1 1 분' -> '16시간 11분' (merge_split_minute_digits_after_hour, repair_noisy_hour_minute) / direct_parse='16시간 11분' => 18:45 토르 / 현재=02:34:23 / 남은시간=16시간 11분 / 계산=18:45 / warnings=-
[이미지 3] area=알브하임 base=02:34:24
  ocr2 fixed=1600x900 window=176,190,1410,709 area=알브하임 best=알브하임 final=알브하임 reason=fixed_full_name_2plus highlight=- fixed_tab=- def=440 def_boss=5 slot_match=5 slot_strong=5 slot_full=5 base=02:34:24 diag=ok=1 err=- img=1333190 src=1600x900 ocr=1600x900 lines=35 words=65 text=216
  slot 1 스바르트 [TIMED] [words_split_digits]=7시간 27분 ; segments=0 | 7 | 시간 | 27 | = | - | 남음 -> merged_digits='07 시간 27 = - 남음' ; prefix_noise='7시간 27 = -' -> '7시간 27분' (repair_noisy_hour_minute) / direct_parse='7시간 27분' => 10:01 스바르트 / 현재=02:34:24 / 남은시간=7시간 27분 / 계산=10:01 / warnings=-
  slot 2 모네가름 [TIMED] [words]=16시간 48분 ; segments=0 | 16 | 시간 | 48 | = | - | 남음 -> spaced='0 16 시간 48 = - 남음' ; prefix_noise='16 시간 48 = -' -> '16시간 48분' (repair_noisy_hour_minute) / direct_parse='16시간 48분' => 19:22 모네가름 / 현재=02:34:24 / 남은시간=16시간 48분 / 계산=19:22 / warnings=-
  slot 3 굴베이그 [TIMED] [words]=17시간 28분 ; segments=0 | 17시간 | 28 | = | - | 남음 -> spaced='0 17시간 28 = - 남음' ; prefix_noise='17시간 28 = -' -> '17시간 28분' (repair_noisy_hour_minute) / direct_parse='17시간 28분' => 20:02 굴베이그 / 현재=02:34:24 / 남은시간=17시간 28분 / 계산=20:02 / warnings=-
  slot 4 두라스로르 [TIMED] [words]=10시간 6분 ; segments=0 | 10시간 | 6 | 분 | 남음 -> spaced='0 10시간 6 분 남음' ; prefix_noise='10시간 6 분' -> '10시간 6분' (repair_noisy_hour_minute) / direct_parse='10시간 6분' => 12:40 두라스로르 / 현재=02:34:24 / 남은시간=10시간 6분 / 계산=12:40 / warnings=-
  slot 5 드라우그 [TIMED] [words_split_digits]=7시간 27분 ; segments=0 | 7 | 시간 | 27 | = | - | 남음 -> merged_digits='07 시간 27 = - 남음' ; prefix_noise='7시간 27 = -' -> '7시간 27분' (repair_noisy_hour_minute) / direct_parse='7시간 27분' => 10:01 드라우그 / 현재=02:34:24 / 남은시간=7시간 27분 / 계산=10:01 / warnings=-
  slot 6 오딘 [TIMED] [words_split_digits]=7시간 56분 ; segments=0 | 7 | 시간 | 56 | 분 | 남음 -> merged_digits='07 시간 56 분 남음' ; prefix_noise='7시간 56 분' -> '7시간 56분' (repair_noisy_hour_minute) / direct_parse='7시간 56분' => 10:30 오딘 / 현재=02:34:24 / 남은시간=7시간 56분 / 계산=10:30 / warnings=-

[2026-05-09 02:36:25] mode=ocr2
[이미지 1] area=요툰하임 base=02:36:17
  ocr2 fixed=1600x900 window=176,190,1410,709 area=요툰하임 best=요툰하임 final=요툰하임 reason=fixed_full_name_2plus highlight=- fixed_tab=- def=337 def_boss=4 slot_match=3 slot_strong=3 slot_full=3 base=02:36:17 diag=ok=1 err=- img=1488223 src=1600x900 ocr=1600x900 lines=32 words=63 text=212
  slot 1 파르바 [TIMED] [words_split_digits]=8시간 53분 ; segments=0 | 8 | 시간 | 53 | 분 | 남음 -> merged_digits='08 시간 53 분 남음' ; prefix_noise='8시간 53 분' -> '8시간 53분' (repair_noisy_hour_minute) / direct_parse='8시간 53분' => 11:29 파르바 / 현재=02:36:17 / 남은시간=8시간 53분 / 계산=11:29 / warnings=-
  slot 2 흐니르 [TIMED] [words_compact]=8시간 5분 ; segments=0 | 8시간 | 5분 | 남음 -> compact='08시간5분남음' ; prefix_noise='8시간5분' -> '8시간 5분' (repair_noisy_hour_minute) / direct_parse='8시간 5분' => 10:41 흐니르 / 현재=02:36:17 / 남은시간=8시간 5분 / 계산=10:41 / warnings=-
  slot 3 바우티 [TIMED] [words_split_digits]=7시간 25분 ; segments=0 | 7 | 시간 | 25 | 분 | 남음 -> merged_digits='07 시간 25 분 남음' ; prefix_noise='7시간 25 분' -> '7시간 25분' (repair_noisy_hour_minute) / direct_parse='7시간 25분' => 10:01 바우티 / 현재=02:36:17 / 남은시간=7시간 25분 / 계산=10:01 / warnings=-
  slot 4 야른 [TIMED] [words_compact]=8시간 52분 ; segments=0 | 8시간 | 52분 | 남음 -> compact='08시간52분남음' ; prefix_noise='8시간52분' -> '8시간 52분' (repair_noisy_hour_minute) / direct_parse='8시간 52분' => 11:28 야른 / 현재=02:36:17 / 남은시간=8시간 52분 / 계산=11:28 / warnings=-
  slot 5 셀로비아 [TIMED] [words_split_digits]=7시간 25분 ; segments=0 | 7 | 시간 | 25 | 분 | 남음 -> merged_digits='07 시간 25 분 남음' ; prefix_noise='7시간 25 분' -> '7시간 25분' (repair_noisy_hour_minute) / direct_parse='7시간 25분' => 10:01 셀로비아 / 현재=02:36:17 / 남은시간=7시간 25분 / 계산=10:01 / warnings=-
  slot 6 페티 [TIMED] [words]=10시간 30분 ; segments=0 | 10시간 | 30 | = | “ | 남음 -> spaced='0 10시간 30 = “ 남음' ; prefix_noise='10시간 30 = “' -> '10시간 30분' (repair_noisy_hour_minute) / direct_parse='10시간 30분' => 13:06 페티 / 현재=02:36:17 / 남은시간=10시간 30분 / 계산=13:06 / warnings=-
  slot 7 니드호그 [TIMED] [words_compact]=8시간 34분 ; segments=0 | 8시간 | 34분 | 남음 -> compact='08시간34분남음' ; prefix_noise='8시간34분' -> '8시간 34분' (repair_noisy_hour_minute) / direct_parse='8시간 34분' => 11:10 니드호그 / 현재=02:36:17 / 남은시간=8시간 34분 / 계산=11:10 / warnings=-
  slot 8 티르 [TIMED] [words_compact]=2일 13시간 ; segments=0 | 2일 | 13시간 | 남음 -> compact='02일13시간남음' ; unit_inferred=2일 13시간 / direct_parse='2일 13시간' => 티르 2일 13시간 / 현재=02:36:17 / 남은시간=2일 13시간 / 계산=15:36 / warnings=-
[이미지 2] area=니다벨리르 base=02:36:18
  ocr2 fixed=1600x900 window=176,190,1410,709 area=니다벨리르 best=니다벨리르 final=니다벨리르 reason=fixed_full_name_2plus highlight=- fixed_tab=- def=337 def_boss=4 slot_match=4 slot_strong=4 slot_full=4 base=02:36:18 diag=ok=1 err=- img=1461299 src=1600x900 ocr=1600x900 lines=36 words=69 text=233
  slot 1 라이노르 [TIMED] [words_split_digits]=8시간 27분 ; segments=0 | 8 | 시간 | 27 | = | - | 남음 -> merged_digits='08 시간 27 = - 남음' ; prefix_noise='8시간 27 = -' -> '8시간 27분' (repair_noisy_hour_minute) / direct_parse='8시간 27분' => 11:03 라이노르 / 현재=02:36:18 / 남은시간=8시간 27분 / 계산=11:03 / warnings=-
  slot 2 헤르모드 [TIMED] [words]=10시간 49분 ; segments=0 | 10시간 | 49 | = | - | 남음 -> spaced='0 10시간 49 = - 남음' ; prefix_noise='10시간 49 = -' -> '10시간 49분' (repair_noisy_hour_minute) / direct_parse='10시간 49분' => 13:25 헤르모드 / 현재=02:36:18 / 남은시간=10시간 49분 / 계산=13:25 / warnings=-
  slot 3 브륀힐드 [TIMED] [words_compact]=8시간 6분 ; segments=0 | 8시간 | 6분 | 남음 -> compact='08시간6분남음' ; prefix_noise='8시간6분' -> '8시간 6분' (repair_noisy_hour_minute) / direct_parse='8시간 6분' => 10:42 브륀힐드 / 현재=02:36:18 / 남은시간=8시간 6분 / 계산=10:42 / warnings=-
  slot 4 수드리 [TIMED] [words]=9시간 32분 ; segments=0 | 9시간 | 32 | = | 남음 -> spaced='0 9시간 32 = 남음' ; prefix_noise='9시간 32 =' -> '9시간 32분' (repair_noisy_hour_minute) / direct_parse='9시간 32분' => 12:08 수드리 / 현재=02:36:18 / 남은시간=9시간 32분 / 계산=12:08 / warnings=-
  slot 5 비요른 [TIMED] [words]=10시간 16분 ; segments=0 | 10시간 | 16 | 분 | 남음 -> spaced='0 10시간 16 분 남음' ; prefix_noise='10시간 16 분' -> '10시간 16분' (repair_noisy_hour_minute) / direct_parse='10시간 16분' => 12:52 비요른 / 현재=02:36:18 / 남은시간=10시간 16분 / 계산=12:52 / warnings=-
  slot 6 스칼라니르 [TIMED] [words]=10시간 35분 ; segments=0 | 10시간 | 35 | 분 | 남음 -> spaced='0 10시간 35 분 남음' ; prefix_noise='10시간 35 분' -> '10시간 35분' (repair_noisy_hour_minute) / direct_parse='10시간 35분' => 13:11 스칼라니르 / 현재=02:36:18 / 남은시간=10시간 35분 / 계산=13:11 / warnings=-
  slot 7 라타토스크 [TIMED] [words_compact]=8시간 5분 ; segments=0 | 8시간 | 5분 | 남음 -> compact='08시간5분남음' ; prefix_noise='8시간5분' -> '8시간 5분' (repair_noisy_hour_minute) / direct_parse='8시간 5분' => 10:41 라타토스크 / 현재=02:36:18 / 남은시간=8시간 5분 / 계산=10:41 / warnings=-
  slot 8 토르 [TIMED] [words]=16시간 9분 ; segments=0 | 16 | 시간 | 9 | = | “ | 남음 -> spaced='0 16 시간 9 = “ 남음' ; prefix_noise='16 시간 9 = “' -> '16시간 9분' (repair_noisy_hour_minute) / direct_parse='16시간 9분' => 18:45 토르 / 현재=02:36:18 / 남은시간=16시간 9분 / 계산=18:45 / warnings=-
[이미지 3] area=알브하임 base=02:36:20
  ocr2 fixed=1600x900 window=176,190,1410,709 area=알브하임 best=알브하임 final=알브하임 reason=fixed_full_name_2plus highlight=- fixed_tab=- def=440 def_boss=5 slot_match=5 slot_strong=5 slot_full=5 base=02:36:20 diag=ok=1 err=- img=1320404 src=1600x900 ocr=1600x900 lines=32 words=56 text=203
  slot 1 스바르트 [TIMED] [words_split_digits]=7시간 25분 ; segments=0 | 7 | 시간 | 25 | 분 | 남음 -> merged_digits='07 시간 25 분 남음' ; prefix_noise='7시간 25 분' -> '7시간 25분' (repair_noisy_hour_minute) / direct_parse='7시간 25분' => 10:01 스바르트 / 현재=02:36:20 / 남은시간=7시간 25분 / 계산=10:01 / warnings=-
  slot 2 모네가름 [TIMED] [words_compact]=16시간 46분 ; segments=0 | 16시간 | 46분 | 남음 -> compact='016시간46분남음' ; prefix_noise='16시간46분' -> '16시간 46분' (repair_noisy_hour_minute) / direct_parse='16시간 46분' => 19:22 모네가름 / 현재=02:36:20 / 남은시간=16시간 46분 / 계산=19:22 / warnings=-
  slot 3 굴베이그 [TIMED] [words]=17시간 26분 ; segments=0 | 17시간 | 26 | 분 | 남음 -> spaced='0 17시간 26 분 남음' ; prefix_noise='17시간 26 분' -> '17시간 26분' (repair_noisy_hour_minute) / direct_parse='17시간 26분' => 20:02 굴베이그 / 현재=02:36:20 / 남은시간=17시간 26분 / 계산=20:02 / warnings=-
  slot 4 두라스로르 [TIMED] [words_compact]=10시간 4분 ; segments=0 | 10시간 | 4분 | 남음 -> compact='010시간4분남음' ; prefix_noise='10시간4분' -> '10시간 4분' (repair_noisy_hour_minute) / direct_parse='10시간 4분' => 12:40 두라스로르 / 현재=02:36:20 / 남은시간=10시간 4분 / 계산=12:40 / warnings=-
  slot 5 드라우그 [TIMED] [words_split_digits]=7시간 25분 ; segments=0 | 7 | 시간 | 25 | 분 | 남음 -> merged_digits='07 시간 25 분 남음' ; prefix_noise='7시간 25 분' -> '7시간 25분' (repair_noisy_hour_minute) / direct_parse='7시간 25분' => 10:01 드라우그 / 현재=02:36:20 / 남은시간=7시간 25분 / 계산=10:01 / warnings=-
  slot 6 오딘 [TIMED] [words_compact]=7시간 54분 ; segments=0 | 7시간 | 54분 | 남음 -> compact='07시간54분남음' ; prefix_noise='7시간54분' -> '7시간 54분' (repair_noisy_hour_minute) / direct_parse='7시간 54분' => 10:30 오딘 / 현재=02:36:20 / 남은시간=7시간 54분 / 계산=10:30 / warnings=-
[이미지 4] area=무스펠하임 base=02:36:23
  ocr2 fixed=1600x900 window=176,190,1410,709 area=무스펠하임 best=무스펠하임 final=무스펠하임 reason=fixed_full_name_2plus highlight=- fixed_tab=- def=440 def_boss=5 slot_match=5 slot_strong=5 slot_full=5 base=02:36:23 diag=ok=1 err=- img=1404812 src=1600x900 ocr=1600x900 lines=37 words=70 text=253
  slot 1 메기르 [TIMED] [words]=9시간 12분 ; segments=0 | 9시간 | 1 | 2 | = | - | 남음 -> spaced='0 9시간 1 2 = - 남음' ; prefix_noise='9시간 1 2 = -' -> '9시간 12분' (repair_split_minute_digits_after_hour, repair_noisy_hour_minute) / direct_parse='9시간 12분' => 11:48 메기르 / 현재=02:36:23 / 남은시간=9시간 12분 / 계산=11:48 / warnings=-
  slot 2 헤르가름 [TIMED] [words_compact]=9시간 57분 ; segments=0 | 9시간 | 57분 | 남음 -> compact='09시간57분남음' ; prefix_noise='9시간57분' -> '9시간 57분' (repair_noisy_hour_minute) / direct_parse='9시간 57분' => 12:33 헤르가름 / 현재=02:36:23 / 남은시간=9시간 57분 / 계산=12:33 / warnings=-
  slot 3 엘드룬 [TIMED] [words]=12시간 7분 ; segments=0 | 12시간 | 7 | = | “ | 남음 -> spaced='0 12시간 7 = “ 남음' ; prefix_noise='12시간 7 = “' -> '12시간 7분' (repair_noisy_hour_minute) / direct_parse='12시간 7분' => 14:43 엘드룬 / 현재=02:36:23 / 남은시간=12시간 7분 / 계산=14:43 / warnings=-
  slot 4 수르트 [TIMED] [words_split_digits]=8시간 13분 ; segments=0 | 8 | 시간 | 13 | 분 | 남음 -> merged_digits='08 시간 13 분 남음' ; prefix_noise='8시간 13 분' -> '8시간 13분' (repair_noisy_hour_minute) / direct_parse='8시간 13분' => 10:49 수르트 / 현재=02:36:23 / 남은시간=8시간 13분 / 계산=10:49 / warnings=-
  slot 5 신마라 [TIMED] [words_split_digits]=7시간 25분 ; segments=0 | 7 | 시간 | 25 | 분 | 남음 -> merged_digits='07 시간 25 분 남음' ; prefix_noise='7시간 25 분' -> '7시간 25분' (repair_noisy_hour_minute) / direct_parse='7시간 25분' => 10:01 신마라 / 현재=02:36:23 / 남은시간=7시간 25분 / 계산=10:01 / warnings=-
  slot 6 탕그 [TIMED] [words_compact]=7시간 25분 ; segments=0 | 7시간 | 25분 | 남음 -> compact='07시간25분남음' ; prefix_noise='7시간25분' -> '7시간 25분' (repair_noisy_hour_minute) / direct_parse='7시간 25분' => 10:01 탕그 / 현재=02:36:23 / 남은시간=7시간 25분 / 계산=10:01 / warnings=-
  slot 7 우로보로스 [TIMED] [words_compact]=12시간 24분 ; segments=0 | 12시간 | 24분 | 남음 -> compact='012시간24분남음' ; prefix_noise='12시간24분' -> '12시간 24분' (repair_noisy_hour_minute) / direct_parse='12시간 24분' => 15:00 우로보로스 / 현재=02:36:23 / 남은시간=12시간 24분 / 계산=15:00 / warnings=-

[2026-05-09 02:36:50] mode=ocr
[이미지 1] area=요툰하임 base=02:36:17
  ocr window=0,164,1600,730 area=요툰하임 best=요툰하임 reason=fixed_full_name_2plus highlight=- top=0 def=337 def_terms=4 def_boss=4 slot_exact=6 slot_boss=6 slot_match=3 slot_strong=3 slot_full=3 exact_boss=8 boss=10 grid=8 empty=0 base=02:36:17 diag=ok=1 err=- img=1488223 src=1600x900 ocr=1600x900 lines=32 words=63 text=212
  slot 1 파르바 [TIMED] [words_split_digits]=8시간 53분 ; segments=0 | 8 | 시간 | 53 | 분 | 남음 -> merged_digits='08 시간 53 분 남음' ; prefix_noise='8시간 53 분' -> '8시간 53분' (repair_noisy_hour_minute) / direct_parse='8시간 53분' => 11:29 파르바 / 현재=02:36:17 / 남은시간=8시간 53분 / 계산=11:29 / warnings=-
  slot 2 흐니르 [TIMED] [words_compact]=8시간 5분 ; segments=0 | 8시간 | 5분 | 남음 -> compact='08시간5분남음' ; prefix_noise='8시간5분' -> '8시간 5분' (repair_noisy_hour_minute) / direct_parse='8시간 5분' => 10:41 흐니르 / 현재=02:36:17 / 남은시간=8시간 5분 / 계산=10:41 / warnings=-
  slot 3 바우티 [TIMED] [card_words_group_merge]=7시간 25분 ; card_segments=7 | 시간 | 25 | 분 | 남음 | 0 -> merged_spaced='7 시간 25 분 남음 0' ; prefix_noise='7 시간 25 분 0' -> '7시간 25분' (repair_noisy_hour_minute) / direct_parse='7시간 25분' => 10:01 바우티 / 현재=02:36:17 / 남은시간=7시간 25분 / 계산=10:01 / warnings=-
  slot 4 야른 [TIMED] [words_compact]=8시간 52분 ; segments=8시간 | 52분 | 남음 -> compact='8시간52분남음' ; prefix_noise='8시간52분' -> '8시간 52분' (repair_noisy_hour_minute) / direct_parse='8시간 52분' => 11:28 야른 / 현재=02:36:17 / 남은시간=8시간 52분 / 계산=11:28 / warnings=-
  slot 5 셀로비아 [TIMED] [words_split_digits]=7시간 25분 ; segments=0 | 7 | 시간 | 25 | 분 | 남음 -> merged_digits='07 시간 25 분 남음' ; prefix_noise='7시간 25 분' -> '7시간 25분' (repair_noisy_hour_minute) / direct_parse='7시간 25분' => 10:01 셀로비아 / 현재=02:36:17 / 남은시간=7시간 25분 / 계산=10:01 / warnings=-
  slot 6 페티 [TIMED] [words]=10시간 30분 ; segments=0 | 10시간 | 30 | = | 남음 -> spaced='0 10시간 30 = 남음' ; prefix_noise='10시간 30 =' -> '10시간 30분' (repair_noisy_hour_minute) / direct_parse='10시간 30분' => 13:06 페티 / 현재=02:36:17 / 남은시간=10시간 30분 / 계산=13:06 / warnings=-
  slot 7 니드호그 [TIMED] [card_words_group_merge_compact]=8시간 34분 ; card_segments=8시간 | 34분 | 남음 | 0 -> merged_compact='8시간34분남음0' ; prefix_noise='8시간34분0' -> '8시간 34분' (repair_noisy_hour_minute) / direct_parse='8시간 34분' => 11:10 니드호그 / 현재=02:36:17 / 남은시간=8시간 34분 / 계산=11:10 / warnings=-
  slot 8 티르 [TIMED] [words_compact]=2일 13시간 ; segments=2일 | 13시간 | 남음 -> compact='2일13시간남음' ; unit_inferred=2일 13시간 / direct_parse='2일 13시간' => 티르 2일 13시간 / 현재=02:36:17 / 남은시간=2일 13시간 / 계산=15:36 / warnings=-
[이미지 2] area=니다벨리르 base=02:36:18
  ocr window=0,164,1600,730 area=니다벨리르 best=니다벨리르 reason=fixed_full_name_2plus highlight=- top=0 def=337 def_terms=4 def_boss=4 slot_exact=4 slot_boss=5 slot_match=3 slot_strong=3 slot_full=3 exact_boss=12 boss=12 grid=8 empty=0 base=02:36:18 diag=ok=1 err=- img=1461299 src=1600x900 ocr=1600x900 lines=36 words=69 text=233
  slot 1 라이노르 [TIMED] [words_split_digits]=8시간 27분 ; segments=0 | 8 | 시간 | 27 | = | - | 남음 -> merged_digits='08 시간 27 = - 남음' ; prefix_noise='8시간 27 = -' -> '8시간 27분' (repair_noisy_hour_minute) / direct_parse='8시간 27분' => 11:03 라이노르 / 현재=02:36:18 / 남은시간=8시간 27분 / 계산=11:03 / warnings=-
  slot 2 헤르모드 [TIMED] [words]=10시간 49분 ; segments=0 | 10시간 | 49 | = | - | 남음 -> spaced='0 10시간 49 = - 남음' ; prefix_noise='10시간 49 = -' -> '10시간 49분' (repair_noisy_hour_minute) / direct_parse='10시간 49분' => 13:25 헤르모드 / 현재=02:36:18 / 남은시간=10시간 49분 / 계산=13:25 / warnings=-
  slot 3 브륀힐드 [TIMED] [card_words_group_merge]=8시간 6분 ; card_segments=0 | 8시간 | 6분 | 남음 | 0 -> merged_spaced='0 8시간 6분 남음 0' ; prefix_noise='8시간 6분 0' -> '8시간 6분' (repair_noisy_hour_minute) / direct_parse='8시간 6분' => 10:42 브륀힐드 / 현재=02:36:18 / 남은시간=8시간 6분 / 계산=10:42 / warnings=-
  slot 4 수드리 [TIMED] [words_compact]=9시간 32분 ; segments=9시간 | 32 | = | 남음 -> compact='9시간32=남음' ; prefix_noise='9시간32=' -> '9시간 32분' (repair_noisy_hour_minute) / direct_parse='9시간 32분' => 12:08 수드리 / 현재=02:36:18 / 남은시간=9시간 32분 / 계산=12:08 / warnings=-
  slot 5 비요른 [TIMED] [words]=10시간 16분 ; segments=0 | 10시간 | 16 | 분 | 남음 -> spaced='0 10시간 16 분 남음' ; prefix_noise='10시간 16 분' -> '10시간 16분' (repair_noisy_hour_minute) / direct_parse='10시간 16분' => 12:52 비요른 / 현재=02:36:18 / 남은시간=10시간 16분 / 계산=12:52 / warnings=-
  slot 6 스칼라니르 [TIMED] [words]=10시간 35분 ; segments=0 | 10시간 | 35 | 분 | 남음 -> spaced='0 10시간 35 분 남음' ; prefix_noise='10시간 35 분' -> '10시간 35분' (repair_noisy_hour_minute) / direct_parse='10시간 35분' => 13:11 스칼라니르 / 현재=02:36:18 / 남은시간=10시간 35분 / 계산=13:11 / warnings=-
  slot 7 라타토스크 [TIMED] [card_words_group_merge]=8시간 5분 ; card_segments=0 | 8시간 | 5분 | 남음 | 0 -> merged_spaced='0 8시간 5분 남음 0' ; prefix_noise='8시간 5분 0' -> '8시간 5분' (repair_noisy_hour_minute) / direct_parse='8시간 5분' => 10:41 라타토스크 / 현재=02:36:18 / 남은시간=8시간 5분 / 계산=10:41 / warnings=-
  slot 8 토르 [TIMED] [words]=16시간 9분 ; segments=16 | 시간 | 9 | = | 남음 -> spaced='16 시간 9 = 남음' ; prefix_noise='16 시간 9 =' -> '16시간 9분' (repair_noisy_hour_minute) / direct_parse='16시간 9분' => 18:45 토르 / 현재=02:36:18 / 남은시간=16시간 9분 / 계산=18:45 / warnings=-
[이미지 3] area=알브하임 base=02:36:20
  ocr window=0,164,1600,730 area=알브하임 best=알브하임 reason=fixed_full_name_2plus highlight=- top=0 def=440 def_terms=5 def_boss=5 slot_exact=8 slot_boss=8 slot_match=4 slot_strong=4 slot_full=4 exact_boss=12 boss=14 grid=6 empty=0 base=02:36:20 diag=ok=1 err=- img=1320404 src=1600x900 ocr=1600x900 lines=32 words=56 text=203
  slot 1 스바르트 [TIMED] [words_split_digits]=7시간 25분 ; segments=0 | 7 | 시간 | 25 | 분 | 남음 -> merged_digits='07 시간 25 분 남음' ; prefix_noise='7시간 25 분' -> '7시간 25분' (repair_noisy_hour_minute) / direct_parse='7시간 25분' => 10:01 스바르트 / 현재=02:36:20 / 남은시간=7시간 25분 / 계산=10:01 / warnings=-
  slot 2 모네가름 [TIMED] [words_compact]=16시간 46분 ; segments=0 | 16시간 | 46분 | 남음 -> compact='016시간46분남음' ; prefix_noise='16시간46분' -> '16시간 46분' (repair_noisy_hour_minute) / direct_parse='16시간 46분' => 19:22 모네가름 / 현재=02:36:20 / 남은시간=16시간 46분 / 계산=19:22 / warnings=-
  slot 3 굴베이그 [TIMED] [words_compact]=17시간 26분 ; segments=17시간 | 26 | 분 | 남음 -> compact='17시간26분남음' ; prefix_noise='17시간26분' -> '17시간 26분' (repair_noisy_hour_minute) / direct_parse='17시간 26분' => 20:02 굴베이그 / 현재=02:36:20 / 남은시간=17시간 26분 / 계산=20:02 / warnings=-
  slot 4 두라스로르 [TIMED] [words_compact]=10시간 4분 ; segments=0 | 10시간 | 4분 | 남음 -> compact='010시간4분남음' ; prefix_noise='10시간4분' -> '10시간 4분' (repair_noisy_hour_minute) / direct_parse='10시간 4분' => 12:40 두라스로르 / 현재=02:36:20 / 남은시간=10시간 4분 / 계산=12:40 / warnings=-
  slot 5 드라우그 [TIMED] [words_split_digits]=7시간 25분 ; segments=0 | 7 | 시간 | 25 | 분 | 남음 -> merged_digits='07 시간 25 분 남음' ; prefix_noise='7시간 25 분' -> '7시간 25분' (repair_noisy_hour_minute) / direct_parse='7시간 25분' => 10:01 드라우그 / 현재=02:36:20 / 남은시간=7시간 25분 / 계산=10:01 / warnings=-
  slot 6 오딘 [TIMED] [words_compact]=7시간 54분 ; segments=7시간 | 54분 | 남음 -> compact='7시간54분남음' ; prefix_noise='7시간54분' -> '7시간 54분' (repair_noisy_hour_minute) / direct_parse='7시간 54분' => 10:30 오딘 / 현재=02:36:20 / 남은시간=7시간 54분 / 계산=10:30 / warnings=-
[이미지 4] area=무스펠하임 base=02:36:23
  ocr window=0,164,1600,730 area=무스펠하임 best=무스펠하임 reason=fixed_full_name_2plus highlight=- top=0 def=440 def_terms=5 def_boss=5 slot_exact=8 slot_boss=8 slot_match=4 slot_strong=4 slot_full=4 exact_boss=16 boss=16 grid=7 empty=0 base=02:36:23 diag=ok=1 err=- img=1404812 src=1600x900 ocr=1600x900 lines=37 words=70 text=253
  slot 1 메기르 [TIMED] [words]=9시간 12분 ; segments=0 | 9시간 | 1 | 2 | = | - | 남음 -> spaced='0 9시간 1 2 = - 남음' ; prefix_noise='9시간 1 2 = -' -> '9시간 12분' (repair_split_minute_digits_after_hour, repair_noisy_hour_minute) / direct_parse='9시간 12분' => 11:48 메기르 / 현재=02:36:23 / 남은시간=9시간 12분 / 계산=11:48 / warnings=-
  slot 2 헤르가름 [TIMED] [words_compact]=9시간 57분 ; segments=0 | 9시간 | 57분 | 남음 -> compact='09시간57분남음' ; prefix_noise='9시간57분' -> '9시간 57분' (repair_noisy_hour_minute) / direct_parse='9시간 57분' => 12:33 헤르가름 / 현재=02:36:23 / 남은시간=9시간 57분 / 계산=12:33 / warnings=-
  slot 3 엘드룬 [TIMED] [card_words_group_merge]=12시간 7분 ; card_segments=12시간 | 7 | = | “ | 남음 | 0 -> merged_spaced='12시간 7 = “ 남음 0' ; prefix_noise='12시간 7 = “ 0' -> '12시간 7분' (repair_noisy_hour_minute) / direct_parse='12시간 7분' => 14:43 엘드룬 / 현재=02:36:23 / 남은시간=12시간 7분 / 계산=14:43 / warnings=-
  slot 4 수르트 [TIMED] [words]=8시간 13분 ; segments=8 | 시간 | 13 | 분 | 남음 -> spaced='8 시간 13 분 남음' ; prefix_noise='8 시간 13 분' -> '8시간 13분' (repair_noisy_hour_minute) / direct_parse='8시간 13분' => 10:49 수르트 / 현재=02:36:23 / 남은시간=8시간 13분 / 계산=10:49 / warnings=-
  slot 5 신마라 [TIMED] [words_split_digits]=7시간 25분 ; segments=0 | 7 | 시간 | 25 | 분 | 남음 -> merged_digits='07 시간 25 분 남음' ; prefix_noise='7시간 25 분' -> '7시간 25분' (repair_noisy_hour_minute) / direct_parse='7시간 25분' => 10:01 신마라 / 현재=02:36:23 / 남은시간=7시간 25분 / 계산=10:01 / warnings=-
  slot 6 탕그 [TIMED] [words_compact]=7시간 25분 ; segments=0 | 7시간 | 25분 | 남음 -> compact='07시간25분남음' ; prefix_noise='7시간25분' -> '7시간 25분' (repair_noisy_hour_minute) / direct_parse='7시간 25분' => 10:01 탕그 / 현재=02:36:23 / 남은시간=7시간 25분 / 계산=10:01 / warnings=-
  slot 7 우로보로스 [TIMED] [words_compact]=12시간 24분 ; segments=12시간 | 24분 | 남음 -> compact='12시간24분남음' ; prefix_noise='12시간24분' -> '12시간 24분' (repair_noisy_hour_minute) / direct_parse='12시간 24분' => 15:00 우로보로스 / 현재=02:36:23 / 남은시간=12시간 24분 / 계산=15:00 / warnings=-

[2026-05-09 02:37:29] mode=ocr
[이미지 1] area=요툰하임 base=02:36:17
  ocr window=0,164,1600,730 area=요툰하임 best=요툰하임 reason=fixed_full_name_2plus highlight=- top=0 def=337 def_terms=4 def_boss=4 slot_exact=6 slot_boss=6 slot_match=3 slot_strong=3 slot_full=3 exact_boss=8 boss=10 grid=8 empty=0 base=02:36:17 diag=ok=1 err=- img=1488223 src=1600x900 ocr=1600x900 lines=32 words=63 text=212
  slot 1 파르바 [TIMED] [words_split_digits]=8시간 53분 ; segments=0 | 8 | 시간 | 53 | 분 | 남음 -> merged_digits='08 시간 53 분 남음' ; prefix_noise='8시간 53 분' -> '8시간 53분' (repair_noisy_hour_minute) / direct_parse='8시간 53분' => 11:29 침공 파르바 / 현재=02:36:17 / 남은시간=8시간 53분 / 계산=11:29 / warnings=-
  slot 2 흐니르 [TIMED] [words_compact]=8시간 5분 ; segments=0 | 8시간 | 5분 | 남음 -> compact='08시간5분남음' ; prefix_noise='8시간5분' -> '8시간 5분' (repair_noisy_hour_minute) / direct_parse='8시간 5분' => 10:41 침공 흐니르 / 현재=02:36:17 / 남은시간=8시간 5분 / 계산=10:41 / warnings=-
  slot 3 바우티 [TIMED] [card_words_group_merge]=7시간 25분 ; card_segments=7 | 시간 | 25 | 분 | 남음 | 0 -> merged_spaced='7 시간 25 분 남음 0' ; prefix_noise='7 시간 25 분 0' -> '7시간 25분' (repair_noisy_hour_minute) / direct_parse='7시간 25분' => 10:01 침공 바우티 / 현재=02:36:17 / 남은시간=7시간 25분 / 계산=10:01 / warnings=-
  slot 4 야른 [TIMED] [words_compact]=8시간 52분 ; segments=8시간 | 52분 | 남음 -> compact='8시간52분남음' ; prefix_noise='8시간52분' -> '8시간 52분' (repair_noisy_hour_minute) / direct_parse='8시간 52분' => 11:28 침공 야른 / 현재=02:36:17 / 남은시간=8시간 52분 / 계산=11:28 / warnings=-
  slot 5 셀로비아 [TIMED] [words_split_digits]=7시간 25분 ; segments=0 | 7 | 시간 | 25 | 분 | 남음 -> merged_digits='07 시간 25 분 남음' ; prefix_noise='7시간 25 분' -> '7시간 25분' (repair_noisy_hour_minute) / direct_parse='7시간 25분' => 10:01 침공 셀로비아 / 현재=02:36:17 / 남은시간=7시간 25분 / 계산=10:01 / warnings=-
  slot 6 페티 [TIMED] [words]=10시간 30분 ; segments=0 | 10시간 | 30 | = | 남음 -> spaced='0 10시간 30 = 남음' ; prefix_noise='10시간 30 =' -> '10시간 30분' (repair_noisy_hour_minute) / direct_parse='10시간 30분' => 13:06 침공 페티 / 현재=02:36:17 / 남은시간=10시간 30분 / 계산=13:06 / warnings=-
  slot 7 니드호그 [TIMED] [card_words_group_merge_compact]=8시간 34분 ; card_segments=8시간 | 34분 | 남음 | 0 -> merged_compact='8시간34분남음0' ; prefix_noise='8시간34분0' -> '8시간 34분' (repair_noisy_hour_minute) / direct_parse='8시간 34분' => 11:10 침공 니드호그 / 현재=02:36:17 / 남은시간=8시간 34분 / 계산=11:10 / warnings=-
[이미지 2] area=니다벨리르 base=02:36:18
  ocr window=0,164,1600,730 area=니다벨리르 best=니다벨리르 reason=fixed_full_name_2plus highlight=- top=0 def=337 def_terms=4 def_boss=4 slot_exact=4 slot_boss=5 slot_match=3 slot_strong=3 slot_full=3 exact_boss=12 boss=12 grid=8 empty=0 base=02:36:18 diag=ok=1 err=- img=1461299 src=1600x900 ocr=1600x900 lines=36 words=69 text=233
  slot 1 라이노르 [TIMED] [words_split_digits]=8시간 27분 ; segments=0 | 8 | 시간 | 27 | = | - | 남음 -> merged_digits='08 시간 27 = - 남음' ; prefix_noise='8시간 27 = -' -> '8시간 27분' (repair_noisy_hour_minute) / direct_parse='8시간 27분' => 11:03 침공 라이노르 / 현재=02:36:18 / 남은시간=8시간 27분 / 계산=11:03 / warnings=-
  slot 2 헤르모드 [TIMED] [words]=10시간 49분 ; segments=0 | 10시간 | 49 | = | - | 남음 -> spaced='0 10시간 49 = - 남음' ; prefix_noise='10시간 49 = -' -> '10시간 49분' (repair_noisy_hour_minute) / direct_parse='10시간 49분' => 13:25 침공 헤르모드 / 현재=02:36:18 / 남은시간=10시간 49분 / 계산=13:25 / warnings=-
  slot 3 브륀힐드 [TIMED] [card_words_group_merge]=8시간 6분 ; card_segments=0 | 8시간 | 6분 | 남음 | 0 -> merged_spaced='0 8시간 6분 남음 0' ; prefix_noise='8시간 6분 0' -> '8시간 6분' (repair_noisy_hour_minute) / direct_parse='8시간 6분' => 10:42 침공 브륀힐드 / 현재=02:36:18 / 남은시간=8시간 6분 / 계산=10:42 / warnings=-
  slot 4 수드리 [TIMED] [words_compact]=9시간 32분 ; segments=9시간 | 32 | = | 남음 -> compact='9시간32=남음' ; prefix_noise='9시간32=' -> '9시간 32분' (repair_noisy_hour_minute) / direct_parse='9시간 32분' => 12:08 침공 수드리 / 현재=02:36:18 / 남은시간=9시간 32분 / 계산=12:08 / warnings=-
  slot 5 비요른 [TIMED] [words]=10시간 16분 ; segments=0 | 10시간 | 16 | 분 | 남음 -> spaced='0 10시간 16 분 남음' ; prefix_noise='10시간 16 분' -> '10시간 16분' (repair_noisy_hour_minute) / direct_parse='10시간 16분' => 12:52 침공 비요른 / 현재=02:36:18 / 남은시간=10시간 16분 / 계산=12:52 / warnings=-
  slot 6 스칼라니르 [TIMED] [words]=10시간 35분 ; segments=0 | 10시간 | 35 | 분 | 남음 -> spaced='0 10시간 35 분 남음' ; prefix_noise='10시간 35 분' -> '10시간 35분' (repair_noisy_hour_minute) / direct_parse='10시간 35분' => 13:11 침공 스칼라니르 / 현재=02:36:18 / 남은시간=10시간 35분 / 계산=13:11 / warnings=-
  slot 7 라타토스크 [TIMED] [card_words_group_merge]=8시간 5분 ; card_segments=0 | 8시간 | 5분 | 남음 | 0 -> merged_spaced='0 8시간 5분 남음 0' ; prefix_noise='8시간 5분 0' -> '8시간 5분' (repair_noisy_hour_minute) / direct_parse='8시간 5분' => 10:41 침공 라타토스크 / 현재=02:36:18 / 남은시간=8시간 5분 / 계산=10:41 / warnings=-
  slot 8 토르 [TIMED] [words]=16시간 9분 ; segments=16 | 시간 | 9 | = | 남음 -> spaced='16 시간 9 = 남음' ; prefix_noise='16 시간 9 =' -> '16시간 9분' (repair_noisy_hour_minute) / direct_parse='16시간 9분' => 18:45 침공 토르 / 현재=02:36:18 / 남은시간=16시간 9분 / 계산=18:45 / warnings=-
[이미지 3] area=알브하임 base=02:36:20
  ocr window=0,164,1600,730 area=알브하임 best=알브하임 reason=fixed_full_name_2plus highlight=- top=0 def=440 def_terms=5 def_boss=5 slot_exact=8 slot_boss=8 slot_match=4 slot_strong=4 slot_full=4 exact_boss=12 boss=14 grid=6 empty=0 base=02:36:20 diag=ok=1 err=- img=1320404 src=1600x900 ocr=1600x900 lines=32 words=56 text=203
  slot 1 스바르트 [TIMED] [words_split_digits]=7시간 25분 ; segments=0 | 7 | 시간 | 25 | 분 | 남음 -> merged_digits='07 시간 25 분 남음' ; prefix_noise='7시간 25 분' -> '7시간 25분' (repair_noisy_hour_minute) / direct_parse='7시간 25분' => 10:01 침공 스바르트 / 현재=02:36:20 / 남은시간=7시간 25분 / 계산=10:01 / warnings=-
  slot 2 모네가름 [TIMED] [words_compact]=16시간 46분 ; segments=0 | 16시간 | 46분 | 남음 -> compact='016시간46분남음' ; prefix_noise='16시간46분' -> '16시간 46분' (repair_noisy_hour_minute) / direct_parse='16시간 46분' => 19:22 침공 모네가름 / 현재=02:36:20 / 남은시간=16시간 46분 / 계산=19:22 / warnings=-
  slot 3 굴베이그 [TIMED] [words_compact]=17시간 26분 ; segments=17시간 | 26 | 분 | 남음 -> compact='17시간26분남음' ; prefix_noise='17시간26분' -> '17시간 26분' (repair_noisy_hour_minute) / direct_parse='17시간 26분' => 20:02 침공 굴베이그 / 현재=02:36:20 / 남은시간=17시간 26분 / 계산=20:02 / warnings=-
  slot 4 두라스로르 [TIMED] [words_compact]=10시간 4분 ; segments=0 | 10시간 | 4분 | 남음 -> compact='010시간4분남음' ; prefix_noise='10시간4분' -> '10시간 4분' (repair_noisy_hour_minute) / direct_parse='10시간 4분' => 12:40 침공 두라스로르 / 현재=02:36:20 / 남은시간=10시간 4분 / 계산=12:40 / warnings=-
  slot 5 드라우그 [TIMED] [words_split_digits]=7시간 25분 ; segments=0 | 7 | 시간 | 25 | 분 | 남음 -> merged_digits='07 시간 25 분 남음' ; prefix_noise='7시간 25 분' -> '7시간 25분' (repair_noisy_hour_minute) / direct_parse='7시간 25분' => 10:01 침공 드라우그 / 현재=02:36:20 / 남은시간=7시간 25분 / 계산=10:01 / warnings=-
  slot 6 오딘 [TIMED] [words_compact]=7시간 54분 ; segments=7시간 | 54분 | 남음 -> compact='7시간54분남음' ; prefix_noise='7시간54분' -> '7시간 54분' (repair_noisy_hour_minute) / direct_parse='7시간 54분' => 10:30 침공 오딘 / 현재=02:36:20 / 남은시간=7시간 54분 / 계산=10:30 / warnings=-
[이미지 4] area=무스펠하임 base=02:36:23
  ocr window=0,164,1600,730 area=무스펠하임 best=무스펠하임 reason=fixed_full_name_2plus highlight=- top=0 def=440 def_terms=5 def_boss=5 slot_exact=8 slot_boss=8 slot_match=4 slot_strong=4 slot_full=4 exact_boss=16 boss=16 grid=7 empty=0 base=02:36:23 diag=ok=1 err=- img=1404812 src=1600x900 ocr=1600x900 lines=37 words=70 text=253
  slot 1 메기르 [TIMED] [words]=9시간 12분 ; segments=0 | 9시간 | 1 | 2 | = | - | 남음 -> spaced='0 9시간 1 2 = - 남음' ; prefix_noise='9시간 1 2 = -' -> '9시간 12분' (repair_split_minute_digits_after_hour, repair_noisy_hour_minute) / direct_parse='9시간 12분' => 11:48 침공 메기르 / 현재=02:36:23 / 남은시간=9시간 12분 / 계산=11:48 / warnings=-
  slot 2 헤르가름 [TIMED] [words_compact]=9시간 57분 ; segments=0 | 9시간 | 57분 | 남음 -> compact='09시간57분남음' ; prefix_noise='9시간57분' -> '9시간 57분' (repair_noisy_hour_minute) / direct_parse='9시간 57분' => 12:33 침공 헤르가름 / 현재=02:36:23 / 남은시간=9시간 57분 / 계산=12:33 / warnings=-
  slot 3 엘드룬 [TIMED] [card_words_group_merge]=12시간 7분 ; card_segments=12시간 | 7 | = | “ | 남음 | 0 -> merged_spaced='12시간 7 = “ 남음 0' ; prefix_noise='12시간 7 = “ 0' -> '12시간 7분' (repair_noisy_hour_minute) / direct_parse='12시간 7분' => 14:43 침공 엘드룬 / 현재=02:36:23 / 남은시간=12시간 7분 / 계산=14:43 / warnings=-
  slot 4 수르트 [TIMED] [words]=8시간 13분 ; segments=8 | 시간 | 13 | 분 | 남음 -> spaced='8 시간 13 분 남음' ; prefix_noise='8 시간 13 분' -> '8시간 13분' (repair_noisy_hour_minute) / direct_parse='8시간 13분' => 10:49 침공 수르트 / 현재=02:36:23 / 남은시간=8시간 13분 / 계산=10:49 / warnings=-
  slot 5 신마라 [TIMED] [words_split_digits]=7시간 25분 ; segments=0 | 7 | 시간 | 25 | 분 | 남음 -> merged_digits='07 시간 25 분 남음' ; prefix_noise='7시간 25 분' -> '7시간 25분' (repair_noisy_hour_minute) / direct_parse='7시간 25분' => 10:01 침공 신마라 / 현재=02:36:23 / 남은시간=7시간 25분 / 계산=10:01 / warnings=-
  slot 6 탕그 [TIMED] [words_compact]=7시간 25분 ; segments=0 | 7시간 | 25분 | 남음 -> compact='07시간25분남음' ; prefix_noise='7시간25분' -> '7시간 25분' (repair_noisy_hour_minute) / direct_parse='7시간 25분' => 10:01 침공 탕그 / 현재=02:36:23 / 남은시간=7시간 25분 / 계산=10:01 / warnings=-
  slot 7 우로보로스 [TIMED] [words_compact]=12시간 24분 ; segments=12시간 | 24분 | 남음 -> compact='12시간24분남음' ; prefix_noise='12시간24분' -> '12시간 24분' (repair_noisy_hour_minute) / direct_parse='12시간 24분' => 15:00 침공 우로보로스 / 현재=02:36:23 / 남은시간=12시간 24분 / 계산=15:00 / warnings=-

[2026-05-09 02:37:29] mode=ocr2
[이미지 1] area=요툰하임 base=02:36:17
  ocr2 fixed=1600x900 window=176,190,1410,709 area=요툰하임 best=요툰하임 final=요툰하임 reason=fixed_full_name_2plus highlight=- fixed_tab=- def=337 def_boss=4 slot_match=3 slot_strong=3 slot_full=3 base=02:36:17 diag=ok=1 err=- img=1488223 src=1600x900 ocr=1600x900 lines=32 words=63 text=212
  slot 1 파르바 [TIMED] [words_split_digits]=8시간 53분 ; segments=0 | 8 | 시간 | 53 | 분 | 남음 -> merged_digits='08 시간 53 분 남음' ; prefix_noise='8시간 53 분' -> '8시간 53분' (repair_noisy_hour_minute) / direct_parse='8시간 53분' => 11:29 침공 파르바 / 현재=02:36:17 / 남은시간=8시간 53분 / 계산=11:29 / warnings=-
  slot 2 흐니르 [TIMED] [words_compact]=8시간 5분 ; segments=0 | 8시간 | 5분 | 남음 -> compact='08시간5분남음' ; prefix_noise='8시간5분' -> '8시간 5분' (repair_noisy_hour_minute) / direct_parse='8시간 5분' => 10:41 침공 흐니르 / 현재=02:36:17 / 남은시간=8시간 5분 / 계산=10:41 / warnings=-
  slot 3 바우티 [TIMED] [words_split_digits]=7시간 25분 ; segments=0 | 7 | 시간 | 25 | 분 | 남음 -> merged_digits='07 시간 25 분 남음' ; prefix_noise='7시간 25 분' -> '7시간 25분' (repair_noisy_hour_minute) / direct_parse='7시간 25분' => 10:01 침공 바우티 / 현재=02:36:17 / 남은시간=7시간 25분 / 계산=10:01 / warnings=-
  slot 4 야른 [TIMED] [words_compact]=8시간 52분 ; segments=0 | 8시간 | 52분 | 남음 -> compact='08시간52분남음' ; prefix_noise='8시간52분' -> '8시간 52분' (repair_noisy_hour_minute) / direct_parse='8시간 52분' => 11:28 침공 야른 / 현재=02:36:17 / 남은시간=8시간 52분 / 계산=11:28 / warnings=-
  slot 5 셀로비아 [TIMED] [words_split_digits]=7시간 25분 ; segments=0 | 7 | 시간 | 25 | 분 | 남음 -> merged_digits='07 시간 25 분 남음' ; prefix_noise='7시간 25 분' -> '7시간 25분' (repair_noisy_hour_minute) / direct_parse='7시간 25분' => 10:01 침공 셀로비아 / 현재=02:36:17 / 남은시간=7시간 25분 / 계산=10:01 / warnings=-
  slot 6 페티 [TIMED] [words]=10시간 30분 ; segments=0 | 10시간 | 30 | = | “ | 남음 -> spaced='0 10시간 30 = “ 남음' ; prefix_noise='10시간 30 = “' -> '10시간 30분' (repair_noisy_hour_minute) / direct_parse='10시간 30분' => 13:06 침공 페티 / 현재=02:36:17 / 남은시간=10시간 30분 / 계산=13:06 / warnings=-
  slot 7 니드호그 [TIMED] [words_compact]=8시간 34분 ; segments=0 | 8시간 | 34분 | 남음 -> compact='08시간34분남음' ; prefix_noise='8시간34분' -> '8시간 34분' (repair_noisy_hour_minute) / direct_parse='8시간 34분' => 11:10 침공 니드호그 / 현재=02:36:17 / 남은시간=8시간 34분 / 계산=11:10 / warnings=-
[이미지 2] area=니다벨리르 base=02:36:18
  ocr2 fixed=1600x900 window=176,190,1410,709 area=니다벨리르 best=니다벨리르 final=니다벨리르 reason=fixed_full_name_2plus highlight=- fixed_tab=- def=337 def_boss=4 slot_match=4 slot_strong=4 slot_full=4 base=02:36:18 diag=ok=1 err=- img=1461299 src=1600x900 ocr=1600x900 lines=36 words=69 text=233
  slot 1 라이노르 [TIMED] [words_split_digits]=8시간 27분 ; segments=0 | 8 | 시간 | 27 | = | - | 남음 -> merged_digits='08 시간 27 = - 남음' ; prefix_noise='8시간 27 = -' -> '8시간 27분' (repair_noisy_hour_minute) / direct_parse='8시간 27분' => 11:03 침공 라이노르 / 현재=02:36:18 / 남은시간=8시간 27분 / 계산=11:03 / warnings=-
  slot 2 헤르모드 [TIMED] [words]=10시간 49분 ; segments=0 | 10시간 | 49 | = | - | 남음 -> spaced='0 10시간 49 = - 남음' ; prefix_noise='10시간 49 = -' -> '10시간 49분' (repair_noisy_hour_minute) / direct_parse='10시간 49분' => 13:25 침공 헤르모드 / 현재=02:36:18 / 남은시간=10시간 49분 / 계산=13:25 / warnings=-
  slot 3 브륀힐드 [TIMED] [words_compact]=8시간 6분 ; segments=0 | 8시간 | 6분 | 남음 -> compact='08시간6분남음' ; prefix_noise='8시간6분' -> '8시간 6분' (repair_noisy_hour_minute) / direct_parse='8시간 6분' => 10:42 침공 브륀힐드 / 현재=02:36:18 / 남은시간=8시간 6분 / 계산=10:42 / warnings=-
  slot 4 수드리 [TIMED] [words]=9시간 32분 ; segments=0 | 9시간 | 32 | = | 남음 -> spaced='0 9시간 32 = 남음' ; prefix_noise='9시간 32 =' -> '9시간 32분' (repair_noisy_hour_minute) / direct_parse='9시간 32분' => 12:08 침공 수드리 / 현재=02:36:18 / 남은시간=9시간 32분 / 계산=12:08 / warnings=-
  slot 5 비요른 [TIMED] [words]=10시간 16분 ; segments=0 | 10시간 | 16 | 분 | 남음 -> spaced='0 10시간 16 분 남음' ; prefix_noise='10시간 16 분' -> '10시간 16분' (repair_noisy_hour_minute) / direct_parse='10시간 16분' => 12:52 침공 비요른 / 현재=02:36:18 / 남은시간=10시간 16분 / 계산=12:52 / warnings=-
  slot 6 스칼라니르 [TIMED] [words]=10시간 35분 ; segments=0 | 10시간 | 35 | 분 | 남음 -> spaced='0 10시간 35 분 남음' ; prefix_noise='10시간 35 분' -> '10시간 35분' (repair_noisy_hour_minute) / direct_parse='10시간 35분' => 13:11 침공 스칼라니르 / 현재=02:36:18 / 남은시간=10시간 35분 / 계산=13:11 / warnings=-
  slot 7 라타토스크 [TIMED] [words_compact]=8시간 5분 ; segments=0 | 8시간 | 5분 | 남음 -> compact='08시간5분남음' ; prefix_noise='8시간5분' -> '8시간 5분' (repair_noisy_hour_minute) / direct_parse='8시간 5분' => 10:41 침공 라타토스크 / 현재=02:36:18 / 남은시간=8시간 5분 / 계산=10:41 / warnings=-
  slot 8 토르 [TIMED] [words]=16시간 9분 ; segments=0 | 16 | 시간 | 9 | = | “ | 남음 -> spaced='0 16 시간 9 = “ 남음' ; prefix_noise='16 시간 9 = “' -> '16시간 9분' (repair_noisy_hour_minute) / direct_parse='16시간 9분' => 18:45 침공 토르 / 현재=02:36:18 / 남은시간=16시간 9분 / 계산=18:45 / warnings=-
[이미지 3] area=알브하임 base=02:36:20
  ocr2 fixed=1600x900 window=176,190,1410,709 area=알브하임 best=알브하임 final=알브하임 reason=fixed_full_name_2plus highlight=- fixed_tab=- def=440 def_boss=5 slot_match=5 slot_strong=5 slot_full=5 base=02:36:20 diag=ok=1 err=- img=1320404 src=1600x900 ocr=1600x900 lines=32 words=56 text=203
  slot 1 스바르트 [TIMED] [words_split_digits]=7시간 25분 ; segments=0 | 7 | 시간 | 25 | 분 | 남음 -> merged_digits='07 시간 25 분 남음' ; prefix_noise='7시간 25 분' -> '7시간 25분' (repair_noisy_hour_minute) / direct_parse='7시간 25분' => 10:01 침공 스바르트 / 현재=02:36:20 / 남은시간=7시간 25분 / 계산=10:01 / warnings=-
  slot 2 모네가름 [TIMED] [words_compact]=16시간 46분 ; segments=0 | 16시간 | 46분 | 남음 -> compact='016시간46분남음' ; prefix_noise='16시간46분' -> '16시간 46분' (repair_noisy_hour_minute) / direct_parse='16시간 46분' => 19:22 침공 모네가름 / 현재=02:36:20 / 남은시간=16시간 46분 / 계산=19:22 / warnings=-
  slot 3 굴베이그 [TIMED] [words]=17시간 26분 ; segments=0 | 17시간 | 26 | 분 | 남음 -> spaced='0 17시간 26 분 남음' ; prefix_noise='17시간 26 분' -> '17시간 26분' (repair_noisy_hour_minute) / direct_parse='17시간 26분' => 20:02 침공 굴베이그 / 현재=02:36:20 / 남은시간=17시간 26분 / 계산=20:02 / warnings=-
  slot 4 두라스로르 [TIMED] [words_compact]=10시간 4분 ; segments=0 | 10시간 | 4분 | 남음 -> compact='010시간4분남음' ; prefix_noise='10시간4분' -> '10시간 4분' (repair_noisy_hour_minute) / direct_parse='10시간 4분' => 12:40 침공 두라스로르 / 현재=02:36:20 / 남은시간=10시간 4분 / 계산=12:40 / warnings=-
  slot 5 드라우그 [TIMED] [words_split_digits]=7시간 25분 ; segments=0 | 7 | 시간 | 25 | 분 | 남음 -> merged_digits='07 시간 25 분 남음' ; prefix_noise='7시간 25 분' -> '7시간 25분' (repair_noisy_hour_minute) / direct_parse='7시간 25분' => 10:01 침공 드라우그 / 현재=02:36:20 / 남은시간=7시간 25분 / 계산=10:01 / warnings=-
  slot 6 오딘 [TIMED] [words_compact]=7시간 54분 ; segments=0 | 7시간 | 54분 | 남음 -> compact='07시간54분남음' ; prefix_noise='7시간54분' -> '7시간 54분' (repair_noisy_hour_minute) / direct_parse='7시간 54분' => 10:30 침공 오딘 / 현재=02:36:20 / 남은시간=7시간 54분 / 계산=10:30 / warnings=-
[이미지 4] area=무스펠하임 base=02:36:23
  ocr2 fixed=1600x900 window=176,190,1410,709 area=무스펠하임 best=무스펠하임 final=무스펠하임 reason=fixed_full_name_2plus highlight=- fixed_tab=- def=440 def_boss=5 slot_match=5 slot_strong=5 slot_full=5 base=02:36:23 diag=ok=1 err=- img=1404812 src=1600x900 ocr=1600x900 lines=37 words=70 text=253
  slot 1 메기르 [TIMED] [words]=9시간 12분 ; segments=0 | 9시간 | 1 | 2 | = | - | 남음 -> spaced='0 9시간 1 2 = - 남음' ; prefix_noise='9시간 1 2 = -' -> '9시간 12분' (repair_split_minute_digits_after_hour, repair_noisy_hour_minute) / direct_parse='9시간 12분' => 11:48 침공 메기르 / 현재=02:36:23 / 남은시간=9시간 12분 / 계산=11:48 / warnings=-
  slot 2 헤르가름 [TIMED] [words_compact]=9시간 57분 ; segments=0 | 9시간 | 57분 | 남음 -> compact='09시간57분남음' ; prefix_noise='9시간57분' -> '9시간 57분' (repair_noisy_hour_minute) / direct_parse='9시간 57분' => 12:33 침공 헤르가름 / 현재=02:36:23 / 남은시간=9시간 57분 / 계산=12:33 / warnings=-
  slot 3 엘드룬 [TIMED] [words]=12시간 7분 ; segments=0 | 12시간 | 7 | = | “ | 남음 -> spaced='0 12시간 7 = “ 남음' ; prefix_noise='12시간 7 = “' -> '12시간 7분' (repair_noisy_hour_minute) / direct_parse='12시간 7분' => 14:43 침공 엘드룬 / 현재=02:36:23 / 남은시간=12시간 7분 / 계산=14:43 / warnings=-
  slot 4 수르트 [TIMED] [words_split_digits]=8시간 13분 ; segments=0 | 8 | 시간 | 13 | 분 | 남음 -> merged_digits='08 시간 13 분 남음' ; prefix_noise='8시간 13 분' -> '8시간 13분' (repair_noisy_hour_minute) / direct_parse='8시간 13분' => 10:49 침공 수르트 / 현재=02:36:23 / 남은시간=8시간 13분 / 계산=10:49 / warnings=-
  slot 5 신마라 [TIMED] [words_split_digits]=7시간 25분 ; segments=0 | 7 | 시간 | 25 | 분 | 남음 -> merged_digits='07 시간 25 분 남음' ; prefix_noise='7시간 25 분' -> '7시간 25분' (repair_noisy_hour_minute) / direct_parse='7시간 25분' => 10:01 침공 신마라 / 현재=02:36:23 / 남은시간=7시간 25분 / 계산=10:01 / warnings=-
  slot 6 탕그 [TIMED] [words_compact]=7시간 25분 ; segments=0 | 7시간 | 25분 | 남음 -> compact='07시간25분남음' ; prefix_noise='7시간25분' -> '7시간 25분' (repair_noisy_hour_minute) / direct_parse='7시간 25분' => 10:01 침공 탕그 / 현재=02:36:23 / 남은시간=7시간 25분 / 계산=10:01 / warnings=-
  slot 7 우로보로스 [TIMED] [words_compact]=12시간 24분 ; segments=0 | 12시간 | 24분 | 남음 -> compact='012시간24분남음' ; prefix_noise='12시간24분' -> '12시간 24분' (repair_noisy_hour_minute) / direct_parse='12시간 24분' => 15:00 침공 우로보로스 / 현재=02:36:23 / 남은시간=12시간 24분 / 계산=15:00 / warnings=-

[2026-05-09 02:37:39] mode=ocr
[이미지 1] area=요툰하임 base=02:36:17
  ocr window=0,164,1600,730 area=요툰하임 best=요툰하임 reason=fixed_full_name_2plus highlight=- top=0 def=337 def_terms=4 def_boss=4 slot_exact=6 slot_boss=6 slot_match=3 slot_strong=3 slot_full=3 exact_boss=8 boss=10 grid=8 empty=0 base=02:36:17 diag=ok=1 err=- img=1488223 src=1600x900 ocr=1600x900 lines=32 words=63 text=212
  slot 1 파르바 [TIMED] [words_split_digits]=8시간 53분 ; segments=0 | 8 | 시간 | 53 | 분 | 남음 -> merged_digits='08 시간 53 분 남음' ; prefix_noise='8시간 53 분' -> '8시간 53분' (repair_noisy_hour_minute) / direct_parse='8시간 53분' => 11:29 파르바 / 현재=02:36:17 / 남은시간=8시간 53분 / 계산=11:29 / warnings=-
  slot 2 흐니르 [TIMED] [words_compact]=8시간 5분 ; segments=0 | 8시간 | 5분 | 남음 -> compact='08시간5분남음' ; prefix_noise='8시간5분' -> '8시간 5분' (repair_noisy_hour_minute) / direct_parse='8시간 5분' => 10:41 흐니르 / 현재=02:36:17 / 남은시간=8시간 5분 / 계산=10:41 / warnings=-
  slot 3 바우티 [TIMED] [card_words_group_merge]=7시간 25분 ; card_segments=7 | 시간 | 25 | 분 | 남음 | 0 -> merged_spaced='7 시간 25 분 남음 0' ; prefix_noise='7 시간 25 분 0' -> '7시간 25분' (repair_noisy_hour_minute) / direct_parse='7시간 25분' => 10:01 바우티 / 현재=02:36:17 / 남은시간=7시간 25분 / 계산=10:01 / warnings=-
  slot 4 야른 [TIMED] [words_compact]=8시간 52분 ; segments=8시간 | 52분 | 남음 -> compact='8시간52분남음' ; prefix_noise='8시간52분' -> '8시간 52분' (repair_noisy_hour_minute) / direct_parse='8시간 52분' => 11:28 야른 / 현재=02:36:17 / 남은시간=8시간 52분 / 계산=11:28 / warnings=-
  slot 5 셀로비아 [TIMED] [words_split_digits]=7시간 25분 ; segments=0 | 7 | 시간 | 25 | 분 | 남음 -> merged_digits='07 시간 25 분 남음' ; prefix_noise='7시간 25 분' -> '7시간 25분' (repair_noisy_hour_minute) / direct_parse='7시간 25분' => 10:01 셀로비아 / 현재=02:36:17 / 남은시간=7시간 25분 / 계산=10:01 / warnings=-
  slot 6 페티 [TIMED] [words]=10시간 30분 ; segments=0 | 10시간 | 30 | = | 남음 -> spaced='0 10시간 30 = 남음' ; prefix_noise='10시간 30 =' -> '10시간 30분' (repair_noisy_hour_minute) / direct_parse='10시간 30분' => 13:06 페티 / 현재=02:36:17 / 남은시간=10시간 30분 / 계산=13:06 / warnings=-
  slot 7 니드호그 [TIMED] [card_words_group_merge_compact]=8시간 34분 ; card_segments=8시간 | 34분 | 남음 | 0 -> merged_compact='8시간34분남음0' ; prefix_noise='8시간34분0' -> '8시간 34분' (repair_noisy_hour_minute) / direct_parse='8시간 34분' => 11:10 니드호그 / 현재=02:36:17 / 남은시간=8시간 34분 / 계산=11:10 / warnings=-
  slot 8 티르 [TIMED] [words_compact]=2일 13시간 ; segments=2일 | 13시간 | 남음 -> compact='2일13시간남음' ; unit_inferred=2일 13시간 / direct_parse='2일 13시간' => 티르 2일 13시간 / 현재=02:36:17 / 남은시간=2일 13시간 / 계산=15:36 / warnings=-
[이미지 2] area=니다벨리르 base=02:36:18
  ocr window=0,164,1600,730 area=니다벨리르 best=니다벨리르 reason=fixed_full_name_2plus highlight=- top=0 def=337 def_terms=4 def_boss=4 slot_exact=4 slot_boss=5 slot_match=3 slot_strong=3 slot_full=3 exact_boss=12 boss=12 grid=8 empty=0 base=02:36:18 diag=ok=1 err=- img=1461299 src=1600x900 ocr=1600x900 lines=36 words=69 text=233
  slot 1 라이노르 [TIMED] [words_split_digits]=8시간 27분 ; segments=0 | 8 | 시간 | 27 | = | - | 남음 -> merged_digits='08 시간 27 = - 남음' ; prefix_noise='8시간 27 = -' -> '8시간 27분' (repair_noisy_hour_minute) / direct_parse='8시간 27분' => 11:03 라이노르 / 현재=02:36:18 / 남은시간=8시간 27분 / 계산=11:03 / warnings=-
  slot 2 헤르모드 [TIMED] [words]=10시간 49분 ; segments=0 | 10시간 | 49 | = | - | 남음 -> spaced='0 10시간 49 = - 남음' ; prefix_noise='10시간 49 = -' -> '10시간 49분' (repair_noisy_hour_minute) / direct_parse='10시간 49분' => 13:25 헤르모드 / 현재=02:36:18 / 남은시간=10시간 49분 / 계산=13:25 / warnings=-
  slot 3 브륀힐드 [TIMED] [card_words_group_merge]=8시간 6분 ; card_segments=0 | 8시간 | 6분 | 남음 | 0 -> merged_spaced='0 8시간 6분 남음 0' ; prefix_noise='8시간 6분 0' -> '8시간 6분' (repair_noisy_hour_minute) / direct_parse='8시간 6분' => 10:42 브륀힐드 / 현재=02:36:18 / 남은시간=8시간 6분 / 계산=10:42 / warnings=-
  slot 4 수드리 [TIMED] [words_compact]=9시간 32분 ; segments=9시간 | 32 | = | 남음 -> compact='9시간32=남음' ; prefix_noise='9시간32=' -> '9시간 32분' (repair_noisy_hour_minute) / direct_parse='9시간 32분' => 12:08 수드리 / 현재=02:36:18 / 남은시간=9시간 32분 / 계산=12:08 / warnings=-
  slot 5 비요른 [TIMED] [words]=10시간 16분 ; segments=0 | 10시간 | 16 | 분 | 남음 -> spaced='0 10시간 16 분 남음' ; prefix_noise='10시간 16 분' -> '10시간 16분' (repair_noisy_hour_minute) / direct_parse='10시간 16분' => 12:52 비요른 / 현재=02:36:18 / 남은시간=10시간 16분 / 계산=12:52 / warnings=-
  slot 6 스칼라니르 [TIMED] [words]=10시간 35분 ; segments=0 | 10시간 | 35 | 분 | 남음 -> spaced='0 10시간 35 분 남음' ; prefix_noise='10시간 35 분' -> '10시간 35분' (repair_noisy_hour_minute) / direct_parse='10시간 35분' => 13:11 스칼라니르 / 현재=02:36:18 / 남은시간=10시간 35분 / 계산=13:11 / warnings=-
  slot 7 라타토스크 [TIMED] [card_words_group_merge]=8시간 5분 ; card_segments=0 | 8시간 | 5분 | 남음 | 0 -> merged_spaced='0 8시간 5분 남음 0' ; prefix_noise='8시간 5분 0' -> '8시간 5분' (repair_noisy_hour_minute) / direct_parse='8시간 5분' => 10:41 라타토스크 / 현재=02:36:18 / 남은시간=8시간 5분 / 계산=10:41 / warnings=-
  slot 8 토르 [TIMED] [words]=16시간 9분 ; segments=16 | 시간 | 9 | = | 남음 -> spaced='16 시간 9 = 남음' ; prefix_noise='16 시간 9 =' -> '16시간 9분' (repair_noisy_hour_minute) / direct_parse='16시간 9분' => 18:45 토르 / 현재=02:36:18 / 남은시간=16시간 9분 / 계산=18:45 / warnings=-
[이미지 3] area=알브하임 base=02:36:20
  ocr window=0,164,1600,730 area=알브하임 best=알브하임 reason=fixed_full_name_2plus highlight=- top=0 def=440 def_terms=5 def_boss=5 slot_exact=8 slot_boss=8 slot_match=4 slot_strong=4 slot_full=4 exact_boss=12 boss=14 grid=6 empty=0 base=02:36:20 diag=ok=1 err=- img=1320404 src=1600x900 ocr=1600x900 lines=32 words=56 text=203
  slot 1 스바르트 [TIMED] [words_split_digits]=7시간 25분 ; segments=0 | 7 | 시간 | 25 | 분 | 남음 -> merged_digits='07 시간 25 분 남음' ; prefix_noise='7시간 25 분' -> '7시간 25분' (repair_noisy_hour_minute) / direct_parse='7시간 25분' => 10:01 스바르트 / 현재=02:36:20 / 남은시간=7시간 25분 / 계산=10:01 / warnings=-
  slot 2 모네가름 [TIMED] [words_compact]=16시간 46분 ; segments=0 | 16시간 | 46분 | 남음 -> compact='016시간46분남음' ; prefix_noise='16시간46분' -> '16시간 46분' (repair_noisy_hour_minute) / direct_parse='16시간 46분' => 19:22 모네가름 / 현재=02:36:20 / 남은시간=16시간 46분 / 계산=19:22 / warnings=-
  slot 3 굴베이그 [TIMED] [words_compact]=17시간 26분 ; segments=17시간 | 26 | 분 | 남음 -> compact='17시간26분남음' ; prefix_noise='17시간26분' -> '17시간 26분' (repair_noisy_hour_minute) / direct_parse='17시간 26분' => 20:02 굴베이그 / 현재=02:36:20 / 남은시간=17시간 26분 / 계산=20:02 / warnings=-
  slot 4 두라스로르 [TIMED] [words_compact]=10시간 4분 ; segments=0 | 10시간 | 4분 | 남음 -> compact='010시간4분남음' ; prefix_noise='10시간4분' -> '10시간 4분' (repair_noisy_hour_minute) / direct_parse='10시간 4분' => 12:40 두라스로르 / 현재=02:36:20 / 남은시간=10시간 4분 / 계산=12:40 / warnings=-
  slot 5 드라우그 [TIMED] [words_split_digits]=7시간 25분 ; segments=0 | 7 | 시간 | 25 | 분 | 남음 -> merged_digits='07 시간 25 분 남음' ; prefix_noise='7시간 25 분' -> '7시간 25분' (repair_noisy_hour_minute) / direct_parse='7시간 25분' => 10:01 드라우그 / 현재=02:36:20 / 남은시간=7시간 25분 / 계산=10:01 / warnings=-
  slot 6 오딘 [TIMED] [words_compact]=7시간 54분 ; segments=7시간 | 54분 | 남음 -> compact='7시간54분남음' ; prefix_noise='7시간54분' -> '7시간 54분' (repair_noisy_hour_minute) / direct_parse='7시간 54분' => 10:30 오딘 / 현재=02:36:20 / 남은시간=7시간 54분 / 계산=10:30 / warnings=-
[이미지 4] area=무스펠하임 base=02:36:23
  ocr window=0,164,1600,730 area=무스펠하임 best=무스펠하임 reason=fixed_full_name_2plus highlight=- top=0 def=440 def_terms=5 def_boss=5 slot_exact=8 slot_boss=8 slot_match=4 slot_strong=4 slot_full=4 exact_boss=16 boss=16 grid=7 empty=0 base=02:36:23 diag=ok=1 err=- img=1404812 src=1600x900 ocr=1600x900 lines=37 words=70 text=253
  slot 1 메기르 [TIMED] [words]=9시간 12분 ; segments=0 | 9시간 | 1 | 2 | = | - | 남음 -> spaced='0 9시간 1 2 = - 남음' ; prefix_noise='9시간 1 2 = -' -> '9시간 12분' (repair_split_minute_digits_after_hour, repair_noisy_hour_minute) / direct_parse='9시간 12분' => 11:48 메기르 / 현재=02:36:23 / 남은시간=9시간 12분 / 계산=11:48 / warnings=-
  slot 2 헤르가름 [TIMED] [words_compact]=9시간 57분 ; segments=0 | 9시간 | 57분 | 남음 -> compact='09시간57분남음' ; prefix_noise='9시간57분' -> '9시간 57분' (repair_noisy_hour_minute) / direct_parse='9시간 57분' => 12:33 헤르가름 / 현재=02:36:23 / 남은시간=9시간 57분 / 계산=12:33 / warnings=-
  slot 3 엘드룬 [TIMED] [card_words_group_merge]=12시간 7분 ; card_segments=12시간 | 7 | = | “ | 남음 | 0 -> merged_spaced='12시간 7 = “ 남음 0' ; prefix_noise='12시간 7 = “ 0' -> '12시간 7분' (repair_noisy_hour_minute) / direct_parse='12시간 7분' => 14:43 엘드룬 / 현재=02:36:23 / 남은시간=12시간 7분 / 계산=14:43 / warnings=-
  slot 4 수르트 [TIMED] [words]=8시간 13분 ; segments=8 | 시간 | 13 | 분 | 남음 -> spaced='8 시간 13 분 남음' ; prefix_noise='8 시간 13 분' -> '8시간 13분' (repair_noisy_hour_minute) / direct_parse='8시간 13분' => 10:49 수르트 / 현재=02:36:23 / 남은시간=8시간 13분 / 계산=10:49 / warnings=-
  slot 5 신마라 [TIMED] [words_split_digits]=7시간 25분 ; segments=0 | 7 | 시간 | 25 | 분 | 남음 -> merged_digits='07 시간 25 분 남음' ; prefix_noise='7시간 25 분' -> '7시간 25분' (repair_noisy_hour_minute) / direct_parse='7시간 25분' => 10:01 신마라 / 현재=02:36:23 / 남은시간=7시간 25분 / 계산=10:01 / warnings=-
  slot 6 탕그 [TIMED] [words_compact]=7시간 25분 ; segments=0 | 7시간 | 25분 | 남음 -> compact='07시간25분남음' ; prefix_noise='7시간25분' -> '7시간 25분' (repair_noisy_hour_minute) / direct_parse='7시간 25분' => 10:01 탕그 / 현재=02:36:23 / 남은시간=7시간 25분 / 계산=10:01 / warnings=-
  slot 7 우로보로스 [TIMED] [words_compact]=12시간 24분 ; segments=12시간 | 24분 | 남음 -> compact='12시간24분남음' ; prefix_noise='12시간24분' -> '12시간 24분' (repair_noisy_hour_minute) / direct_parse='12시간 24분' => 15:00 우로보로스 / 현재=02:36:23 / 남은시간=12시간 24분 / 계산=15:00 / warnings=-

[2026-05-09 02:37:39] mode=ocr2
[이미지 1] area=요툰하임 base=02:36:17
  ocr2 fixed=1600x900 window=176,190,1410,709 area=요툰하임 best=요툰하임 final=요툰하임 reason=fixed_full_name_2plus highlight=- fixed_tab=- def=337 def_boss=4 slot_match=3 slot_strong=3 slot_full=3 base=02:36:17 diag=ok=1 err=- img=1488223 src=1600x900 ocr=1600x900 lines=32 words=63 text=212
  slot 1 파르바 [TIMED] [words_split_digits]=8시간 53분 ; segments=0 | 8 | 시간 | 53 | 분 | 남음 -> merged_digits='08 시간 53 분 남음' ; prefix_noise='8시간 53 분' -> '8시간 53분' (repair_noisy_hour_minute) / direct_parse='8시간 53분' => 11:29 파르바 / 현재=02:36:17 / 남은시간=8시간 53분 / 계산=11:29 / warnings=-
  slot 2 흐니르 [TIMED] [words_compact]=8시간 5분 ; segments=0 | 8시간 | 5분 | 남음 -> compact='08시간5분남음' ; prefix_noise='8시간5분' -> '8시간 5분' (repair_noisy_hour_minute) / direct_parse='8시간 5분' => 10:41 흐니르 / 현재=02:36:17 / 남은시간=8시간 5분 / 계산=10:41 / warnings=-
  slot 3 바우티 [TIMED] [words_split_digits]=7시간 25분 ; segments=0 | 7 | 시간 | 25 | 분 | 남음 -> merged_digits='07 시간 25 분 남음' ; prefix_noise='7시간 25 분' -> '7시간 25분' (repair_noisy_hour_minute) / direct_parse='7시간 25분' => 10:01 바우티 / 현재=02:36:17 / 남은시간=7시간 25분 / 계산=10:01 / warnings=-
  slot 4 야른 [TIMED] [words_compact]=8시간 52분 ; segments=0 | 8시간 | 52분 | 남음 -> compact='08시간52분남음' ; prefix_noise='8시간52분' -> '8시간 52분' (repair_noisy_hour_minute) / direct_parse='8시간 52분' => 11:28 야른 / 현재=02:36:17 / 남은시간=8시간 52분 / 계산=11:28 / warnings=-
  slot 5 셀로비아 [TIMED] [words_split_digits]=7시간 25분 ; segments=0 | 7 | 시간 | 25 | 분 | 남음 -> merged_digits='07 시간 25 분 남음' ; prefix_noise='7시간 25 분' -> '7시간 25분' (repair_noisy_hour_minute) / direct_parse='7시간 25분' => 10:01 셀로비아 / 현재=02:36:17 / 남은시간=7시간 25분 / 계산=10:01 / warnings=-
  slot 6 페티 [TIMED] [words]=10시간 30분 ; segments=0 | 10시간 | 30 | = | “ | 남음 -> spaced='0 10시간 30 = “ 남음' ; prefix_noise='10시간 30 = “' -> '10시간 30분' (repair_noisy_hour_minute) / direct_parse='10시간 30분' => 13:06 페티 / 현재=02:36:17 / 남은시간=10시간 30분 / 계산=13:06 / warnings=-
  slot 7 니드호그 [TIMED] [words_compact]=8시간 34분 ; segments=0 | 8시간 | 34분 | 남음 -> compact='08시간34분남음' ; prefix_noise='8시간34분' -> '8시간 34분' (repair_noisy_hour_minute) / direct_parse='8시간 34분' => 11:10 니드호그 / 현재=02:36:17 / 남은시간=8시간 34분 / 계산=11:10 / warnings=-
  slot 8 티르 [TIMED] [words_compact]=2일 13시간 ; segments=0 | 2일 | 13시간 | 남음 -> compact='02일13시간남음' ; unit_inferred=2일 13시간 / direct_parse='2일 13시간' => 티르 2일 13시간 / 현재=02:36:17 / 남은시간=2일 13시간 / 계산=15:36 / warnings=-
[이미지 2] area=니다벨리르 base=02:36:18
  ocr2 fixed=1600x900 window=176,190,1410,709 area=니다벨리르 best=니다벨리르 final=니다벨리르 reason=fixed_full_name_2plus highlight=- fixed_tab=- def=337 def_boss=4 slot_match=4 slot_strong=4 slot_full=4 base=02:36:18 diag=ok=1 err=- img=1461299 src=1600x900 ocr=1600x900 lines=36 words=69 text=233
  slot 1 라이노르 [TIMED] [words_split_digits]=8시간 27분 ; segments=0 | 8 | 시간 | 27 | = | - | 남음 -> merged_digits='08 시간 27 = - 남음' ; prefix_noise='8시간 27 = -' -> '8시간 27분' (repair_noisy_hour_minute) / direct_parse='8시간 27분' => 11:03 라이노르 / 현재=02:36:18 / 남은시간=8시간 27분 / 계산=11:03 / warnings=-
  slot 2 헤르모드 [TIMED] [words]=10시간 49분 ; segments=0 | 10시간 | 49 | = | - | 남음 -> spaced='0 10시간 49 = - 남음' ; prefix_noise='10시간 49 = -' -> '10시간 49분' (repair_noisy_hour_minute) / direct_parse='10시간 49분' => 13:25 헤르모드 / 현재=02:36:18 / 남은시간=10시간 49분 / 계산=13:25 / warnings=-
  slot 3 브륀힐드 [TIMED] [words_compact]=8시간 6분 ; segments=0 | 8시간 | 6분 | 남음 -> compact='08시간6분남음' ; prefix_noise='8시간6분' -> '8시간 6분' (repair_noisy_hour_minute) / direct_parse='8시간 6분' => 10:42 브륀힐드 / 현재=02:36:18 / 남은시간=8시간 6분 / 계산=10:42 / warnings=-
  slot 4 수드리 [TIMED] [words]=9시간 32분 ; segments=0 | 9시간 | 32 | = | 남음 -> spaced='0 9시간 32 = 남음' ; prefix_noise='9시간 32 =' -> '9시간 32분' (repair_noisy_hour_minute) / direct_parse='9시간 32분' => 12:08 수드리 / 현재=02:36:18 / 남은시간=9시간 32분 / 계산=12:08 / warnings=-
  slot 5 비요른 [TIMED] [words]=10시간 16분 ; segments=0 | 10시간 | 16 | 분 | 남음 -> spaced='0 10시간 16 분 남음' ; prefix_noise='10시간 16 분' -> '10시간 16분' (repair_noisy_hour_minute) / direct_parse='10시간 16분' => 12:52 비요른 / 현재=02:36:18 / 남은시간=10시간 16분 / 계산=12:52 / warnings=-
  slot 6 스칼라니르 [TIMED] [words]=10시간 35분 ; segments=0 | 10시간 | 35 | 분 | 남음 -> spaced='0 10시간 35 분 남음' ; prefix_noise='10시간 35 분' -> '10시간 35분' (repair_noisy_hour_minute) / direct_parse='10시간 35분' => 13:11 스칼라니르 / 현재=02:36:18 / 남은시간=10시간 35분 / 계산=13:11 / warnings=-
  slot 7 라타토스크 [TIMED] [words_compact]=8시간 5분 ; segments=0 | 8시간 | 5분 | 남음 -> compact='08시간5분남음' ; prefix_noise='8시간5분' -> '8시간 5분' (repair_noisy_hour_minute) / direct_parse='8시간 5분' => 10:41 라타토스크 / 현재=02:36:18 / 남은시간=8시간 5분 / 계산=10:41 / warnings=-
  slot 8 토르 [TIMED] [words]=16시간 9분 ; segments=0 | 16 | 시간 | 9 | = | “ | 남음 -> spaced='0 16 시간 9 = “ 남음' ; prefix_noise='16 시간 9 = “' -> '16시간 9분' (repair_noisy_hour_minute) / direct_parse='16시간 9분' => 18:45 토르 / 현재=02:36:18 / 남은시간=16시간 9분 / 계산=18:45 / warnings=-
[이미지 3] area=알브하임 base=02:36:20
  ocr2 fixed=1600x900 window=176,190,1410,709 area=알브하임 best=알브하임 final=알브하임 reason=fixed_full_name_2plus highlight=- fixed_tab=- def=440 def_boss=5 slot_match=5 slot_strong=5 slot_full=5 base=02:36:20 diag=ok=1 err=- img=1320404 src=1600x900 ocr=1600x900 lines=32 words=56 text=203
  slot 1 스바르트 [TIMED] [words_split_digits]=7시간 25분 ; segments=0 | 7 | 시간 | 25 | 분 | 남음 -> merged_digits='07 시간 25 분 남음' ; prefix_noise='7시간 25 분' -> '7시간 25분' (repair_noisy_hour_minute) / direct_parse='7시간 25분' => 10:01 스바르트 / 현재=02:36:20 / 남은시간=7시간 25분 / 계산=10:01 / warnings=-
  slot 2 모네가름 [TIMED] [words_compact]=16시간 46분 ; segments=0 | 16시간 | 46분 | 남음 -> compact='016시간46분남음' ; prefix_noise='16시간46분' -> '16시간 46분' (repair_noisy_hour_minute) / direct_parse='16시간 46분' => 19:22 모네가름 / 현재=02:36:20 / 남은시간=16시간 46분 / 계산=19:22 / warnings=-
  slot 3 굴베이그 [TIMED] [words]=17시간 26분 ; segments=0 | 17시간 | 26 | 분 | 남음 -> spaced='0 17시간 26 분 남음' ; prefix_noise='17시간 26 분' -> '17시간 26분' (repair_noisy_hour_minute) / direct_parse='17시간 26분' => 20:02 굴베이그 / 현재=02:36:20 / 남은시간=17시간 26분 / 계산=20:02 / warnings=-
  slot 4 두라스로르 [TIMED] [words_compact]=10시간 4분 ; segments=0 | 10시간 | 4분 | 남음 -> compact='010시간4분남음' ; prefix_noise='10시간4분' -> '10시간 4분' (repair_noisy_hour_minute) / direct_parse='10시간 4분' => 12:40 두라스로르 / 현재=02:36:20 / 남은시간=10시간 4분 / 계산=12:40 / warnings=-
  slot 5 드라우그 [TIMED] [words_split_digits]=7시간 25분 ; segments=0 | 7 | 시간 | 25 | 분 | 남음 -> merged_digits='07 시간 25 분 남음' ; prefix_noise='7시간 25 분' -> '7시간 25분' (repair_noisy_hour_minute) / direct_parse='7시간 25분' => 10:01 드라우그 / 현재=02:36:20 / 남은시간=7시간 25분 / 계산=10:01 / warnings=-
  slot 6 오딘 [TIMED] [words_compact]=7시간 54분 ; segments=0 | 7시간 | 54분 | 남음 -> compact='07시간54분남음' ; prefix_noise='7시간54분' -> '7시간 54분' (repair_noisy_hour_minute) / direct_parse='7시간 54분' => 10:30 오딘 / 현재=02:36:20 / 남은시간=7시간 54분 / 계산=10:30 / warnings=-
[이미지 4] area=무스펠하임 base=02:36:23
  ocr2 fixed=1600x900 window=176,190,1410,709 area=무스펠하임 best=무스펠하임 final=무스펠하임 reason=fixed_full_name_2plus highlight=- fixed_tab=- def=440 def_boss=5 slot_match=5 slot_strong=5 slot_full=5 base=02:36:23 diag=ok=1 err=- img=1404812 src=1600x900 ocr=1600x900 lines=37 words=70 text=253
  slot 1 메기르 [TIMED] [words]=9시간 12분 ; segments=0 | 9시간 | 1 | 2 | = | - | 남음 -> spaced='0 9시간 1 2 = - 남음' ; prefix_noise='9시간 1 2 = -' -> '9시간 12분' (repair_split_minute_digits_after_hour, repair_noisy_hour_minute) / direct_parse='9시간 12분' => 11:48 메기르 / 현재=02:36:23 / 남은시간=9시간 12분 / 계산=11:48 / warnings=-
  slot 2 헤르가름 [TIMED] [words_compact]=9시간 57분 ; segments=0 | 9시간 | 57분 | 남음 -> compact='09시간57분남음' ; prefix_noise='9시간57분' -> '9시간 57분' (repair_noisy_hour_minute) / direct_parse='9시간 57분' => 12:33 헤르가름 / 현재=02:36:23 / 남은시간=9시간 57분 / 계산=12:33 / warnings=-
  slot 3 엘드룬 [TIMED] [words]=12시간 7분 ; segments=0 | 12시간 | 7 | = | “ | 남음 -> spaced='0 12시간 7 = “ 남음' ; prefix_noise='12시간 7 = “' -> '12시간 7분' (repair_noisy_hour_minute) / direct_parse='12시간 7분' => 14:43 엘드룬 / 현재=02:36:23 / 남은시간=12시간 7분 / 계산=14:43 / warnings=-
  slot 4 수르트 [TIMED] [words_split_digits]=8시간 13분 ; segments=0 | 8 | 시간 | 13 | 분 | 남음 -> merged_digits='08 시간 13 분 남음' ; prefix_noise='8시간 13 분' -> '8시간 13분' (repair_noisy_hour_minute) / direct_parse='8시간 13분' => 10:49 수르트 / 현재=02:36:23 / 남은시간=8시간 13분 / 계산=10:49 / warnings=-
  slot 5 신마라 [TIMED] [words_split_digits]=7시간 25분 ; segments=0 | 7 | 시간 | 25 | 분 | 남음 -> merged_digits='07 시간 25 분 남음' ; prefix_noise='7시간 25 분' -> '7시간 25분' (repair_noisy_hour_minute) / direct_parse='7시간 25분' => 10:01 신마라 / 현재=02:36:23 / 남은시간=7시간 25분 / 계산=10:01 / warnings=-
  slot 6 탕그 [TIMED] [words_compact]=7시간 25분 ; segments=0 | 7시간 | 25분 | 남음 -> compact='07시간25분남음' ; prefix_noise='7시간25분' -> '7시간 25분' (repair_noisy_hour_minute) / direct_parse='7시간 25분' => 10:01 탕그 / 현재=02:36:23 / 남은시간=7시간 25분 / 계산=10:01 / warnings=-
  slot 7 우로보로스 [TIMED] [words_compact]=12시간 24분 ; segments=0 | 12시간 | 24분 | 남음 -> compact='012시간24분남음' ; prefix_noise='12시간24분' -> '12시간 24분' (repair_noisy_hour_minute) / direct_parse='12시간 24분' => 15:00 우로보로스 / 현재=02:36:23 / 남은시간=12시간 24분 / 계산=15:00 / warnings=-

[2026-05-09 02:37:39] mode=ocr
[이미지 1] area=요툰하임 base=02:36:17
  ocr window=0,164,1600,730 area=요툰하임 best=요툰하임 reason=fixed_full_name_2plus highlight=- top=0 def=337 def_terms=4 def_boss=4 slot_exact=6 slot_boss=6 slot_match=3 slot_strong=3 slot_full=3 exact_boss=8 boss=10 grid=8 empty=0 base=02:36:17 diag=ok=1 err=- img=1488223 src=1600x900 ocr=1600x900 lines=32 words=63 text=212
  slot 1 파르바 [TIMED] [words_split_digits]=8시간 53분 ; segments=0 | 8 | 시간 | 53 | 분 | 남음 -> merged_digits='08 시간 53 분 남음' ; prefix_noise='8시간 53 분' -> '8시간 53분' (repair_noisy_hour_minute) / direct_parse='8시간 53분' => 11:29 침공 파르바 / 현재=02:36:17 / 남은시간=8시간 53분 / 계산=11:29 / warnings=-
  slot 2 흐니르 [TIMED] [words_compact]=8시간 5분 ; segments=0 | 8시간 | 5분 | 남음 -> compact='08시간5분남음' ; prefix_noise='8시간5분' -> '8시간 5분' (repair_noisy_hour_minute) / direct_parse='8시간 5분' => 10:41 침공 흐니르 / 현재=02:36:17 / 남은시간=8시간 5분 / 계산=10:41 / warnings=-
  slot 3 바우티 [TIMED] [card_words_group_merge]=7시간 25분 ; card_segments=7 | 시간 | 25 | 분 | 남음 | 0 -> merged_spaced='7 시간 25 분 남음 0' ; prefix_noise='7 시간 25 분 0' -> '7시간 25분' (repair_noisy_hour_minute) / direct_parse='7시간 25분' => 10:01 침공 바우티 / 현재=02:36:17 / 남은시간=7시간 25분 / 계산=10:01 / warnings=-
  slot 4 야른 [TIMED] [words_compact]=8시간 52분 ; segments=8시간 | 52분 | 남음 -> compact='8시간52분남음' ; prefix_noise='8시간52분' -> '8시간 52분' (repair_noisy_hour_minute) / direct_parse='8시간 52분' => 11:28 침공 야른 / 현재=02:36:17 / 남은시간=8시간 52분 / 계산=11:28 / warnings=-
  slot 5 셀로비아 [TIMED] [words_split_digits]=7시간 25분 ; segments=0 | 7 | 시간 | 25 | 분 | 남음 -> merged_digits='07 시간 25 분 남음' ; prefix_noise='7시간 25 분' -> '7시간 25분' (repair_noisy_hour_minute) / direct_parse='7시간 25분' => 10:01 침공 셀로비아 / 현재=02:36:17 / 남은시간=7시간 25분 / 계산=10:01 / warnings=-
  slot 6 페티 [TIMED] [words]=10시간 30분 ; segments=0 | 10시간 | 30 | = | 남음 -> spaced='0 10시간 30 = 남음' ; prefix_noise='10시간 30 =' -> '10시간 30분' (repair_noisy_hour_minute) / direct_parse='10시간 30분' => 13:06 침공 페티 / 현재=02:36:17 / 남은시간=10시간 30분 / 계산=13:06 / warnings=-
  slot 7 니드호그 [TIMED] [card_words_group_merge_compact]=8시간 34분 ; card_segments=8시간 | 34분 | 남음 | 0 -> merged_compact='8시간34분남음0' ; prefix_noise='8시간34분0' -> '8시간 34분' (repair_noisy_hour_minute) / direct_parse='8시간 34분' => 11:10 침공 니드호그 / 현재=02:36:17 / 남은시간=8시간 34분 / 계산=11:10 / warnings=-
[이미지 2] area=니다벨리르 base=02:36:18
  ocr window=0,164,1600,730 area=니다벨리르 best=니다벨리르 reason=fixed_full_name_2plus highlight=- top=0 def=337 def_terms=4 def_boss=4 slot_exact=4 slot_boss=5 slot_match=3 slot_strong=3 slot_full=3 exact_boss=12 boss=12 grid=8 empty=0 base=02:36:18 diag=ok=1 err=- img=1461299 src=1600x900 ocr=1600x900 lines=36 words=69 text=233
  slot 1 라이노르 [TIMED] [words_split_digits]=8시간 27분 ; segments=0 | 8 | 시간 | 27 | = | - | 남음 -> merged_digits='08 시간 27 = - 남음' ; prefix_noise='8시간 27 = -' -> '8시간 27분' (repair_noisy_hour_minute) / direct_parse='8시간 27분' => 11:03 침공 라이노르 / 현재=02:36:18 / 남은시간=8시간 27분 / 계산=11:03 / warnings=-
  slot 2 헤르모드 [TIMED] [words]=10시간 49분 ; segments=0 | 10시간 | 49 | = | - | 남음 -> spaced='0 10시간 49 = - 남음' ; prefix_noise='10시간 49 = -' -> '10시간 49분' (repair_noisy_hour_minute) / direct_parse='10시간 49분' => 13:25 침공 헤르모드 / 현재=02:36:18 / 남은시간=10시간 49분 / 계산=13:25 / warnings=-
  slot 3 브륀힐드 [TIMED] [card_words_group_merge]=8시간 6분 ; card_segments=0 | 8시간 | 6분 | 남음 | 0 -> merged_spaced='0 8시간 6분 남음 0' ; prefix_noise='8시간 6분 0' -> '8시간 6분' (repair_noisy_hour_minute) / direct_parse='8시간 6분' => 10:42 침공 브륀힐드 / 현재=02:36:18 / 남은시간=8시간 6분 / 계산=10:42 / warnings=-
  slot 4 수드리 [TIMED] [words_compact]=9시간 32분 ; segments=9시간 | 32 | = | 남음 -> compact='9시간32=남음' ; prefix_noise='9시간32=' -> '9시간 32분' (repair_noisy_hour_minute) / direct_parse='9시간 32분' => 12:08 침공 수드리 / 현재=02:36:18 / 남은시간=9시간 32분 / 계산=12:08 / warnings=-
  slot 5 비요른 [TIMED] [words]=10시간 16분 ; segments=0 | 10시간 | 16 | 분 | 남음 -> spaced='0 10시간 16 분 남음' ; prefix_noise='10시간 16 분' -> '10시간 16분' (repair_noisy_hour_minute) / direct_parse='10시간 16분' => 12:52 침공 비요른 / 현재=02:36:18 / 남은시간=10시간 16분 / 계산=12:52 / warnings=-
  slot 6 스칼라니르 [TIMED] [words]=10시간 35분 ; segments=0 | 10시간 | 35 | 분 | 남음 -> spaced='0 10시간 35 분 남음' ; prefix_noise='10시간 35 분' -> '10시간 35분' (repair_noisy_hour_minute) / direct_parse='10시간 35분' => 13:11 침공 스칼라니르 / 현재=02:36:18 / 남은시간=10시간 35분 / 계산=13:11 / warnings=-
  slot 7 라타토스크 [TIMED] [card_words_group_merge]=8시간 5분 ; card_segments=0 | 8시간 | 5분 | 남음 | 0 -> merged_spaced='0 8시간 5분 남음 0' ; prefix_noise='8시간 5분 0' -> '8시간 5분' (repair_noisy_hour_minute) / direct_parse='8시간 5분' => 10:41 침공 라타토스크 / 현재=02:36:18 / 남은시간=8시간 5분 / 계산=10:41 / warnings=-
  slot 8 토르 [TIMED] [words]=16시간 9분 ; segments=16 | 시간 | 9 | = | 남음 -> spaced='16 시간 9 = 남음' ; prefix_noise='16 시간 9 =' -> '16시간 9분' (repair_noisy_hour_minute) / direct_parse='16시간 9분' => 18:45 침공 토르 / 현재=02:36:18 / 남은시간=16시간 9분 / 계산=18:45 / warnings=-
[이미지 3] area=알브하임 base=02:36:20
  ocr window=0,164,1600,730 area=알브하임 best=알브하임 reason=fixed_full_name_2plus highlight=- top=0 def=440 def_terms=5 def_boss=5 slot_exact=8 slot_boss=8 slot_match=4 slot_strong=4 slot_full=4 exact_boss=12 boss=14 grid=6 empty=0 base=02:36:20 diag=ok=1 err=- img=1320404 src=1600x900 ocr=1600x900 lines=32 words=56 text=203
  slot 1 스바르트 [TIMED] [words_split_digits]=7시간 25분 ; segments=0 | 7 | 시간 | 25 | 분 | 남음 -> merged_digits='07 시간 25 분 남음' ; prefix_noise='7시간 25 분' -> '7시간 25분' (repair_noisy_hour_minute) / direct_parse='7시간 25분' => 10:01 침공 스바르트 / 현재=02:36:20 / 남은시간=7시간 25분 / 계산=10:01 / warnings=-
  slot 2 모네가름 [TIMED] [words_compact]=16시간 46분 ; segments=0 | 16시간 | 46분 | 남음 -> compact='016시간46분남음' ; prefix_noise='16시간46분' -> '16시간 46분' (repair_noisy_hour_minute) / direct_parse='16시간 46분' => 19:22 침공 모네가름 / 현재=02:36:20 / 남은시간=16시간 46분 / 계산=19:22 / warnings=-
  slot 3 굴베이그 [TIMED] [words_compact]=17시간 26분 ; segments=17시간 | 26 | 분 | 남음 -> compact='17시간26분남음' ; prefix_noise='17시간26분' -> '17시간 26분' (repair_noisy_hour_minute) / direct_parse='17시간 26분' => 20:02 침공 굴베이그 / 현재=02:36:20 / 남은시간=17시간 26분 / 계산=20:02 / warnings=-
  slot 4 두라스로르 [TIMED] [words_compact]=10시간 4분 ; segments=0 | 10시간 | 4분 | 남음 -> compact='010시간4분남음' ; prefix_noise='10시간4분' -> '10시간 4분' (repair_noisy_hour_minute) / direct_parse='10시간 4분' => 12:40 침공 두라스로르 / 현재=02:36:20 / 남은시간=10시간 4분 / 계산=12:40 / warnings=-
  slot 5 드라우그 [TIMED] [words_split_digits]=7시간 25분 ; segments=0 | 7 | 시간 | 25 | 분 | 남음 -> merged_digits='07 시간 25 분 남음' ; prefix_noise='7시간 25 분' -> '7시간 25분' (repair_noisy_hour_minute) / direct_parse='7시간 25분' => 10:01 침공 드라우그 / 현재=02:36:20 / 남은시간=7시간 25분 / 계산=10:01 / warnings=-
  slot 6 오딘 [TIMED] [words_compact]=7시간 54분 ; segments=7시간 | 54분 | 남음 -> compact='7시간54분남음' ; prefix_noise='7시간54분' -> '7시간 54분' (repair_noisy_hour_minute) / direct_parse='7시간 54분' => 10:30 침공 오딘 / 현재=02:36:20 / 남은시간=7시간 54분 / 계산=10:30 / warnings=-
[이미지 4] area=무스펠하임 base=02:36:23
  ocr window=0,164,1600,730 area=무스펠하임 best=무스펠하임 reason=fixed_full_name_2plus highlight=- top=0 def=440 def_terms=5 def_boss=5 slot_exact=8 slot_boss=8 slot_match=4 slot_strong=4 slot_full=4 exact_boss=16 boss=16 grid=7 empty=0 base=02:36:23 diag=ok=1 err=- img=1404812 src=1600x900 ocr=1600x900 lines=37 words=70 text=253
  slot 1 메기르 [TIMED] [words]=9시간 12분 ; segments=0 | 9시간 | 1 | 2 | = | - | 남음 -> spaced='0 9시간 1 2 = - 남음' ; prefix_noise='9시간 1 2 = -' -> '9시간 12분' (repair_split_minute_digits_after_hour, repair_noisy_hour_minute) / direct_parse='9시간 12분' => 11:48 침공 메기르 / 현재=02:36:23 / 남은시간=9시간 12분 / 계산=11:48 / warnings=-
  slot 2 헤르가름 [TIMED] [words_compact]=9시간 57분 ; segments=0 | 9시간 | 57분 | 남음 -> compact='09시간57분남음' ; prefix_noise='9시간57분' -> '9시간 57분' (repair_noisy_hour_minute) / direct_parse='9시간 57분' => 12:33 침공 헤르가름 / 현재=02:36:23 / 남은시간=9시간 57분 / 계산=12:33 / warnings=-
  slot 3 엘드룬 [TIMED] [card_words_group_merge]=12시간 7분 ; card_segments=12시간 | 7 | = | “ | 남음 | 0 -> merged_spaced='12시간 7 = “ 남음 0' ; prefix_noise='12시간 7 = “ 0' -> '12시간 7분' (repair_noisy_hour_minute) / direct_parse='12시간 7분' => 14:43 침공 엘드룬 / 현재=02:36:23 / 남은시간=12시간 7분 / 계산=14:43 / warnings=-
  slot 4 수르트 [TIMED] [words]=8시간 13분 ; segments=8 | 시간 | 13 | 분 | 남음 -> spaced='8 시간 13 분 남음' ; prefix_noise='8 시간 13 분' -> '8시간 13분' (repair_noisy_hour_minute) / direct_parse='8시간 13분' => 10:49 침공 수르트 / 현재=02:36:23 / 남은시간=8시간 13분 / 계산=10:49 / warnings=-
  slot 5 신마라 [TIMED] [words_split_digits]=7시간 25분 ; segments=0 | 7 | 시간 | 25 | 분 | 남음 -> merged_digits='07 시간 25 분 남음' ; prefix_noise='7시간 25 분' -> '7시간 25분' (repair_noisy_hour_minute) / direct_parse='7시간 25분' => 10:01 침공 신마라 / 현재=02:36:23 / 남은시간=7시간 25분 / 계산=10:01 / warnings=-
  slot 6 탕그 [TIMED] [words_compact]=7시간 25분 ; segments=0 | 7시간 | 25분 | 남음 -> compact='07시간25분남음' ; prefix_noise='7시간25분' -> '7시간 25분' (repair_noisy_hour_minute) / direct_parse='7시간 25분' => 10:01 침공 탕그 / 현재=02:36:23 / 남은시간=7시간 25분 / 계산=10:01 / warnings=-
  slot 7 우로보로스 [TIMED] [words_compact]=12시간 24분 ; segments=12시간 | 24분 | 남음 -> compact='12시간24분남음' ; prefix_noise='12시간24분' -> '12시간 24분' (repair_noisy_hour_minute) / direct_parse='12시간 24분' => 15:00 침공 우로보로스 / 현재=02:36:23 / 남은시간=12시간 24분 / 계산=15:00 / warnings=-

[2026-05-09 02:37:39] mode=ocr2
[이미지 1] area=요툰하임 base=02:36:17
  ocr2 fixed=1600x900 window=176,190,1410,709 area=요툰하임 best=요툰하임 final=요툰하임 reason=fixed_full_name_2plus highlight=- fixed_tab=- def=337 def_boss=4 slot_match=3 slot_strong=3 slot_full=3 base=02:36:17 diag=ok=1 err=- img=1488223 src=1600x900 ocr=1600x900 lines=32 words=63 text=212
  slot 1 파르바 [TIMED] [words_split_digits]=8시간 53분 ; segments=0 | 8 | 시간 | 53 | 분 | 남음 -> merged_digits='08 시간 53 분 남음' ; prefix_noise='8시간 53 분' -> '8시간 53분' (repair_noisy_hour_minute) / direct_parse='8시간 53분' => 11:29 침공 파르바 / 현재=02:36:17 / 남은시간=8시간 53분 / 계산=11:29 / warnings=-
  slot 2 흐니르 [TIMED] [words_compact]=8시간 5분 ; segments=0 | 8시간 | 5분 | 남음 -> compact='08시간5분남음' ; prefix_noise='8시간5분' -> '8시간 5분' (repair_noisy_hour_minute) / direct_parse='8시간 5분' => 10:41 침공 흐니르 / 현재=02:36:17 / 남은시간=8시간 5분 / 계산=10:41 / warnings=-
  slot 3 바우티 [TIMED] [words_split_digits]=7시간 25분 ; segments=0 | 7 | 시간 | 25 | 분 | 남음 -> merged_digits='07 시간 25 분 남음' ; prefix_noise='7시간 25 분' -> '7시간 25분' (repair_noisy_hour_minute) / direct_parse='7시간 25분' => 10:01 침공 바우티 / 현재=02:36:17 / 남은시간=7시간 25분 / 계산=10:01 / warnings=-
  slot 4 야른 [TIMED] [words_compact]=8시간 52분 ; segments=0 | 8시간 | 52분 | 남음 -> compact='08시간52분남음' ; prefix_noise='8시간52분' -> '8시간 52분' (repair_noisy_hour_minute) / direct_parse='8시간 52분' => 11:28 침공 야른 / 현재=02:36:17 / 남은시간=8시간 52분 / 계산=11:28 / warnings=-
  slot 5 셀로비아 [TIMED] [words_split_digits]=7시간 25분 ; segments=0 | 7 | 시간 | 25 | 분 | 남음 -> merged_digits='07 시간 25 분 남음' ; prefix_noise='7시간 25 분' -> '7시간 25분' (repair_noisy_hour_minute) / direct_parse='7시간 25분' => 10:01 침공 셀로비아 / 현재=02:36:17 / 남은시간=7시간 25분 / 계산=10:01 / warnings=-
  slot 6 페티 [TIMED] [words]=10시간 30분 ; segments=0 | 10시간 | 30 | = | “ | 남음 -> spaced='0 10시간 30 = “ 남음' ; prefix_noise='10시간 30 = “' -> '10시간 30분' (repair_noisy_hour_minute) / direct_parse='10시간 30분' => 13:06 침공 페티 / 현재=02:36:17 / 남은시간=10시간 30분 / 계산=13:06 / warnings=-
  slot 7 니드호그 [TIMED] [words_compact]=8시간 34분 ; segments=0 | 8시간 | 34분 | 남음 -> compact='08시간34분남음' ; prefix_noise='8시간34분' -> '8시간 34분' (repair_noisy_hour_minute) / direct_parse='8시간 34분' => 11:10 침공 니드호그 / 현재=02:36:17 / 남은시간=8시간 34분 / 계산=11:10 / warnings=-
[이미지 2] area=니다벨리르 base=02:36:18
  ocr2 fixed=1600x900 window=176,190,1410,709 area=니다벨리르 best=니다벨리르 final=니다벨리르 reason=fixed_full_name_2plus highlight=- fixed_tab=- def=337 def_boss=4 slot_match=4 slot_strong=4 slot_full=4 base=02:36:18 diag=ok=1 err=- img=1461299 src=1600x900 ocr=1600x900 lines=36 words=69 text=233
  slot 1 라이노르 [TIMED] [words_split_digits]=8시간 27분 ; segments=0 | 8 | 시간 | 27 | = | - | 남음 -> merged_digits='08 시간 27 = - 남음' ; prefix_noise='8시간 27 = -' -> '8시간 27분' (repair_noisy_hour_minute) / direct_parse='8시간 27분' => 11:03 침공 라이노르 / 현재=02:36:18 / 남은시간=8시간 27분 / 계산=11:03 / warnings=-
  slot 2 헤르모드 [TIMED] [words]=10시간 49분 ; segments=0 | 10시간 | 49 | = | - | 남음 -> spaced='0 10시간 49 = - 남음' ; prefix_noise='10시간 49 = -' -> '10시간 49분' (repair_noisy_hour_minute) / direct_parse='10시간 49분' => 13:25 침공 헤르모드 / 현재=02:36:18 / 남은시간=10시간 49분 / 계산=13:25 / warnings=-
  slot 3 브륀힐드 [TIMED] [words_compact]=8시간 6분 ; segments=0 | 8시간 | 6분 | 남음 -> compact='08시간6분남음' ; prefix_noise='8시간6분' -> '8시간 6분' (repair_noisy_hour_minute) / direct_parse='8시간 6분' => 10:42 침공 브륀힐드 / 현재=02:36:18 / 남은시간=8시간 6분 / 계산=10:42 / warnings=-
  slot 4 수드리 [TIMED] [words]=9시간 32분 ; segments=0 | 9시간 | 32 | = | 남음 -> spaced='0 9시간 32 = 남음' ; prefix_noise='9시간 32 =' -> '9시간 32분' (repair_noisy_hour_minute) / direct_parse='9시간 32분' => 12:08 침공 수드리 / 현재=02:36:18 / 남은시간=9시간 32분 / 계산=12:08 / warnings=-
  slot 5 비요른 [TIMED] [words]=10시간 16분 ; segments=0 | 10시간 | 16 | 분 | 남음 -> spaced='0 10시간 16 분 남음' ; prefix_noise='10시간 16 분' -> '10시간 16분' (repair_noisy_hour_minute) / direct_parse='10시간 16분' => 12:52 침공 비요른 / 현재=02:36:18 / 남은시간=10시간 16분 / 계산=12:52 / warnings=-
  slot 6 스칼라니르 [TIMED] [words]=10시간 35분 ; segments=0 | 10시간 | 35 | 분 | 남음 -> spaced='0 10시간 35 분 남음' ; prefix_noise='10시간 35 분' -> '10시간 35분' (repair_noisy_hour_minute) / direct_parse='10시간 35분' => 13:11 침공 스칼라니르 / 현재=02:36:18 / 남은시간=10시간 35분 / 계산=13:11 / warnings=-
  slot 7 라타토스크 [TIMED] [words_compact]=8시간 5분 ; segments=0 | 8시간 | 5분 | 남음 -> compact='08시간5분남음' ; prefix_noise='8시간5분' -> '8시간 5분' (repair_noisy_hour_minute) / direct_parse='8시간 5분' => 10:41 침공 라타토스크 / 현재=02:36:18 / 남은시간=8시간 5분 / 계산=10:41 / warnings=-
  slot 8 토르 [TIMED] [words]=16시간 9분 ; segments=0 | 16 | 시간 | 9 | = | “ | 남음 -> spaced='0 16 시간 9 = “ 남음' ; prefix_noise='16 시간 9 = “' -> '16시간 9분' (repair_noisy_hour_minute) / direct_parse='16시간 9분' => 18:45 침공 토르 / 현재=02:36:18 / 남은시간=16시간 9분 / 계산=18:45 / warnings=-
[이미지 3] area=알브하임 base=02:36:20
  ocr2 fixed=1600x900 window=176,190,1410,709 area=알브하임 best=알브하임 final=알브하임 reason=fixed_full_name_2plus highlight=- fixed_tab=- def=440 def_boss=5 slot_match=5 slot_strong=5 slot_full=5 base=02:36:20 diag=ok=1 err=- img=1320404 src=1600x900 ocr=1600x900 lines=32 words=56 text=203
  slot 1 스바르트 [TIMED] [words_split_digits]=7시간 25분 ; segments=0 | 7 | 시간 | 25 | 분 | 남음 -> merged_digits='07 시간 25 분 남음' ; prefix_noise='7시간 25 분' -> '7시간 25분' (repair_noisy_hour_minute) / direct_parse='7시간 25분' => 10:01 침공 스바르트 / 현재=02:36:20 / 남은시간=7시간 25분 / 계산=10:01 / warnings=-
  slot 2 모네가름 [TIMED] [words_compact]=16시간 46분 ; segments=0 | 16시간 | 46분 | 남음 -> compact='016시간46분남음' ; prefix_noise='16시간46분' -> '16시간 46분' (repair_noisy_hour_minute) / direct_parse='16시간 46분' => 19:22 침공 모네가름 / 현재=02:36:20 / 남은시간=16시간 46분 / 계산=19:22 / warnings=-
  slot 3 굴베이그 [TIMED] [words]=17시간 26분 ; segments=0 | 17시간 | 26 | 분 | 남음 -> spaced='0 17시간 26 분 남음' ; prefix_noise='17시간 26 분' -> '17시간 26분' (repair_noisy_hour_minute) / direct_parse='17시간 26분' => 20:02 침공 굴베이그 / 현재=02:36:20 / 남은시간=17시간 26분 / 계산=20:02 / warnings=-
  slot 4 두라스로르 [TIMED] [words_compact]=10시간 4분 ; segments=0 | 10시간 | 4분 | 남음 -> compact='010시간4분남음' ; prefix_noise='10시간4분' -> '10시간 4분' (repair_noisy_hour_minute) / direct_parse='10시간 4분' => 12:40 침공 두라스로르 / 현재=02:36:20 / 남은시간=10시간 4분 / 계산=12:40 / warnings=-
  slot 5 드라우그 [TIMED] [words_split_digits]=7시간 25분 ; segments=0 | 7 | 시간 | 25 | 분 | 남음 -> merged_digits='07 시간 25 분 남음' ; prefix_noise='7시간 25 분' -> '7시간 25분' (repair_noisy_hour_minute) / direct_parse='7시간 25분' => 10:01 침공 드라우그 / 현재=02:36:20 / 남은시간=7시간 25분 / 계산=10:01 / warnings=-
  slot 6 오딘 [TIMED] [words_compact]=7시간 54분 ; segments=0 | 7시간 | 54분 | 남음 -> compact='07시간54분남음' ; prefix_noise='7시간54분' -> '7시간 54분' (repair_noisy_hour_minute) / direct_parse='7시간 54분' => 10:30 침공 오딘 / 현재=02:36:20 / 남은시간=7시간 54분 / 계산=10:30 / warnings=-
[이미지 4] area=무스펠하임 base=02:36:23
  ocr2 fixed=1600x900 window=176,190,1410,709 area=무스펠하임 best=무스펠하임 final=무스펠하임 reason=fixed_full_name_2plus highlight=- fixed_tab=- def=440 def_boss=5 slot_match=5 slot_strong=5 slot_full=5 base=02:36:23 diag=ok=1 err=- img=1404812 src=1600x900 ocr=1600x900 lines=37 words=70 text=253
  slot 1 메기르 [TIMED] [words]=9시간 12분 ; segments=0 | 9시간 | 1 | 2 | = | - | 남음 -> spaced='0 9시간 1 2 = - 남음' ; prefix_noise='9시간 1 2 = -' -> '9시간 12분' (repair_split_minute_digits_after_hour, repair_noisy_hour_minute) / direct_parse='9시간 12분' => 11:48 침공 메기르 / 현재=02:36:23 / 남은시간=9시간 12분 / 계산=11:48 / warnings=-
  slot 2 헤르가름 [TIMED] [words_compact]=9시간 57분 ; segments=0 | 9시간 | 57분 | 남음 -> compact='09시간57분남음' ; prefix_noise='9시간57분' -> '9시간 57분' (repair_noisy_hour_minute) / direct_parse='9시간 57분' => 12:33 침공 헤르가름 / 현재=02:36:23 / 남은시간=9시간 57분 / 계산=12:33 / warnings=-
  slot 3 엘드룬 [TIMED] [words]=12시간 7분 ; segments=0 | 12시간 | 7 | = | “ | 남음 -> spaced='0 12시간 7 = “ 남음' ; prefix_noise='12시간 7 = “' -> '12시간 7분' (repair_noisy_hour_minute) / direct_parse='12시간 7분' => 14:43 침공 엘드룬 / 현재=02:36:23 / 남은시간=12시간 7분 / 계산=14:43 / warnings=-
  slot 4 수르트 [TIMED] [words_split_digits]=8시간 13분 ; segments=0 | 8 | 시간 | 13 | 분 | 남음 -> merged_digits='08 시간 13 분 남음' ; prefix_noise='8시간 13 분' -> '8시간 13분' (repair_noisy_hour_minute) / direct_parse='8시간 13분' => 10:49 침공 수르트 / 현재=02:36:23 / 남은시간=8시간 13분 / 계산=10:49 / warnings=-
  slot 5 신마라 [TIMED] [words_split_digits]=7시간 25분 ; segments=0 | 7 | 시간 | 25 | 분 | 남음 -> merged_digits='07 시간 25 분 남음' ; prefix_noise='7시간 25 분' -> '7시간 25분' (repair_noisy_hour_minute) / direct_parse='7시간 25분' => 10:01 침공 신마라 / 현재=02:36:23 / 남은시간=7시간 25분 / 계산=10:01 / warnings=-
  slot 6 탕그 [TIMED] [words_compact]=7시간 25분 ; segments=0 | 7시간 | 25분 | 남음 -> compact='07시간25분남음' ; prefix_noise='7시간25분' -> '7시간 25분' (repair_noisy_hour_minute) / direct_parse='7시간 25분' => 10:01 침공 탕그 / 현재=02:36:23 / 남은시간=7시간 25분 / 계산=10:01 / warnings=-
  slot 7 우로보로스 [TIMED] [words_compact]=12시간 24분 ; segments=0 | 12시간 | 24분 | 남음 -> compact='012시간24분남음' ; prefix_noise='12시간24분' -> '12시간 24분' (repair_noisy_hour_minute) / direct_parse='12시간 24분' => 15:00 침공 우로보로스 / 현재=02:36:23 / 남은시간=12시간 24분 / 계산=15:00 / warnings=-

[2026-05-09 02:37:40] mode=ocr
[이미지 1] area=요툰하임 base=02:36:17
  ocr window=0,164,1600,730 area=요툰하임 best=요툰하임 reason=fixed_full_name_2plus highlight=- top=0 def=337 def_terms=4 def_boss=4 slot_exact=6 slot_boss=6 slot_match=3 slot_strong=3 slot_full=3 exact_boss=8 boss=10 grid=8 empty=0 base=02:36:17 diag=ok=1 err=- img=1488223 src=1600x900 ocr=1600x900 lines=32 words=63 text=212
  slot 1 파르바 [TIMED] [words_split_digits]=8시간 53분 ; segments=0 | 8 | 시간 | 53 | 분 | 남음 -> merged_digits='08 시간 53 분 남음' ; prefix_noise='8시간 53 분' -> '8시간 53분' (repair_noisy_hour_minute) / direct_parse='8시간 53분' => 11:29 파르바 / 현재=02:36:17 / 남은시간=8시간 53분 / 계산=11:29 / warnings=-
  slot 2 흐니르 [TIMED] [words_compact]=8시간 5분 ; segments=0 | 8시간 | 5분 | 남음 -> compact='08시간5분남음' ; prefix_noise='8시간5분' -> '8시간 5분' (repair_noisy_hour_minute) / direct_parse='8시간 5분' => 10:41 흐니르 / 현재=02:36:17 / 남은시간=8시간 5분 / 계산=10:41 / warnings=-
  slot 3 바우티 [TIMED] [card_words_group_merge]=7시간 25분 ; card_segments=7 | 시간 | 25 | 분 | 남음 | 0 -> merged_spaced='7 시간 25 분 남음 0' ; prefix_noise='7 시간 25 분 0' -> '7시간 25분' (repair_noisy_hour_minute) / direct_parse='7시간 25분' => 10:01 바우티 / 현재=02:36:17 / 남은시간=7시간 25분 / 계산=10:01 / warnings=-
  slot 4 야른 [TIMED] [words_compact]=8시간 52분 ; segments=8시간 | 52분 | 남음 -> compact='8시간52분남음' ; prefix_noise='8시간52분' -> '8시간 52분' (repair_noisy_hour_minute) / direct_parse='8시간 52분' => 11:28 야른 / 현재=02:36:17 / 남은시간=8시간 52분 / 계산=11:28 / warnings=-
  slot 5 셀로비아 [TIMED] [words_split_digits]=7시간 25분 ; segments=0 | 7 | 시간 | 25 | 분 | 남음 -> merged_digits='07 시간 25 분 남음' ; prefix_noise='7시간 25 분' -> '7시간 25분' (repair_noisy_hour_minute) / direct_parse='7시간 25분' => 10:01 셀로비아 / 현재=02:36:17 / 남은시간=7시간 25분 / 계산=10:01 / warnings=-
  slot 6 페티 [TIMED] [words]=10시간 30분 ; segments=0 | 10시간 | 30 | = | 남음 -> spaced='0 10시간 30 = 남음' ; prefix_noise='10시간 30 =' -> '10시간 30분' (repair_noisy_hour_minute) / direct_parse='10시간 30분' => 13:06 페티 / 현재=02:36:17 / 남은시간=10시간 30분 / 계산=13:06 / warnings=-
  slot 7 니드호그 [TIMED] [card_words_group_merge_compact]=8시간 34분 ; card_segments=8시간 | 34분 | 남음 | 0 -> merged_compact='8시간34분남음0' ; prefix_noise='8시간34분0' -> '8시간 34분' (repair_noisy_hour_minute) / direct_parse='8시간 34분' => 11:10 니드호그 / 현재=02:36:17 / 남은시간=8시간 34분 / 계산=11:10 / warnings=-
  slot 8 티르 [TIMED] [words_compact]=2일 13시간 ; segments=2일 | 13시간 | 남음 -> compact='2일13시간남음' ; unit_inferred=2일 13시간 / direct_parse='2일 13시간' => 티르 2일 13시간 / 현재=02:36:17 / 남은시간=2일 13시간 / 계산=15:36 / warnings=-
[이미지 2] area=니다벨리르 base=02:36:18
  ocr window=0,164,1600,730 area=니다벨리르 best=니다벨리르 reason=fixed_full_name_2plus highlight=- top=0 def=337 def_terms=4 def_boss=4 slot_exact=4 slot_boss=5 slot_match=3 slot_strong=3 slot_full=3 exact_boss=12 boss=12 grid=8 empty=0 base=02:36:18 diag=ok=1 err=- img=1461299 src=1600x900 ocr=1600x900 lines=36 words=69 text=233
  slot 1 라이노르 [TIMED] [words_split_digits]=8시간 27분 ; segments=0 | 8 | 시간 | 27 | = | - | 남음 -> merged_digits='08 시간 27 = - 남음' ; prefix_noise='8시간 27 = -' -> '8시간 27분' (repair_noisy_hour_minute) / direct_parse='8시간 27분' => 11:03 라이노르 / 현재=02:36:18 / 남은시간=8시간 27분 / 계산=11:03 / warnings=-
  slot 2 헤르모드 [TIMED] [words]=10시간 49분 ; segments=0 | 10시간 | 49 | = | - | 남음 -> spaced='0 10시간 49 = - 남음' ; prefix_noise='10시간 49 = -' -> '10시간 49분' (repair_noisy_hour_minute) / direct_parse='10시간 49분' => 13:25 헤르모드 / 현재=02:36:18 / 남은시간=10시간 49분 / 계산=13:25 / warnings=-
  slot 3 브륀힐드 [TIMED] [card_words_group_merge]=8시간 6분 ; card_segments=0 | 8시간 | 6분 | 남음 | 0 -> merged_spaced='0 8시간 6분 남음 0' ; prefix_noise='8시간 6분 0' -> '8시간 6분' (repair_noisy_hour_minute) / direct_parse='8시간 6분' => 10:42 브륀힐드 / 현재=02:36:18 / 남은시간=8시간 6분 / 계산=10:42 / warnings=-
  slot 4 수드리 [TIMED] [words_compact]=9시간 32분 ; segments=9시간 | 32 | = | 남음 -> compact='9시간32=남음' ; prefix_noise='9시간32=' -> '9시간 32분' (repair_noisy_hour_minute) / direct_parse='9시간 32분' => 12:08 수드리 / 현재=02:36:18 / 남은시간=9시간 32분 / 계산=12:08 / warnings=-
  slot 5 비요른 [TIMED] [words]=10시간 16분 ; segments=0 | 10시간 | 16 | 분 | 남음 -> spaced='0 10시간 16 분 남음' ; prefix_noise='10시간 16 분' -> '10시간 16분' (repair_noisy_hour_minute) / direct_parse='10시간 16분' => 12:52 비요른 / 현재=02:36:18 / 남은시간=10시간 16분 / 계산=12:52 / warnings=-
  slot 6 스칼라니르 [TIMED] [words]=10시간 35분 ; segments=0 | 10시간 | 35 | 분 | 남음 -> spaced='0 10시간 35 분 남음' ; prefix_noise='10시간 35 분' -> '10시간 35분' (repair_noisy_hour_minute) / direct_parse='10시간 35분' => 13:11 스칼라니르 / 현재=02:36:18 / 남은시간=10시간 35분 / 계산=13:11 / warnings=-
  slot 7 라타토스크 [TIMED] [card_words_group_merge]=8시간 5분 ; card_segments=0 | 8시간 | 5분 | 남음 | 0 -> merged_spaced='0 8시간 5분 남음 0' ; prefix_noise='8시간 5분 0' -> '8시간 5분' (repair_noisy_hour_minute) / direct_parse='8시간 5분' => 10:41 라타토스크 / 현재=02:36:18 / 남은시간=8시간 5분 / 계산=10:41 / warnings=-
  slot 8 토르 [TIMED] [words]=16시간 9분 ; segments=16 | 시간 | 9 | = | 남음 -> spaced='16 시간 9 = 남음' ; prefix_noise='16 시간 9 =' -> '16시간 9분' (repair_noisy_hour_minute) / direct_parse='16시간 9분' => 18:45 토르 / 현재=02:36:18 / 남은시간=16시간 9분 / 계산=18:45 / warnings=-
[이미지 3] area=알브하임 base=02:36:20
  ocr window=0,164,1600,730 area=알브하임 best=알브하임 reason=fixed_full_name_2plus highlight=- top=0 def=440 def_terms=5 def_boss=5 slot_exact=8 slot_boss=8 slot_match=4 slot_strong=4 slot_full=4 exact_boss=12 boss=14 grid=6 empty=0 base=02:36:20 diag=ok=1 err=- img=1320404 src=1600x900 ocr=1600x900 lines=32 words=56 text=203
  slot 1 스바르트 [TIMED] [words_split_digits]=7시간 25분 ; segments=0 | 7 | 시간 | 25 | 분 | 남음 -> merged_digits='07 시간 25 분 남음' ; prefix_noise='7시간 25 분' -> '7시간 25분' (repair_noisy_hour_minute) / direct_parse='7시간 25분' => 10:01 스바르트 / 현재=02:36:20 / 남은시간=7시간 25분 / 계산=10:01 / warnings=-
  slot 2 모네가름 [TIMED] [words_compact]=16시간 46분 ; segments=0 | 16시간 | 46분 | 남음 -> compact='016시간46분남음' ; prefix_noise='16시간46분' -> '16시간 46분' (repair_noisy_hour_minute) / direct_parse='16시간 46분' => 19:22 모네가름 / 현재=02:36:20 / 남은시간=16시간 46분 / 계산=19:22 / warnings=-
  slot 3 굴베이그 [TIMED] [words_compact]=17시간 26분 ; segments=17시간 | 26 | 분 | 남음 -> compact='17시간26분남음' ; prefix_noise='17시간26분' -> '17시간 26분' (repair_noisy_hour_minute) / direct_parse='17시간 26분' => 20:02 굴베이그 / 현재=02:36:20 / 남은시간=17시간 26분 / 계산=20:02 / warnings=-
  slot 4 두라스로르 [TIMED] [words_compact]=10시간 4분 ; segments=0 | 10시간 | 4분 | 남음 -> compact='010시간4분남음' ; prefix_noise='10시간4분' -> '10시간 4분' (repair_noisy_hour_minute) / direct_parse='10시간 4분' => 12:40 두라스로르 / 현재=02:36:20 / 남은시간=10시간 4분 / 계산=12:40 / warnings=-
  slot 5 드라우그 [TIMED] [words_split_digits]=7시간 25분 ; segments=0 | 7 | 시간 | 25 | 분 | 남음 -> merged_digits='07 시간 25 분 남음' ; prefix_noise='7시간 25 분' -> '7시간 25분' (repair_noisy_hour_minute) / direct_parse='7시간 25분' => 10:01 드라우그 / 현재=02:36:20 / 남은시간=7시간 25분 / 계산=10:01 / warnings=-
  slot 6 오딘 [TIMED] [words_compact]=7시간 54분 ; segments=7시간 | 54분 | 남음 -> compact='7시간54분남음' ; prefix_noise='7시간54분' -> '7시간 54분' (repair_noisy_hour_minute) / direct_parse='7시간 54분' => 10:30 오딘 / 현재=02:36:20 / 남은시간=7시간 54분 / 계산=10:30 / warnings=-
[이미지 4] area=무스펠하임 base=02:36:23
  ocr window=0,164,1600,730 area=무스펠하임 best=무스펠하임 reason=fixed_full_name_2plus highlight=- top=0 def=440 def_terms=5 def_boss=5 slot_exact=8 slot_boss=8 slot_match=4 slot_strong=4 slot_full=4 exact_boss=16 boss=16 grid=7 empty=0 base=02:36:23 diag=ok=1 err=- img=1404812 src=1600x900 ocr=1600x900 lines=37 words=70 text=253
  slot 1 메기르 [TIMED] [words]=9시간 12분 ; segments=0 | 9시간 | 1 | 2 | = | - | 남음 -> spaced='0 9시간 1 2 = - 남음' ; prefix_noise='9시간 1 2 = -' -> '9시간 12분' (repair_split_minute_digits_after_hour, repair_noisy_hour_minute) / direct_parse='9시간 12분' => 11:48 메기르 / 현재=02:36:23 / 남은시간=9시간 12분 / 계산=11:48 / warnings=-
  slot 2 헤르가름 [TIMED] [words_compact]=9시간 57분 ; segments=0 | 9시간 | 57분 | 남음 -> compact='09시간57분남음' ; prefix_noise='9시간57분' -> '9시간 57분' (repair_noisy_hour_minute) / direct_parse='9시간 57분' => 12:33 헤르가름 / 현재=02:36:23 / 남은시간=9시간 57분 / 계산=12:33 / warnings=-
  slot 3 엘드룬 [TIMED] [card_words_group_merge]=12시간 7분 ; card_segments=12시간 | 7 | = | “ | 남음 | 0 -> merged_spaced='12시간 7 = “ 남음 0' ; prefix_noise='12시간 7 = “ 0' -> '12시간 7분' (repair_noisy_hour_minute) / direct_parse='12시간 7분' => 14:43 엘드룬 / 현재=02:36:23 / 남은시간=12시간 7분 / 계산=14:43 / warnings=-
  slot 4 수르트 [TIMED] [words]=8시간 13분 ; segments=8 | 시간 | 13 | 분 | 남음 -> spaced='8 시간 13 분 남음' ; prefix_noise='8 시간 13 분' -> '8시간 13분' (repair_noisy_hour_minute) / direct_parse='8시간 13분' => 10:49 수르트 / 현재=02:36:23 / 남은시간=8시간 13분 / 계산=10:49 / warnings=-
  slot 5 신마라 [TIMED] [words_split_digits]=7시간 25분 ; segments=0 | 7 | 시간 | 25 | 분 | 남음 -> merged_digits='07 시간 25 분 남음' ; prefix_noise='7시간 25 분' -> '7시간 25분' (repair_noisy_hour_minute) / direct_parse='7시간 25분' => 10:01 신마라 / 현재=02:36:23 / 남은시간=7시간 25분 / 계산=10:01 / warnings=-
  slot 6 탕그 [TIMED] [words_compact]=7시간 25분 ; segments=0 | 7시간 | 25분 | 남음 -> compact='07시간25분남음' ; prefix_noise='7시간25분' -> '7시간 25분' (repair_noisy_hour_minute) / direct_parse='7시간 25분' => 10:01 탕그 / 현재=02:36:23 / 남은시간=7시간 25분 / 계산=10:01 / warnings=-
  slot 7 우로보로스 [TIMED] [words_compact]=12시간 24분 ; segments=12시간 | 24분 | 남음 -> compact='12시간24분남음' ; prefix_noise='12시간24분' -> '12시간 24분' (repair_noisy_hour_minute) / direct_parse='12시간 24분' => 15:00 우로보로스 / 현재=02:36:23 / 남은시간=12시간 24분 / 계산=15:00 / warnings=-

[2026-05-09 02:37:40] mode=ocr2
[이미지 1] area=요툰하임 base=02:36:17
  ocr2 fixed=1600x900 window=176,190,1410,709 area=요툰하임 best=요툰하임 final=요툰하임 reason=fixed_full_name_2plus highlight=- fixed_tab=- def=337 def_boss=4 slot_match=3 slot_strong=3 slot_full=3 base=02:36:17 diag=ok=1 err=- img=1488223 src=1600x900 ocr=1600x900 lines=32 words=63 text=212
  slot 1 파르바 [TIMED] [words_split_digits]=8시간 53분 ; segments=0 | 8 | 시간 | 53 | 분 | 남음 -> merged_digits='08 시간 53 분 남음' ; prefix_noise='8시간 53 분' -> '8시간 53분' (repair_noisy_hour_minute) / direct_parse='8시간 53분' => 11:29 파르바 / 현재=02:36:17 / 남은시간=8시간 53분 / 계산=11:29 / warnings=-
  slot 2 흐니르 [TIMED] [words_compact]=8시간 5분 ; segments=0 | 8시간 | 5분 | 남음 -> compact='08시간5분남음' ; prefix_noise='8시간5분' -> '8시간 5분' (repair_noisy_hour_minute) / direct_parse='8시간 5분' => 10:41 흐니르 / 현재=02:36:17 / 남은시간=8시간 5분 / 계산=10:41 / warnings=-
  slot 3 바우티 [TIMED] [words_split_digits]=7시간 25분 ; segments=0 | 7 | 시간 | 25 | 분 | 남음 -> merged_digits='07 시간 25 분 남음' ; prefix_noise='7시간 25 분' -> '7시간 25분' (repair_noisy_hour_minute) / direct_parse='7시간 25분' => 10:01 바우티 / 현재=02:36:17 / 남은시간=7시간 25분 / 계산=10:01 / warnings=-
  slot 4 야른 [TIMED] [words_compact]=8시간 52분 ; segments=0 | 8시간 | 52분 | 남음 -> compact='08시간52분남음' ; prefix_noise='8시간52분' -> '8시간 52분' (repair_noisy_hour_minute) / direct_parse='8시간 52분' => 11:28 야른 / 현재=02:36:17 / 남은시간=8시간 52분 / 계산=11:28 / warnings=-
  slot 5 셀로비아 [TIMED] [words_split_digits]=7시간 25분 ; segments=0 | 7 | 시간 | 25 | 분 | 남음 -> merged_digits='07 시간 25 분 남음' ; prefix_noise='7시간 25 분' -> '7시간 25분' (repair_noisy_hour_minute) / direct_parse='7시간 25분' => 10:01 셀로비아 / 현재=02:36:17 / 남은시간=7시간 25분 / 계산=10:01 / warnings=-
  slot 6 페티 [TIMED] [words]=10시간 30분 ; segments=0 | 10시간 | 30 | = | “ | 남음 -> spaced='0 10시간 30 = “ 남음' ; prefix_noise='10시간 30 = “' -> '10시간 30분' (repair_noisy_hour_minute) / direct_parse='10시간 30분' => 13:06 페티 / 현재=02:36:17 / 남은시간=10시간 30분 / 계산=13:06 / warnings=-
  slot 7 니드호그 [TIMED] [words_compact]=8시간 34분 ; segments=0 | 8시간 | 34분 | 남음 -> compact='08시간34분남음' ; prefix_noise='8시간34분' -> '8시간 34분' (repair_noisy_hour_minute) / direct_parse='8시간 34분' => 11:10 니드호그 / 현재=02:36:17 / 남은시간=8시간 34분 / 계산=11:10 / warnings=-
  slot 8 티르 [TIMED] [words_compact]=2일 13시간 ; segments=0 | 2일 | 13시간 | 남음 -> compact='02일13시간남음' ; unit_inferred=2일 13시간 / direct_parse='2일 13시간' => 티르 2일 13시간 / 현재=02:36:17 / 남은시간=2일 13시간 / 계산=15:36 / warnings=-
[이미지 2] area=니다벨리르 base=02:36:18
  ocr2 fixed=1600x900 window=176,190,1410,709 area=니다벨리르 best=니다벨리르 final=니다벨리르 reason=fixed_full_name_2plus highlight=- fixed_tab=- def=337 def_boss=4 slot_match=4 slot_strong=4 slot_full=4 base=02:36:18 diag=ok=1 err=- img=1461299 src=1600x900 ocr=1600x900 lines=36 words=69 text=233
  slot 1 라이노르 [TIMED] [words_split_digits]=8시간 27분 ; segments=0 | 8 | 시간 | 27 | = | - | 남음 -> merged_digits='08 시간 27 = - 남음' ; prefix_noise='8시간 27 = -' -> '8시간 27분' (repair_noisy_hour_minute) / direct_parse='8시간 27분' => 11:03 라이노르 / 현재=02:36:18 / 남은시간=8시간 27분 / 계산=11:03 / warnings=-
  slot 2 헤르모드 [TIMED] [words]=10시간 49분 ; segments=0 | 10시간 | 49 | = | - | 남음 -> spaced='0 10시간 49 = - 남음' ; prefix_noise='10시간 49 = -' -> '10시간 49분' (repair_noisy_hour_minute) / direct_parse='10시간 49분' => 13:25 헤르모드 / 현재=02:36:18 / 남은시간=10시간 49분 / 계산=13:25 / warnings=-
  slot 3 브륀힐드 [TIMED] [words_compact]=8시간 6분 ; segments=0 | 8시간 | 6분 | 남음 -> compact='08시간6분남음' ; prefix_noise='8시간6분' -> '8시간 6분' (repair_noisy_hour_minute) / direct_parse='8시간 6분' => 10:42 브륀힐드 / 현재=02:36:18 / 남은시간=8시간 6분 / 계산=10:42 / warnings=-
  slot 4 수드리 [TIMED] [words]=9시간 32분 ; segments=0 | 9시간 | 32 | = | 남음 -> spaced='0 9시간 32 = 남음' ; prefix_noise='9시간 32 =' -> '9시간 32분' (repair_noisy_hour_minute) / direct_parse='9시간 32분' => 12:08 수드리 / 현재=02:36:18 / 남은시간=9시간 32분 / 계산=12:08 / warnings=-
  slot 5 비요른 [TIMED] [words]=10시간 16분 ; segments=0 | 10시간 | 16 | 분 | 남음 -> spaced='0 10시간 16 분 남음' ; prefix_noise='10시간 16 분' -> '10시간 16분' (repair_noisy_hour_minute) / direct_parse='10시간 16분' => 12:52 비요른 / 현재=02:36:18 / 남은시간=10시간 16분 / 계산=12:52 / warnings=-
  slot 6 스칼라니르 [TIMED] [words]=10시간 35분 ; segments=0 | 10시간 | 35 | 분 | 남음 -> spaced='0 10시간 35 분 남음' ; prefix_noise='10시간 35 분' -> '10시간 35분' (repair_noisy_hour_minute) / direct_parse='10시간 35분' => 13:11 스칼라니르 / 현재=02:36:18 / 남은시간=10시간 35분 / 계산=13:11 / warnings=-
  slot 7 라타토스크 [TIMED] [words_compact]=8시간 5분 ; segments=0 | 8시간 | 5분 | 남음 -> compact='08시간5분남음' ; prefix_noise='8시간5분' -> '8시간 5분' (repair_noisy_hour_minute) / direct_parse='8시간 5분' => 10:41 라타토스크 / 현재=02:36:18 / 남은시간=8시간 5분 / 계산=10:41 / warnings=-
  slot 8 토르 [TIMED] [words]=16시간 9분 ; segments=0 | 16 | 시간 | 9 | = | “ | 남음 -> spaced='0 16 시간 9 = “ 남음' ; prefix_noise='16 시간 9 = “' -> '16시간 9분' (repair_noisy_hour_minute) / direct_parse='16시간 9분' => 18:45 토르 / 현재=02:36:18 / 남은시간=16시간 9분 / 계산=18:45 / warnings=-
[이미지 3] area=알브하임 base=02:36:20
  ocr2 fixed=1600x900 window=176,190,1410,709 area=알브하임 best=알브하임 final=알브하임 reason=fixed_full_name_2plus highlight=- fixed_tab=- def=440 def_boss=5 slot_match=5 slot_strong=5 slot_full=5 base=02:36:20 diag=ok=1 err=- img=1320404 src=1600x900 ocr=1600x900 lines=32 words=56 text=203
  slot 1 스바르트 [TIMED] [words_split_digits]=7시간 25분 ; segments=0 | 7 | 시간 | 25 | 분 | 남음 -> merged_digits='07 시간 25 분 남음' ; prefix_noise='7시간 25 분' -> '7시간 25분' (repair_noisy_hour_minute) / direct_parse='7시간 25분' => 10:01 스바르트 / 현재=02:36:20 / 남은시간=7시간 25분 / 계산=10:01 / warnings=-
  slot 2 모네가름 [TIMED] [words_compact]=16시간 46분 ; segments=0 | 16시간 | 46분 | 남음 -> compact='016시간46분남음' ; prefix_noise='16시간46분' -> '16시간 46분' (repair_noisy_hour_minute) / direct_parse='16시간 46분' => 19:22 모네가름 / 현재=02:36:20 / 남은시간=16시간 46분 / 계산=19:22 / warnings=-
  slot 3 굴베이그 [TIMED] [words]=17시간 26분 ; segments=0 | 17시간 | 26 | 분 | 남음 -> spaced='0 17시간 26 분 남음' ; prefix_noise='17시간 26 분' -> '17시간 26분' (repair_noisy_hour_minute) / direct_parse='17시간 26분' => 20:02 굴베이그 / 현재=02:36:20 / 남은시간=17시간 26분 / 계산=20:02 / warnings=-
  slot 4 두라스로르 [TIMED] [words_compact]=10시간 4분 ; segments=0 | 10시간 | 4분 | 남음 -> compact='010시간4분남음' ; prefix_noise='10시간4분' -> '10시간 4분' (repair_noisy_hour_minute) / direct_parse='10시간 4분' => 12:40 두라스로르 / 현재=02:36:20 / 남은시간=10시간 4분 / 계산=12:40 / warnings=-
  slot 5 드라우그 [TIMED] [words_split_digits]=7시간 25분 ; segments=0 | 7 | 시간 | 25 | 분 | 남음 -> merged_digits='07 시간 25 분 남음' ; prefix_noise='7시간 25 분' -> '7시간 25분' (repair_noisy_hour_minute) / direct_parse='7시간 25분' => 10:01 드라우그 / 현재=02:36:20 / 남은시간=7시간 25분 / 계산=10:01 / warnings=-
  slot 6 오딘 [TIMED] [words_compact]=7시간 54분 ; segments=0 | 7시간 | 54분 | 남음 -> compact='07시간54분남음' ; prefix_noise='7시간54분' -> '7시간 54분' (repair_noisy_hour_minute) / direct_parse='7시간 54분' => 10:30 오딘 / 현재=02:36:20 / 남은시간=7시간 54분 / 계산=10:30 / warnings=-
[이미지 4] area=무스펠하임 base=02:36:23
  ocr2 fixed=1600x900 window=176,190,1410,709 area=무스펠하임 best=무스펠하임 final=무스펠하임 reason=fixed_full_name_2plus highlight=- fixed_tab=- def=440 def_boss=5 slot_match=5 slot_strong=5 slot_full=5 base=02:36:23 diag=ok=1 err=- img=1404812 src=1600x900 ocr=1600x900 lines=37 words=70 text=253
  slot 1 메기르 [TIMED] [words]=9시간 12분 ; segments=0 | 9시간 | 1 | 2 | = | - | 남음 -> spaced='0 9시간 1 2 = - 남음' ; prefix_noise='9시간 1 2 = -' -> '9시간 12분' (repair_split_minute_digits_after_hour, repair_noisy_hour_minute) / direct_parse='9시간 12분' => 11:48 메기르 / 현재=02:36:23 / 남은시간=9시간 12분 / 계산=11:48 / warnings=-
  slot 2 헤르가름 [TIMED] [words_compact]=9시간 57분 ; segments=0 | 9시간 | 57분 | 남음 -> compact='09시간57분남음' ; prefix_noise='9시간57분' -> '9시간 57분' (repair_noisy_hour_minute) / direct_parse='9시간 57분' => 12:33 헤르가름 / 현재=02:36:23 / 남은시간=9시간 57분 / 계산=12:33 / warnings=-
  slot 3 엘드룬 [TIMED] [words]=12시간 7분 ; segments=0 | 12시간 | 7 | = | “ | 남음 -> spaced='0 12시간 7 = “ 남음' ; prefix_noise='12시간 7 = “' -> '12시간 7분' (repair_noisy_hour_minute) / direct_parse='12시간 7분' => 14:43 엘드룬 / 현재=02:36:23 / 남은시간=12시간 7분 / 계산=14:43 / warnings=-
  slot 4 수르트 [TIMED] [words_split_digits]=8시간 13분 ; segments=0 | 8 | 시간 | 13 | 분 | 남음 -> merged_digits='08 시간 13 분 남음' ; prefix_noise='8시간 13 분' -> '8시간 13분' (repair_noisy_hour_minute) / direct_parse='8시간 13분' => 10:49 수르트 / 현재=02:36:23 / 남은시간=8시간 13분 / 계산=10:49 / warnings=-
  slot 5 신마라 [TIMED] [words_split_digits]=7시간 25분 ; segments=0 | 7 | 시간 | 25 | 분 | 남음 -> merged_digits='07 시간 25 분 남음' ; prefix_noise='7시간 25 분' -> '7시간 25분' (repair_noisy_hour_minute) / direct_parse='7시간 25분' => 10:01 신마라 / 현재=02:36:23 / 남은시간=7시간 25분 / 계산=10:01 / warnings=-
  slot 6 탕그 [TIMED] [words_compact]=7시간 25분 ; segments=0 | 7시간 | 25분 | 남음 -> compact='07시간25분남음' ; prefix_noise='7시간25분' -> '7시간 25분' (repair_noisy_hour_minute) / direct_parse='7시간 25분' => 10:01 탕그 / 현재=02:36:23 / 남은시간=7시간 25분 / 계산=10:01 / warnings=-
  slot 7 우로보로스 [TIMED] [words_compact]=12시간 24분 ; segments=0 | 12시간 | 24분 | 남음 -> compact='012시간24분남음' ; prefix_noise='12시간24분' -> '12시간 24분' (repair_noisy_hour_minute) / direct_parse='12시간 24분' => 15:00 우로보로스 / 현재=02:36:23 / 남은시간=12시간 24분 / 계산=15:00 / warnings=-

[2026-05-09 02:37:42] mode=ocr
[이미지 1] area=요툰하임 base=02:36:17
  ocr window=0,164,1600,730 area=요툰하임 best=요툰하임 reason=fixed_full_name_2plus highlight=- top=0 def=337 def_terms=4 def_boss=4 slot_exact=6 slot_boss=6 slot_match=3 slot_strong=3 slot_full=3 exact_boss=8 boss=10 grid=8 empty=0 base=02:36:17 diag=ok=1 err=- img=1488223 src=1600x900 ocr=1600x900 lines=32 words=63 text=212
  slot 1 파르바 [TIMED] [words_split_digits]=8시간 53분 ; segments=0 | 8 | 시간 | 53 | 분 | 남음 -> merged_digits='08 시간 53 분 남음' ; prefix_noise='8시간 53 분' -> '8시간 53분' (repair_noisy_hour_minute) / direct_parse='8시간 53분' => 11:29 파르바 / 현재=02:36:17 / 남은시간=8시간 53분 / 계산=11:29 / warnings=-
  slot 2 흐니르 [TIMED] [words_compact]=8시간 5분 ; segments=0 | 8시간 | 5분 | 남음 -> compact='08시간5분남음' ; prefix_noise='8시간5분' -> '8시간 5분' (repair_noisy_hour_minute) / direct_parse='8시간 5분' => 10:41 흐니르 / 현재=02:36:17 / 남은시간=8시간 5분 / 계산=10:41 / warnings=-
  slot 3 바우티 [TIMED] [card_words_group_merge]=7시간 25분 ; card_segments=7 | 시간 | 25 | 분 | 남음 | 0 -> merged_spaced='7 시간 25 분 남음 0' ; prefix_noise='7 시간 25 분 0' -> '7시간 25분' (repair_noisy_hour_minute) / direct_parse='7시간 25분' => 10:01 바우티 / 현재=02:36:17 / 남은시간=7시간 25분 / 계산=10:01 / warnings=-
  slot 4 야른 [TIMED] [words_compact]=8시간 52분 ; segments=8시간 | 52분 | 남음 -> compact='8시간52분남음' ; prefix_noise='8시간52분' -> '8시간 52분' (repair_noisy_hour_minute) / direct_parse='8시간 52분' => 11:28 야른 / 현재=02:36:17 / 남은시간=8시간 52분 / 계산=11:28 / warnings=-
  slot 5 셀로비아 [TIMED] [words_split_digits]=7시간 25분 ; segments=0 | 7 | 시간 | 25 | 분 | 남음 -> merged_digits='07 시간 25 분 남음' ; prefix_noise='7시간 25 분' -> '7시간 25분' (repair_noisy_hour_minute) / direct_parse='7시간 25분' => 10:01 셀로비아 / 현재=02:36:17 / 남은시간=7시간 25분 / 계산=10:01 / warnings=-
  slot 6 페티 [TIMED] [words]=10시간 30분 ; segments=0 | 10시간 | 30 | = | 남음 -> spaced='0 10시간 30 = 남음' ; prefix_noise='10시간 30 =' -> '10시간 30분' (repair_noisy_hour_minute) / direct_parse='10시간 30분' => 13:06 페티 / 현재=02:36:17 / 남은시간=10시간 30분 / 계산=13:06 / warnings=-
  slot 7 니드호그 [TIMED] [card_words_group_merge_compact]=8시간 34분 ; card_segments=8시간 | 34분 | 남음 | 0 -> merged_compact='8시간34분남음0' ; prefix_noise='8시간34분0' -> '8시간 34분' (repair_noisy_hour_minute) / direct_parse='8시간 34분' => 11:10 니드호그 / 현재=02:36:17 / 남은시간=8시간 34분 / 계산=11:10 / warnings=-
  slot 8 티르 [TIMED] [words_compact]=2일 13시간 ; segments=2일 | 13시간 | 남음 -> compact='2일13시간남음' ; unit_inferred=2일 13시간 / direct_parse='2일 13시간' => 티르 2일 13시간 / 현재=02:36:17 / 남은시간=2일 13시간 / 계산=15:36 / warnings=-
[이미지 2] area=니다벨리르 base=02:36:18
  ocr window=0,164,1600,730 area=니다벨리르 best=니다벨리르 reason=fixed_full_name_2plus highlight=- top=0 def=337 def_terms=4 def_boss=4 slot_exact=4 slot_boss=5 slot_match=3 slot_strong=3 slot_full=3 exact_boss=12 boss=12 grid=8 empty=0 base=02:36:18 diag=ok=1 err=- img=1461299 src=1600x900 ocr=1600x900 lines=36 words=69 text=233
  slot 1 라이노르 [TIMED] [words_split_digits]=8시간 27분 ; segments=0 | 8 | 시간 | 27 | = | - | 남음 -> merged_digits='08 시간 27 = - 남음' ; prefix_noise='8시간 27 = -' -> '8시간 27분' (repair_noisy_hour_minute) / direct_parse='8시간 27분' => 11:03 라이노르 / 현재=02:36:18 / 남은시간=8시간 27분 / 계산=11:03 / warnings=-
  slot 2 헤르모드 [TIMED] [words]=10시간 49분 ; segments=0 | 10시간 | 49 | = | - | 남음 -> spaced='0 10시간 49 = - 남음' ; prefix_noise='10시간 49 = -' -> '10시간 49분' (repair_noisy_hour_minute) / direct_parse='10시간 49분' => 13:25 헤르모드 / 현재=02:36:18 / 남은시간=10시간 49분 / 계산=13:25 / warnings=-
  slot 3 브륀힐드 [TIMED] [card_words_group_merge]=8시간 6분 ; card_segments=0 | 8시간 | 6분 | 남음 | 0 -> merged_spaced='0 8시간 6분 남음 0' ; prefix_noise='8시간 6분 0' -> '8시간 6분' (repair_noisy_hour_minute) / direct_parse='8시간 6분' => 10:42 브륀힐드 / 현재=02:36:18 / 남은시간=8시간 6분 / 계산=10:42 / warnings=-
  slot 4 수드리 [TIMED] [words_compact]=9시간 32분 ; segments=9시간 | 32 | = | 남음 -> compact='9시간32=남음' ; prefix_noise='9시간32=' -> '9시간 32분' (repair_noisy_hour_minute) / direct_parse='9시간 32분' => 12:08 수드리 / 현재=02:36:18 / 남은시간=9시간 32분 / 계산=12:08 / warnings=-
  slot 5 비요른 [TIMED] [words]=10시간 16분 ; segments=0 | 10시간 | 16 | 분 | 남음 -> spaced='0 10시간 16 분 남음' ; prefix_noise='10시간 16 분' -> '10시간 16분' (repair_noisy_hour_minute) / direct_parse='10시간 16분' => 12:52 비요른 / 현재=02:36:18 / 남은시간=10시간 16분 / 계산=12:52 / warnings=-
  slot 6 스칼라니르 [TIMED] [words]=10시간 35분 ; segments=0 | 10시간 | 35 | 분 | 남음 -> spaced='0 10시간 35 분 남음' ; prefix_noise='10시간 35 분' -> '10시간 35분' (repair_noisy_hour_minute) / direct_parse='10시간 35분' => 13:11 스칼라니르 / 현재=02:36:18 / 남은시간=10시간 35분 / 계산=13:11 / warnings=-
  slot 7 라타토스크 [TIMED] [card_words_group_merge]=8시간 5분 ; card_segments=0 | 8시간 | 5분 | 남음 | 0 -> merged_spaced='0 8시간 5분 남음 0' ; prefix_noise='8시간 5분 0' -> '8시간 5분' (repair_noisy_hour_minute) / direct_parse='8시간 5분' => 10:41 라타토스크 / 현재=02:36:18 / 남은시간=8시간 5분 / 계산=10:41 / warnings=-
  slot 8 토르 [TIMED] [words]=16시간 9분 ; segments=16 | 시간 | 9 | = | 남음 -> spaced='16 시간 9 = 남음' ; prefix_noise='16 시간 9 =' -> '16시간 9분' (repair_noisy_hour_minute) / direct_parse='16시간 9분' => 18:45 토르 / 현재=02:36:18 / 남은시간=16시간 9분 / 계산=18:45 / warnings=-
[이미지 3] area=알브하임 base=02:36:20
  ocr window=0,164,1600,730 area=알브하임 best=알브하임 reason=fixed_full_name_2plus highlight=- top=0 def=440 def_terms=5 def_boss=5 slot_exact=8 slot_boss=8 slot_match=4 slot_strong=4 slot_full=4 exact_boss=12 boss=14 grid=6 empty=0 base=02:36:20 diag=ok=1 err=- img=1320404 src=1600x900 ocr=1600x900 lines=32 words=56 text=203
  slot 1 스바르트 [TIMED] [words_split_digits]=7시간 25분 ; segments=0 | 7 | 시간 | 25 | 분 | 남음 -> merged_digits='07 시간 25 분 남음' ; prefix_noise='7시간 25 분' -> '7시간 25분' (repair_noisy_hour_minute) / direct_parse='7시간 25분' => 10:01 스바르트 / 현재=02:36:20 / 남은시간=7시간 25분 / 계산=10:01 / warnings=-
  slot 2 모네가름 [TIMED] [words_compact]=16시간 46분 ; segments=0 | 16시간 | 46분 | 남음 -> compact='016시간46분남음' ; prefix_noise='16시간46분' -> '16시간 46분' (repair_noisy_hour_minute) / direct_parse='16시간 46분' => 19:22 모네가름 / 현재=02:36:20 / 남은시간=16시간 46분 / 계산=19:22 / warnings=-
  slot 3 굴베이그 [TIMED] [words_compact]=17시간 26분 ; segments=17시간 | 26 | 분 | 남음 -> compact='17시간26분남음' ; prefix_noise='17시간26분' -> '17시간 26분' (repair_noisy_hour_minute) / direct_parse='17시간 26분' => 20:02 굴베이그 / 현재=02:36:20 / 남은시간=17시간 26분 / 계산=20:02 / warnings=-
  slot 4 두라스로르 [TIMED] [words_compact]=10시간 4분 ; segments=0 | 10시간 | 4분 | 남음 -> compact='010시간4분남음' ; prefix_noise='10시간4분' -> '10시간 4분' (repair_noisy_hour_minute) / direct_parse='10시간 4분' => 12:40 두라스로르 / 현재=02:36:20 / 남은시간=10시간 4분 / 계산=12:40 / warnings=-
  slot 5 드라우그 [TIMED] [words_split_digits]=7시간 25분 ; segments=0 | 7 | 시간 | 25 | 분 | 남음 -> merged_digits='07 시간 25 분 남음' ; prefix_noise='7시간 25 분' -> '7시간 25분' (repair_noisy_hour_minute) / direct_parse='7시간 25분' => 10:01 드라우그 / 현재=02:36:20 / 남은시간=7시간 25분 / 계산=10:01 / warnings=-
  slot 6 오딘 [TIMED] [words_compact]=7시간 54분 ; segments=7시간 | 54분 | 남음 -> compact='7시간54분남음' ; prefix_noise='7시간54분' -> '7시간 54분' (repair_noisy_hour_minute) / direct_parse='7시간 54분' => 10:30 오딘 / 현재=02:36:20 / 남은시간=7시간 54분 / 계산=10:30 / warnings=-
[이미지 4] area=무스펠하임 base=02:36:23
  ocr window=0,164,1600,730 area=무스펠하임 best=무스펠하임 reason=fixed_full_name_2plus highlight=- top=0 def=440 def_terms=5 def_boss=5 slot_exact=8 slot_boss=8 slot_match=4 slot_strong=4 slot_full=4 exact_boss=16 boss=16 grid=7 empty=0 base=02:36:23 diag=ok=1 err=- img=1404812 src=1600x900 ocr=1600x900 lines=37 words=70 text=253
  slot 1 메기르 [TIMED] [words]=9시간 12분 ; segments=0 | 9시간 | 1 | 2 | = | - | 남음 -> spaced='0 9시간 1 2 = - 남음' ; prefix_noise='9시간 1 2 = -' -> '9시간 12분' (repair_split_minute_digits_after_hour, repair_noisy_hour_minute) / direct_parse='9시간 12분' => 11:48 메기르 / 현재=02:36:23 / 남은시간=9시간 12분 / 계산=11:48 / warnings=-
  slot 2 헤르가름 [TIMED] [words_compact]=9시간 57분 ; segments=0 | 9시간 | 57분 | 남음 -> compact='09시간57분남음' ; prefix_noise='9시간57분' -> '9시간 57분' (repair_noisy_hour_minute) / direct_parse='9시간 57분' => 12:33 헤르가름 / 현재=02:36:23 / 남은시간=9시간 57분 / 계산=12:33 / warnings=-
  slot 3 엘드룬 [TIMED] [card_words_group_merge]=12시간 7분 ; card_segments=12시간 | 7 | = | “ | 남음 | 0 -> merged_spaced='12시간 7 = “ 남음 0' ; prefix_noise='12시간 7 = “ 0' -> '12시간 7분' (repair_noisy_hour_minute) / direct_parse='12시간 7분' => 14:43 엘드룬 / 현재=02:36:23 / 남은시간=12시간 7분 / 계산=14:43 / warnings=-
  slot 4 수르트 [TIMED] [words]=8시간 13분 ; segments=8 | 시간 | 13 | 분 | 남음 -> spaced='8 시간 13 분 남음' ; prefix_noise='8 시간 13 분' -> '8시간 13분' (repair_noisy_hour_minute) / direct_parse='8시간 13분' => 10:49 수르트 / 현재=02:36:23 / 남은시간=8시간 13분 / 계산=10:49 / warnings=-
  slot 5 신마라 [TIMED] [words_split_digits]=7시간 25분 ; segments=0 | 7 | 시간 | 25 | 분 | 남음 -> merged_digits='07 시간 25 분 남음' ; prefix_noise='7시간 25 분' -> '7시간 25분' (repair_noisy_hour_minute) / direct_parse='7시간 25분' => 10:01 신마라 / 현재=02:36:23 / 남은시간=7시간 25분 / 계산=10:01 / warnings=-
  slot 6 탕그 [TIMED] [words_compact]=7시간 25분 ; segments=0 | 7시간 | 25분 | 남음 -> compact='07시간25분남음' ; prefix_noise='7시간25분' -> '7시간 25분' (repair_noisy_hour_minute) / direct_parse='7시간 25분' => 10:01 탕그 / 현재=02:36:23 / 남은시간=7시간 25분 / 계산=10:01 / warnings=-
  slot 7 우로보로스 [TIMED] [words_compact]=12시간 24분 ; segments=12시간 | 24분 | 남음 -> compact='12시간24분남음' ; prefix_noise='12시간24분' -> '12시간 24분' (repair_noisy_hour_minute) / direct_parse='12시간 24분' => 15:00 우로보로스 / 현재=02:36:23 / 남은시간=12시간 24분 / 계산=15:00 / warnings=-

[2026-05-09 02:37:42] mode=ocr2
[이미지 1] area=요툰하임 base=02:36:17
  ocr2 fixed=1600x900 window=176,190,1410,709 area=요툰하임 best=요툰하임 final=요툰하임 reason=fixed_full_name_2plus highlight=- fixed_tab=- def=337 def_boss=4 slot_match=3 slot_strong=3 slot_full=3 base=02:36:17 diag=ok=1 err=- img=1488223 src=1600x900 ocr=1600x900 lines=32 words=63 text=212
  slot 1 파르바 [TIMED] [words_split_digits]=8시간 53분 ; segments=0 | 8 | 시간 | 53 | 분 | 남음 -> merged_digits='08 시간 53 분 남음' ; prefix_noise='8시간 53 분' -> '8시간 53분' (repair_noisy_hour_minute) / direct_parse='8시간 53분' => 11:29 파르바 / 현재=02:36:17 / 남은시간=8시간 53분 / 계산=11:29 / warnings=-
  slot 2 흐니르 [TIMED] [words_compact]=8시간 5분 ; segments=0 | 8시간 | 5분 | 남음 -> compact='08시간5분남음' ; prefix_noise='8시간5분' -> '8시간 5분' (repair_noisy_hour_minute) / direct_parse='8시간 5분' => 10:41 흐니르 / 현재=02:36:17 / 남은시간=8시간 5분 / 계산=10:41 / warnings=-
  slot 3 바우티 [TIMED] [words_split_digits]=7시간 25분 ; segments=0 | 7 | 시간 | 25 | 분 | 남음 -> merged_digits='07 시간 25 분 남음' ; prefix_noise='7시간 25 분' -> '7시간 25분' (repair_noisy_hour_minute) / direct_parse='7시간 25분' => 10:01 바우티 / 현재=02:36:17 / 남은시간=7시간 25분 / 계산=10:01 / warnings=-
  slot 4 야른 [TIMED] [words_compact]=8시간 52분 ; segments=0 | 8시간 | 52분 | 남음 -> compact='08시간52분남음' ; prefix_noise='8시간52분' -> '8시간 52분' (repair_noisy_hour_minute) / direct_parse='8시간 52분' => 11:28 야른 / 현재=02:36:17 / 남은시간=8시간 52분 / 계산=11:28 / warnings=-
  slot 5 셀로비아 [TIMED] [words_split_digits]=7시간 25분 ; segments=0 | 7 | 시간 | 25 | 분 | 남음 -> merged_digits='07 시간 25 분 남음' ; prefix_noise='7시간 25 분' -> '7시간 25분' (repair_noisy_hour_minute) / direct_parse='7시간 25분' => 10:01 셀로비아 / 현재=02:36:17 / 남은시간=7시간 25분 / 계산=10:01 / warnings=-
  slot 6 페티 [TIMED] [words]=10시간 30분 ; segments=0 | 10시간 | 30 | = | “ | 남음 -> spaced='0 10시간 30 = “ 남음' ; prefix_noise='10시간 30 = “' -> '10시간 30분' (repair_noisy_hour_minute) / direct_parse='10시간 30분' => 13:06 페티 / 현재=02:36:17 / 남은시간=10시간 30분 / 계산=13:06 / warnings=-
  slot 7 니드호그 [TIMED] [words_compact]=8시간 34분 ; segments=0 | 8시간 | 34분 | 남음 -> compact='08시간34분남음' ; prefix_noise='8시간34분' -> '8시간 34분' (repair_noisy_hour_minute) / direct_parse='8시간 34분' => 11:10 니드호그 / 현재=02:36:17 / 남은시간=8시간 34분 / 계산=11:10 / warnings=-
  slot 8 티르 [TIMED] [words_compact]=2일 13시간 ; segments=0 | 2일 | 13시간 | 남음 -> compact='02일13시간남음' ; unit_inferred=2일 13시간 / direct_parse='2일 13시간' => 티르 2일 13시간 / 현재=02:36:17 / 남은시간=2일 13시간 / 계산=15:36 / warnings=-
[이미지 2] area=니다벨리르 base=02:36:18
  ocr2 fixed=1600x900 window=176,190,1410,709 area=니다벨리르 best=니다벨리르 final=니다벨리르 reason=fixed_full_name_2plus highlight=- fixed_tab=- def=337 def_boss=4 slot_match=4 slot_strong=4 slot_full=4 base=02:36:18 diag=ok=1 err=- img=1461299 src=1600x900 ocr=1600x900 lines=36 words=69 text=233
  slot 1 라이노르 [TIMED] [words_split_digits]=8시간 27분 ; segments=0 | 8 | 시간 | 27 | = | - | 남음 -> merged_digits='08 시간 27 = - 남음' ; prefix_noise='8시간 27 = -' -> '8시간 27분' (repair_noisy_hour_minute) / direct_parse='8시간 27분' => 11:03 라이노르 / 현재=02:36:18 / 남은시간=8시간 27분 / 계산=11:03 / warnings=-
  slot 2 헤르모드 [TIMED] [words]=10시간 49분 ; segments=0 | 10시간 | 49 | = | - | 남음 -> spaced='0 10시간 49 = - 남음' ; prefix_noise='10시간 49 = -' -> '10시간 49분' (repair_noisy_hour_minute) / direct_parse='10시간 49분' => 13:25 헤르모드 / 현재=02:36:18 / 남은시간=10시간 49분 / 계산=13:25 / warnings=-
  slot 3 브륀힐드 [TIMED] [words_compact]=8시간 6분 ; segments=0 | 8시간 | 6분 | 남음 -> compact='08시간6분남음' ; prefix_noise='8시간6분' -> '8시간 6분' (repair_noisy_hour_minute) / direct_parse='8시간 6분' => 10:42 브륀힐드 / 현재=02:36:18 / 남은시간=8시간 6분 / 계산=10:42 / warnings=-
  slot 4 수드리 [TIMED] [words]=9시간 32분 ; segments=0 | 9시간 | 32 | = | 남음 -> spaced='0 9시간 32 = 남음' ; prefix_noise='9시간 32 =' -> '9시간 32분' (repair_noisy_hour_minute) / direct_parse='9시간 32분' => 12:08 수드리 / 현재=02:36:18 / 남은시간=9시간 32분 / 계산=12:08 / warnings=-
  slot 5 비요른 [TIMED] [words]=10시간 16분 ; segments=0 | 10시간 | 16 | 분 | 남음 -> spaced='0 10시간 16 분 남음' ; prefix_noise='10시간 16 분' -> '10시간 16분' (repair_noisy_hour_minute) / direct_parse='10시간 16분' => 12:52 비요른 / 현재=02:36:18 / 남은시간=10시간 16분 / 계산=12:52 / warnings=-
  slot 6 스칼라니르 [TIMED] [words]=10시간 35분 ; segments=0 | 10시간 | 35 | 분 | 남음 -> spaced='0 10시간 35 분 남음' ; prefix_noise='10시간 35 분' -> '10시간 35분' (repair_noisy_hour_minute) / direct_parse='10시간 35분' => 13:11 스칼라니르 / 현재=02:36:18 / 남은시간=10시간 35분 / 계산=13:11 / warnings=-
  slot 7 라타토스크 [TIMED] [words_compact]=8시간 5분 ; segments=0 | 8시간 | 5분 | 남음 -> compact='08시간5분남음' ; prefix_noise='8시간5분' -> '8시간 5분' (repair_noisy_hour_minute) / direct_parse='8시간 5분' => 10:41 라타토스크 / 현재=02:36:18 / 남은시간=8시간 5분 / 계산=10:41 / warnings=-
  slot 8 토르 [TIMED] [words]=16시간 9분 ; segments=0 | 16 | 시간 | 9 | = | “ | 남음 -> spaced='0 16 시간 9 = “ 남음' ; prefix_noise='16 시간 9 = “' -> '16시간 9분' (repair_noisy_hour_minute) / direct_parse='16시간 9분' => 18:45 토르 / 현재=02:36:18 / 남은시간=16시간 9분 / 계산=18:45 / warnings=-
[이미지 3] area=알브하임 base=02:36:20
  ocr2 fixed=1600x900 window=176,190,1410,709 area=알브하임 best=알브하임 final=알브하임 reason=fixed_full_name_2plus highlight=- fixed_tab=- def=440 def_boss=5 slot_match=5 slot_strong=5 slot_full=5 base=02:36:20 diag=ok=1 err=- img=1320404 src=1600x900 ocr=1600x900 lines=32 words=56 text=203
  slot 1 스바르트 [TIMED] [words_split_digits]=7시간 25분 ; segments=0 | 7 | 시간 | 25 | 분 | 남음 -> merged_digits='07 시간 25 분 남음' ; prefix_noise='7시간 25 분' -> '7시간 25분' (repair_noisy_hour_minute) / direct_parse='7시간 25분' => 10:01 스바르트 / 현재=02:36:20 / 남은시간=7시간 25분 / 계산=10:01 / warnings=-
  slot 2 모네가름 [TIMED] [words_compact]=16시간 46분 ; segments=0 | 16시간 | 46분 | 남음 -> compact='016시간46분남음' ; prefix_noise='16시간46분' -> '16시간 46분' (repair_noisy_hour_minute) / direct_parse='16시간 46분' => 19:22 모네가름 / 현재=02:36:20 / 남은시간=16시간 46분 / 계산=19:22 / warnings=-
  slot 3 굴베이그 [TIMED] [words]=17시간 26분 ; segments=0 | 17시간 | 26 | 분 | 남음 -> spaced='0 17시간 26 분 남음' ; prefix_noise='17시간 26 분' -> '17시간 26분' (repair_noisy_hour_minute) / direct_parse='17시간 26분' => 20:02 굴베이그 / 현재=02:36:20 / 남은시간=17시간 26분 / 계산=20:02 / warnings=-
  slot 4 두라스로르 [TIMED] [words_compact]=10시간 4분 ; segments=0 | 10시간 | 4분 | 남음 -> compact='010시간4분남음' ; prefix_noise='10시간4분' -> '10시간 4분' (repair_noisy_hour_minute) / direct_parse='10시간 4분' => 12:40 두라스로르 / 현재=02:36:20 / 남은시간=10시간 4분 / 계산=12:40 / warnings=-
  slot 5 드라우그 [TIMED] [words_split_digits]=7시간 25분 ; segments=0 | 7 | 시간 | 25 | 분 | 남음 -> merged_digits='07 시간 25 분 남음' ; prefix_noise='7시간 25 분' -> '7시간 25분' (repair_noisy_hour_minute) / direct_parse='7시간 25분' => 10:01 드라우그 / 현재=02:36:20 / 남은시간=7시간 25분 / 계산=10:01 / warnings=-
  slot 6 오딘 [TIMED] [words_compact]=7시간 54분 ; segments=0 | 7시간 | 54분 | 남음 -> compact='07시간54분남음' ; prefix_noise='7시간54분' -> '7시간 54분' (repair_noisy_hour_minute) / direct_parse='7시간 54분' => 10:30 오딘 / 현재=02:36:20 / 남은시간=7시간 54분 / 계산=10:30 / warnings=-
[이미지 4] area=무스펠하임 base=02:36:23
  ocr2 fixed=1600x900 window=176,190,1410,709 area=무스펠하임 best=무스펠하임 final=무스펠하임 reason=fixed_full_name_2plus highlight=- fixed_tab=- def=440 def_boss=5 slot_match=5 slot_strong=5 slot_full=5 base=02:36:23 diag=ok=1 err=- img=1404812 src=1600x900 ocr=1600x900 lines=37 words=70 text=253
  slot 1 메기르 [TIMED] [words]=9시간 12분 ; segments=0 | 9시간 | 1 | 2 | = | - | 남음 -> spaced='0 9시간 1 2 = - 남음' ; prefix_noise='9시간 1 2 = -' -> '9시간 12분' (repair_split_minute_digits_after_hour, repair_noisy_hour_minute) / direct_parse='9시간 12분' => 11:48 메기르 / 현재=02:36:23 / 남은시간=9시간 12분 / 계산=11:48 / warnings=-
  slot 2 헤르가름 [TIMED] [words_compact]=9시간 57분 ; segments=0 | 9시간 | 57분 | 남음 -> compact='09시간57분남음' ; prefix_noise='9시간57분' -> '9시간 57분' (repair_noisy_hour_minute) / direct_parse='9시간 57분' => 12:33 헤르가름 / 현재=02:36:23 / 남은시간=9시간 57분 / 계산=12:33 / warnings=-
  slot 3 엘드룬 [TIMED] [words]=12시간 7분 ; segments=0 | 12시간 | 7 | = | “ | 남음 -> spaced='0 12시간 7 = “ 남음' ; prefix_noise='12시간 7 = “' -> '12시간 7분' (repair_noisy_hour_minute) / direct_parse='12시간 7분' => 14:43 엘드룬 / 현재=02:36:23 / 남은시간=12시간 7분 / 계산=14:43 / warnings=-
  slot 4 수르트 [TIMED] [words_split_digits]=8시간 13분 ; segments=0 | 8 | 시간 | 13 | 분 | 남음 -> merged_digits='08 시간 13 분 남음' ; prefix_noise='8시간 13 분' -> '8시간 13분' (repair_noisy_hour_minute) / direct_parse='8시간 13분' => 10:49 수르트 / 현재=02:36:23 / 남은시간=8시간 13분 / 계산=10:49 / warnings=-
  slot 5 신마라 [TIMED] [words_split_digits]=7시간 25분 ; segments=0 | 7 | 시간 | 25 | 분 | 남음 -> merged_digits='07 시간 25 분 남음' ; prefix_noise='7시간 25 분' -> '7시간 25분' (repair_noisy_hour_minute) / direct_parse='7시간 25분' => 10:01 신마라 / 현재=02:36:23 / 남은시간=7시간 25분 / 계산=10:01 / warnings=-
  slot 6 탕그 [TIMED] [words_compact]=7시간 25분 ; segments=0 | 7시간 | 25분 | 남음 -> compact='07시간25분남음' ; prefix_noise='7시간25분' -> '7시간 25분' (repair_noisy_hour_minute) / direct_parse='7시간 25분' => 10:01 탕그 / 현재=02:36:23 / 남은시간=7시간 25분 / 계산=10:01 / warnings=-
  slot 7 우로보로스 [TIMED] [words_compact]=12시간 24분 ; segments=0 | 12시간 | 24분 | 남음 -> compact='012시간24분남음' ; prefix_noise='12시간24분' -> '12시간 24분' (repair_noisy_hour_minute) / direct_parse='12시간 24분' => 15:00 우로보로스 / 현재=02:36:23 / 남은시간=12시간 24분 / 계산=15:00 / warnings=-

[2026-05-09 02:37:42] mode=ocr
[이미지 1] area=요툰하임 base=02:36:17
  ocr window=0,164,1600,730 area=요툰하임 best=요툰하임 reason=fixed_full_name_2plus highlight=- top=0 def=337 def_terms=4 def_boss=4 slot_exact=6 slot_boss=6 slot_match=3 slot_strong=3 slot_full=3 exact_boss=8 boss=10 grid=8 empty=0 base=02:36:17 diag=ok=1 err=- img=1488223 src=1600x900 ocr=1600x900 lines=32 words=63 text=212
  slot 1 파르바 [TIMED] [words_split_digits]=8시간 53분 ; segments=0 | 8 | 시간 | 53 | 분 | 남음 -> merged_digits='08 시간 53 분 남음' ; prefix_noise='8시간 53 분' -> '8시간 53분' (repair_noisy_hour_minute) / direct_parse='8시간 53분' => 11:29 파르바 / 현재=02:36:17 / 남은시간=8시간 53분 / 계산=11:29 / warnings=-
  slot 2 흐니르 [TIMED] [words_compact]=8시간 5분 ; segments=0 | 8시간 | 5분 | 남음 -> compact='08시간5분남음' ; prefix_noise='8시간5분' -> '8시간 5분' (repair_noisy_hour_minute) / direct_parse='8시간 5분' => 10:41 흐니르 / 현재=02:36:17 / 남은시간=8시간 5분 / 계산=10:41 / warnings=-
  slot 3 바우티 [TIMED] [card_words_group_merge]=7시간 25분 ; card_segments=7 | 시간 | 25 | 분 | 남음 | 0 -> merged_spaced='7 시간 25 분 남음 0' ; prefix_noise='7 시간 25 분 0' -> '7시간 25분' (repair_noisy_hour_minute) / direct_parse='7시간 25분' => 10:01 바우티 / 현재=02:36:17 / 남은시간=7시간 25분 / 계산=10:01 / warnings=-
  slot 4 야른 [TIMED] [words_compact]=8시간 52분 ; segments=8시간 | 52분 | 남음 -> compact='8시간52분남음' ; prefix_noise='8시간52분' -> '8시간 52분' (repair_noisy_hour_minute) / direct_parse='8시간 52분' => 11:28 야른 / 현재=02:36:17 / 남은시간=8시간 52분 / 계산=11:28 / warnings=-
  slot 5 셀로비아 [TIMED] [words_split_digits]=7시간 25분 ; segments=0 | 7 | 시간 | 25 | 분 | 남음 -> merged_digits='07 시간 25 분 남음' ; prefix_noise='7시간 25 분' -> '7시간 25분' (repair_noisy_hour_minute) / direct_parse='7시간 25분' => 10:01 셀로비아 / 현재=02:36:17 / 남은시간=7시간 25분 / 계산=10:01 / warnings=-
  slot 6 페티 [TIMED] [words]=10시간 30분 ; segments=0 | 10시간 | 30 | = | 남음 -> spaced='0 10시간 30 = 남음' ; prefix_noise='10시간 30 =' -> '10시간 30분' (repair_noisy_hour_minute) / direct_parse='10시간 30분' => 13:06 페티 / 현재=02:36:17 / 남은시간=10시간 30분 / 계산=13:06 / warnings=-
  slot 7 니드호그 [TIMED] [card_words_group_merge_compact]=8시간 34분 ; card_segments=8시간 | 34분 | 남음 | 0 -> merged_compact='8시간34분남음0' ; prefix_noise='8시간34분0' -> '8시간 34분' (repair_noisy_hour_minute) / direct_parse='8시간 34분' => 11:10 니드호그 / 현재=02:36:17 / 남은시간=8시간 34분 / 계산=11:10 / warnings=-
  slot 8 티르 [TIMED] [words_compact]=2일 13시간 ; segments=2일 | 13시간 | 남음 -> compact='2일13시간남음' ; unit_inferred=2일 13시간 / direct_parse='2일 13시간' => 티르 2일 13시간 / 현재=02:36:17 / 남은시간=2일 13시간 / 계산=15:36 / warnings=-
[이미지 2] area=니다벨리르 base=02:36:18
  ocr window=0,164,1600,730 area=니다벨리르 best=니다벨리르 reason=fixed_full_name_2plus highlight=- top=0 def=337 def_terms=4 def_boss=4 slot_exact=4 slot_boss=5 slot_match=3 slot_strong=3 slot_full=3 exact_boss=12 boss=12 grid=8 empty=0 base=02:36:18 diag=ok=1 err=- img=1461299 src=1600x900 ocr=1600x900 lines=36 words=69 text=233
  slot 1 라이노르 [TIMED] [words_split_digits]=8시간 27분 ; segments=0 | 8 | 시간 | 27 | = | - | 남음 -> merged_digits='08 시간 27 = - 남음' ; prefix_noise='8시간 27 = -' -> '8시간 27분' (repair_noisy_hour_minute) / direct_parse='8시간 27분' => 11:03 라이노르 / 현재=02:36:18 / 남은시간=8시간 27분 / 계산=11:03 / warnings=-
  slot 2 헤르모드 [TIMED] [words]=10시간 49분 ; segments=0 | 10시간 | 49 | = | - | 남음 -> spaced='0 10시간 49 = - 남음' ; prefix_noise='10시간 49 = -' -> '10시간 49분' (repair_noisy_hour_minute) / direct_parse='10시간 49분' => 13:25 헤르모드 / 현재=02:36:18 / 남은시간=10시간 49분 / 계산=13:25 / warnings=-
  slot 3 브륀힐드 [TIMED] [card_words_group_merge]=8시간 6분 ; card_segments=0 | 8시간 | 6분 | 남음 | 0 -> merged_spaced='0 8시간 6분 남음 0' ; prefix_noise='8시간 6분 0' -> '8시간 6분' (repair_noisy_hour_minute) / direct_parse='8시간 6분' => 10:42 브륀힐드 / 현재=02:36:18 / 남은시간=8시간 6분 / 계산=10:42 / warnings=-
  slot 4 수드리 [TIMED] [words_compact]=9시간 32분 ; segments=9시간 | 32 | = | 남음 -> compact='9시간32=남음' ; prefix_noise='9시간32=' -> '9시간 32분' (repair_noisy_hour_minute) / direct_parse='9시간 32분' => 12:08 수드리 / 현재=02:36:18 / 남은시간=9시간 32분 / 계산=12:08 / warnings=-
  slot 5 비요른 [TIMED] [words]=10시간 16분 ; segments=0 | 10시간 | 16 | 분 | 남음 -> spaced='0 10시간 16 분 남음' ; prefix_noise='10시간 16 분' -> '10시간 16분' (repair_noisy_hour_minute) / direct_parse='10시간 16분' => 12:52 비요른 / 현재=02:36:18 / 남은시간=10시간 16분 / 계산=12:52 / warnings=-
  slot 6 스칼라니르 [TIMED] [words]=10시간 35분 ; segments=0 | 10시간 | 35 | 분 | 남음 -> spaced='0 10시간 35 분 남음' ; prefix_noise='10시간 35 분' -> '10시간 35분' (repair_noisy_hour_minute) / direct_parse='10시간 35분' => 13:11 스칼라니르 / 현재=02:36:18 / 남은시간=10시간 35분 / 계산=13:11 / warnings=-
  slot 7 라타토스크 [TIMED] [card_words_group_merge]=8시간 5분 ; card_segments=0 | 8시간 | 5분 | 남음 | 0 -> merged_spaced='0 8시간 5분 남음 0' ; prefix_noise='8시간 5분 0' -> '8시간 5분' (repair_noisy_hour_minute) / direct_parse='8시간 5분' => 10:41 라타토스크 / 현재=02:36:18 / 남은시간=8시간 5분 / 계산=10:41 / warnings=-
  slot 8 토르 [TIMED] [words]=16시간 9분 ; segments=16 | 시간 | 9 | = | 남음 -> spaced='16 시간 9 = 남음' ; prefix_noise='16 시간 9 =' -> '16시간 9분' (repair_noisy_hour_minute) / direct_parse='16시간 9분' => 18:45 토르 / 현재=02:36:18 / 남은시간=16시간 9분 / 계산=18:45 / warnings=-
[이미지 3] area=알브하임 base=02:36:20
  ocr window=0,164,1600,730 area=알브하임 best=알브하임 reason=fixed_full_name_2plus highlight=- top=0 def=440 def_terms=5 def_boss=5 slot_exact=8 slot_boss=8 slot_match=4 slot_strong=4 slot_full=4 exact_boss=12 boss=14 grid=6 empty=0 base=02:36:20 diag=ok=1 err=- img=1320404 src=1600x900 ocr=1600x900 lines=32 words=56 text=203
  slot 1 스바르트 [TIMED] [words_split_digits]=7시간 25분 ; segments=0 | 7 | 시간 | 25 | 분 | 남음 -> merged_digits='07 시간 25 분 남음' ; prefix_noise='7시간 25 분' -> '7시간 25분' (repair_noisy_hour_minute) / direct_parse='7시간 25분' => 10:01 스바르트 / 현재=02:36:20 / 남은시간=7시간 25분 / 계산=10:01 / warnings=-
  slot 2 모네가름 [TIMED] [words_compact]=16시간 46분 ; segments=0 | 16시간 | 46분 | 남음 -> compact='016시간46분남음' ; prefix_noise='16시간46분' -> '16시간 46분' (repair_noisy_hour_minute) / direct_parse='16시간 46분' => 19:22 모네가름 / 현재=02:36:20 / 남은시간=16시간 46분 / 계산=19:22 / warnings=-
  slot 3 굴베이그 [TIMED] [words_compact]=17시간 26분 ; segments=17시간 | 26 | 분 | 남음 -> compact='17시간26분남음' ; prefix_noise='17시간26분' -> '17시간 26분' (repair_noisy_hour_minute) / direct_parse='17시간 26분' => 20:02 굴베이그 / 현재=02:36:20 / 남은시간=17시간 26분 / 계산=20:02 / warnings=-
  slot 4 두라스로르 [TIMED] [words_compact]=10시간 4분 ; segments=0 | 10시간 | 4분 | 남음 -> compact='010시간4분남음' ; prefix_noise='10시간4분' -> '10시간 4분' (repair_noisy_hour_minute) / direct_parse='10시간 4분' => 12:40 두라스로르 / 현재=02:36:20 / 남은시간=10시간 4분 / 계산=12:40 / warnings=-
  slot 5 드라우그 [TIMED] [words_split_digits]=7시간 25분 ; segments=0 | 7 | 시간 | 25 | 분 | 남음 -> merged_digits='07 시간 25 분 남음' ; prefix_noise='7시간 25 분' -> '7시간 25분' (repair_noisy_hour_minute) / direct_parse='7시간 25분' => 10:01 드라우그 / 현재=02:36:20 / 남은시간=7시간 25분 / 계산=10:01 / warnings=-
  slot 6 오딘 [TIMED] [words_compact]=7시간 54분 ; segments=7시간 | 54분 | 남음 -> compact='7시간54분남음' ; prefix_noise='7시간54분' -> '7시간 54분' (repair_noisy_hour_minute) / direct_parse='7시간 54분' => 10:30 오딘 / 현재=02:36:20 / 남은시간=7시간 54분 / 계산=10:30 / warnings=-
[이미지 4] area=무스펠하임 base=02:36:23
  ocr window=0,164,1600,730 area=무스펠하임 best=무스펠하임 reason=fixed_full_name_2plus highlight=- top=0 def=440 def_terms=5 def_boss=5 slot_exact=8 slot_boss=8 slot_match=4 slot_strong=4 slot_full=4 exact_boss=16 boss=16 grid=7 empty=0 base=02:36:23 diag=ok=1 err=- img=1404812 src=1600x900 ocr=1600x900 lines=37 words=70 text=253
  slot 1 메기르 [TIMED] [words]=9시간 12분 ; segments=0 | 9시간 | 1 | 2 | = | - | 남음 -> spaced='0 9시간 1 2 = - 남음' ; prefix_noise='9시간 1 2 = -' -> '9시간 12분' (repair_split_minute_digits_after_hour, repair_noisy_hour_minute) / direct_parse='9시간 12분' => 11:48 메기르 / 현재=02:36:23 / 남은시간=9시간 12분 / 계산=11:48 / warnings=-
  slot 2 헤르가름 [TIMED] [words_compact]=9시간 57분 ; segments=0 | 9시간 | 57분 | 남음 -> compact='09시간57분남음' ; prefix_noise='9시간57분' -> '9시간 57분' (repair_noisy_hour_minute) / direct_parse='9시간 57분' => 12:33 헤르가름 / 현재=02:36:23 / 남은시간=9시간 57분 / 계산=12:33 / warnings=-
  slot 3 엘드룬 [TIMED] [card_words_group_merge]=12시간 7분 ; card_segments=12시간 | 7 | = | “ | 남음 | 0 -> merged_spaced='12시간 7 = “ 남음 0' ; prefix_noise='12시간 7 = “ 0' -> '12시간 7분' (repair_noisy_hour_minute) / direct_parse='12시간 7분' => 14:43 엘드룬 / 현재=02:36:23 / 남은시간=12시간 7분 / 계산=14:43 / warnings=-
  slot 4 수르트 [TIMED] [words]=8시간 13분 ; segments=8 | 시간 | 13 | 분 | 남음 -> spaced='8 시간 13 분 남음' ; prefix_noise='8 시간 13 분' -> '8시간 13분' (repair_noisy_hour_minute) / direct_parse='8시간 13분' => 10:49 수르트 / 현재=02:36:23 / 남은시간=8시간 13분 / 계산=10:49 / warnings=-
  slot 5 신마라 [TIMED] [words_split_digits]=7시간 25분 ; segments=0 | 7 | 시간 | 25 | 분 | 남음 -> merged_digits='07 시간 25 분 남음' ; prefix_noise='7시간 25 분' -> '7시간 25분' (repair_noisy_hour_minute) / direct_parse='7시간 25분' => 10:01 신마라 / 현재=02:36:23 / 남은시간=7시간 25분 / 계산=10:01 / warnings=-
  slot 6 탕그 [TIMED] [words_compact]=7시간 25분 ; segments=0 | 7시간 | 25분 | 남음 -> compact='07시간25분남음' ; prefix_noise='7시간25분' -> '7시간 25분' (repair_noisy_hour_minute) / direct_parse='7시간 25분' => 10:01 탕그 / 현재=02:36:23 / 남은시간=7시간 25분 / 계산=10:01 / warnings=-
  slot 7 우로보로스 [TIMED] [words_compact]=12시간 24분 ; segments=12시간 | 24분 | 남음 -> compact='12시간24분남음' ; prefix_noise='12시간24분' -> '12시간 24분' (repair_noisy_hour_minute) / direct_parse='12시간 24분' => 15:00 우로보로스 / 현재=02:36:23 / 남은시간=12시간 24분 / 계산=15:00 / warnings=-

[2026-05-09 02:37:42] mode=ocr2
[이미지 1] area=요툰하임 base=02:36:17
  ocr2 fixed=1600x900 window=176,190,1410,709 area=요툰하임 best=요툰하임 final=요툰하임 reason=fixed_full_name_2plus highlight=- fixed_tab=- def=337 def_boss=4 slot_match=3 slot_strong=3 slot_full=3 base=02:36:17 diag=ok=1 err=- img=1488223 src=1600x900 ocr=1600x900 lines=32 words=63 text=212
  slot 1 파르바 [TIMED] [words_split_digits]=8시간 53분 ; segments=0 | 8 | 시간 | 53 | 분 | 남음 -> merged_digits='08 시간 53 분 남음' ; prefix_noise='8시간 53 분' -> '8시간 53분' (repair_noisy_hour_minute) / direct_parse='8시간 53분' => 11:29 파르바 / 현재=02:36:17 / 남은시간=8시간 53분 / 계산=11:29 / warnings=-
  slot 2 흐니르 [TIMED] [words_compact]=8시간 5분 ; segments=0 | 8시간 | 5분 | 남음 -> compact='08시간5분남음' ; prefix_noise='8시간5분' -> '8시간 5분' (repair_noisy_hour_minute) / direct_parse='8시간 5분' => 10:41 흐니르 / 현재=02:36:17 / 남은시간=8시간 5분 / 계산=10:41 / warnings=-
  slot 3 바우티 [TIMED] [words_split_digits]=7시간 25분 ; segments=0 | 7 | 시간 | 25 | 분 | 남음 -> merged_digits='07 시간 25 분 남음' ; prefix_noise='7시간 25 분' -> '7시간 25분' (repair_noisy_hour_minute) / direct_parse='7시간 25분' => 10:01 바우티 / 현재=02:36:17 / 남은시간=7시간 25분 / 계산=10:01 / warnings=-
  slot 4 야른 [TIMED] [words_compact]=8시간 52분 ; segments=0 | 8시간 | 52분 | 남음 -> compact='08시간52분남음' ; prefix_noise='8시간52분' -> '8시간 52분' (repair_noisy_hour_minute) / direct_parse='8시간 52분' => 11:28 야른 / 현재=02:36:17 / 남은시간=8시간 52분 / 계산=11:28 / warnings=-
  slot 5 셀로비아 [TIMED] [words_split_digits]=7시간 25분 ; segments=0 | 7 | 시간 | 25 | 분 | 남음 -> merged_digits='07 시간 25 분 남음' ; prefix_noise='7시간 25 분' -> '7시간 25분' (repair_noisy_hour_minute) / direct_parse='7시간 25분' => 10:01 셀로비아 / 현재=02:36:17 / 남은시간=7시간 25분 / 계산=10:01 / warnings=-
  slot 6 페티 [TIMED] [words]=10시간 30분 ; segments=0 | 10시간 | 30 | = | “ | 남음 -> spaced='0 10시간 30 = “ 남음' ; prefix_noise='10시간 30 = “' -> '10시간 30분' (repair_noisy_hour_minute) / direct_parse='10시간 30분' => 13:06 페티 / 현재=02:36:17 / 남은시간=10시간 30분 / 계산=13:06 / warnings=-
  slot 7 니드호그 [TIMED] [words_compact]=8시간 34분 ; segments=0 | 8시간 | 34분 | 남음 -> compact='08시간34분남음' ; prefix_noise='8시간34분' -> '8시간 34분' (repair_noisy_hour_minute) / direct_parse='8시간 34분' => 11:10 니드호그 / 현재=02:36:17 / 남은시간=8시간 34분 / 계산=11:10 / warnings=-
  slot 8 티르 [TIMED] [words_compact]=2일 13시간 ; segments=0 | 2일 | 13시간 | 남음 -> compact='02일13시간남음' ; unit_inferred=2일 13시간 / direct_parse='2일 13시간' => 티르 2일 13시간 / 현재=02:36:17 / 남은시간=2일 13시간 / 계산=15:36 / warnings=-
[이미지 2] area=니다벨리르 base=02:36:18
  ocr2 fixed=1600x900 window=176,190,1410,709 area=니다벨리르 best=니다벨리르 final=니다벨리르 reason=fixed_full_name_2plus highlight=- fixed_tab=- def=337 def_boss=4 slot_match=4 slot_strong=4 slot_full=4 base=02:36:18 diag=ok=1 err=- img=1461299 src=1600x900 ocr=1600x900 lines=36 words=69 text=233
  slot 1 라이노르 [TIMED] [words_split_digits]=8시간 27분 ; segments=0 | 8 | 시간 | 27 | = | - | 남음 -> merged_digits='08 시간 27 = - 남음' ; prefix_noise='8시간 27 = -' -> '8시간 27분' (repair_noisy_hour_minute) / direct_parse='8시간 27분' => 11:03 라이노르 / 현재=02:36:18 / 남은시간=8시간 27분 / 계산=11:03 / warnings=-
  slot 2 헤르모드 [TIMED] [words]=10시간 49분 ; segments=0 | 10시간 | 49 | = | - | 남음 -> spaced='0 10시간 49 = - 남음' ; prefix_noise='10시간 49 = -' -> '10시간 49분' (repair_noisy_hour_minute) / direct_parse='10시간 49분' => 13:25 헤르모드 / 현재=02:36:18 / 남은시간=10시간 49분 / 계산=13:25 / warnings=-
  slot 3 브륀힐드 [TIMED] [words_compact]=8시간 6분 ; segments=0 | 8시간 | 6분 | 남음 -> compact='08시간6분남음' ; prefix_noise='8시간6분' -> '8시간 6분' (repair_noisy_hour_minute) / direct_parse='8시간 6분' => 10:42 브륀힐드 / 현재=02:36:18 / 남은시간=8시간 6분 / 계산=10:42 / warnings=-
  slot 4 수드리 [TIMED] [words]=9시간 32분 ; segments=0 | 9시간 | 32 | = | 남음 -> spaced='0 9시간 32 = 남음' ; prefix_noise='9시간 32 =' -> '9시간 32분' (repair_noisy_hour_minute) / direct_parse='9시간 32분' => 12:08 수드리 / 현재=02:36:18 / 남은시간=9시간 32분 / 계산=12:08 / warnings=-
  slot 5 비요른 [TIMED] [words]=10시간 16분 ; segments=0 | 10시간 | 16 | 분 | 남음 -> spaced='0 10시간 16 분 남음' ; prefix_noise='10시간 16 분' -> '10시간 16분' (repair_noisy_hour_minute) / direct_parse='10시간 16분' => 12:52 비요른 / 현재=02:36:18 / 남은시간=10시간 16분 / 계산=12:52 / warnings=-
  slot 6 스칼라니르 [TIMED] [words]=10시간 35분 ; segments=0 | 10시간 | 35 | 분 | 남음 -> spaced='0 10시간 35 분 남음' ; prefix_noise='10시간 35 분' -> '10시간 35분' (repair_noisy_hour_minute) / direct_parse='10시간 35분' => 13:11 스칼라니르 / 현재=02:36:18 / 남은시간=10시간 35분 / 계산=13:11 / warnings=-
  slot 7 라타토스크 [TIMED] [words_compact]=8시간 5분 ; segments=0 | 8시간 | 5분 | 남음 -> compact='08시간5분남음' ; prefix_noise='8시간5분' -> '8시간 5분' (repair_noisy_hour_minute) / direct_parse='8시간 5분' => 10:41 라타토스크 / 현재=02:36:18 / 남은시간=8시간 5분 / 계산=10:41 / warnings=-
  slot 8 토르 [TIMED] [words]=16시간 9분 ; segments=0 | 16 | 시간 | 9 | = | “ | 남음 -> spaced='0 16 시간 9 = “ 남음' ; prefix_noise='16 시간 9 = “' -> '16시간 9분' (repair_noisy_hour_minute) / direct_parse='16시간 9분' => 18:45 토르 / 현재=02:36:18 / 남은시간=16시간 9분 / 계산=18:45 / warnings=-
[이미지 3] area=알브하임 base=02:36:20
  ocr2 fixed=1600x900 window=176,190,1410,709 area=알브하임 best=알브하임 final=알브하임 reason=fixed_full_name_2plus highlight=- fixed_tab=- def=440 def_boss=5 slot_match=5 slot_strong=5 slot_full=5 base=02:36:20 diag=ok=1 err=- img=1320404 src=1600x900 ocr=1600x900 lines=32 words=56 text=203
  slot 1 스바르트 [TIMED] [words_split_digits]=7시간 25분 ; segments=0 | 7 | 시간 | 25 | 분 | 남음 -> merged_digits='07 시간 25 분 남음' ; prefix_noise='7시간 25 분' -> '7시간 25분' (repair_noisy_hour_minute) / direct_parse='7시간 25분' => 10:01 스바르트 / 현재=02:36:20 / 남은시간=7시간 25분 / 계산=10:01 / warnings=-
  slot 2 모네가름 [TIMED] [words_compact]=16시간 46분 ; segments=0 | 16시간 | 46분 | 남음 -> compact='016시간46분남음' ; prefix_noise='16시간46분' -> '16시간 46분' (repair_noisy_hour_minute) / direct_parse='16시간 46분' => 19:22 모네가름 / 현재=02:36:20 / 남은시간=16시간 46분 / 계산=19:22 / warnings=-
  slot 3 굴베이그 [TIMED] [words]=17시간 26분 ; segments=0 | 17시간 | 26 | 분 | 남음 -> spaced='0 17시간 26 분 남음' ; prefix_noise='17시간 26 분' -> '17시간 26분' (repair_noisy_hour_minute) / direct_parse='17시간 26분' => 20:02 굴베이그 / 현재=02:36:20 / 남은시간=17시간 26분 / 계산=20:02 / warnings=-
  slot 4 두라스로르 [TIMED] [words_compact]=10시간 4분 ; segments=0 | 10시간 | 4분 | 남음 -> compact='010시간4분남음' ; prefix_noise='10시간4분' -> '10시간 4분' (repair_noisy_hour_minute) / direct_parse='10시간 4분' => 12:40 두라스로르 / 현재=02:36:20 / 남은시간=10시간 4분 / 계산=12:40 / warnings=-
  slot 5 드라우그 [TIMED] [words_split_digits]=7시간 25분 ; segments=0 | 7 | 시간 | 25 | 분 | 남음 -> merged_digits='07 시간 25 분 남음' ; prefix_noise='7시간 25 분' -> '7시간 25분' (repair_noisy_hour_minute) / direct_parse='7시간 25분' => 10:01 드라우그 / 현재=02:36:20 / 남은시간=7시간 25분 / 계산=10:01 / warnings=-
  slot 6 오딘 [TIMED] [words_compact]=7시간 54분 ; segments=0 | 7시간 | 54분 | 남음 -> compact='07시간54분남음' ; prefix_noise='7시간54분' -> '7시간 54분' (repair_noisy_hour_minute) / direct_parse='7시간 54분' => 10:30 오딘 / 현재=02:36:20 / 남은시간=7시간 54분 / 계산=10:30 / warnings=-
[이미지 4] area=무스펠하임 base=02:36:23
  ocr2 fixed=1600x900 window=176,190,1410,709 area=무스펠하임 best=무스펠하임 final=무스펠하임 reason=fixed_full_name_2plus highlight=- fixed_tab=- def=440 def_boss=5 slot_match=5 slot_strong=5 slot_full=5 base=02:36:23 diag=ok=1 err=- img=1404812 src=1600x900 ocr=1600x900 lines=37 words=70 text=253
  slot 1 메기르 [TIMED] [words]=9시간 12분 ; segments=0 | 9시간 | 1 | 2 | = | - | 남음 -> spaced='0 9시간 1 2 = - 남음' ; prefix_noise='9시간 1 2 = -' -> '9시간 12분' (repair_split_minute_digits_after_hour, repair_noisy_hour_minute) / direct_parse='9시간 12분' => 11:48 메기르 / 현재=02:36:23 / 남은시간=9시간 12분 / 계산=11:48 / warnings=-
  slot 2 헤르가름 [TIMED] [words_compact]=9시간 57분 ; segments=0 | 9시간 | 57분 | 남음 -> compact='09시간57분남음' ; prefix_noise='9시간57분' -> '9시간 57분' (repair_noisy_hour_minute) / direct_parse='9시간 57분' => 12:33 헤르가름 / 현재=02:36:23 / 남은시간=9시간 57분 / 계산=12:33 / warnings=-
  slot 3 엘드룬 [TIMED] [words]=12시간 7분 ; segments=0 | 12시간 | 7 | = | “ | 남음 -> spaced='0 12시간 7 = “ 남음' ; prefix_noise='12시간 7 = “' -> '12시간 7분' (repair_noisy_hour_minute) / direct_parse='12시간 7분' => 14:43 엘드룬 / 현재=02:36:23 / 남은시간=12시간 7분 / 계산=14:43 / warnings=-
  slot 4 수르트 [TIMED] [words_split_digits]=8시간 13분 ; segments=0 | 8 | 시간 | 13 | 분 | 남음 -> merged_digits='08 시간 13 분 남음' ; prefix_noise='8시간 13 분' -> '8시간 13분' (repair_noisy_hour_minute) / direct_parse='8시간 13분' => 10:49 수르트 / 현재=02:36:23 / 남은시간=8시간 13분 / 계산=10:49 / warnings=-
  slot 5 신마라 [TIMED] [words_split_digits]=7시간 25분 ; segments=0 | 7 | 시간 | 25 | 분 | 남음 -> merged_digits='07 시간 25 분 남음' ; prefix_noise='7시간 25 분' -> '7시간 25분' (repair_noisy_hour_minute) / direct_parse='7시간 25분' => 10:01 신마라 / 현재=02:36:23 / 남은시간=7시간 25분 / 계산=10:01 / warnings=-
  slot 6 탕그 [TIMED] [words_compact]=7시간 25분 ; segments=0 | 7시간 | 25분 | 남음 -> compact='07시간25분남음' ; prefix_noise='7시간25분' -> '7시간 25분' (repair_noisy_hour_minute) / direct_parse='7시간 25분' => 10:01 탕그 / 현재=02:36:23 / 남은시간=7시간 25분 / 계산=10:01 / warnings=-
  slot 7 우로보로스 [TIMED] [words_compact]=12시간 24분 ; segments=0 | 12시간 | 24분 | 남음 -> compact='012시간24분남음' ; prefix_noise='12시간24분' -> '12시간 24분' (repair_noisy_hour_minute) / direct_parse='12시간 24분' => 15:00 우로보로스 / 현재=02:36:23 / 남은시간=12시간 24분 / 계산=15:00 / warnings=-

[2026-05-09 02:37:42] mode=ocr
[이미지 1] area=요툰하임 base=02:36:17
  ocr window=0,164,1600,730 area=요툰하임 best=요툰하임 reason=fixed_full_name_2plus highlight=- top=0 def=337 def_terms=4 def_boss=4 slot_exact=6 slot_boss=6 slot_match=3 slot_strong=3 slot_full=3 exact_boss=8 boss=10 grid=8 empty=0 base=02:36:17 diag=ok=1 err=- img=1488223 src=1600x900 ocr=1600x900 lines=32 words=63 text=212
  slot 1 파르바 [TIMED] [words_split_digits]=8시간 53분 ; segments=0 | 8 | 시간 | 53 | 분 | 남음 -> merged_digits='08 시간 53 분 남음' ; prefix_noise='8시간 53 분' -> '8시간 53분' (repair_noisy_hour_minute) / direct_parse='8시간 53분' => 11:29 파르바 / 현재=02:36:17 / 남은시간=8시간 53분 / 계산=11:29 / warnings=-
  slot 2 흐니르 [TIMED] [words_compact]=8시간 5분 ; segments=0 | 8시간 | 5분 | 남음 -> compact='08시간5분남음' ; prefix_noise='8시간5분' -> '8시간 5분' (repair_noisy_hour_minute) / direct_parse='8시간 5분' => 10:41 흐니르 / 현재=02:36:17 / 남은시간=8시간 5분 / 계산=10:41 / warnings=-
  slot 3 바우티 [TIMED] [card_words_group_merge]=7시간 25분 ; card_segments=7 | 시간 | 25 | 분 | 남음 | 0 -> merged_spaced='7 시간 25 분 남음 0' ; prefix_noise='7 시간 25 분 0' -> '7시간 25분' (repair_noisy_hour_minute) / direct_parse='7시간 25분' => 10:01 바우티 / 현재=02:36:17 / 남은시간=7시간 25분 / 계산=10:01 / warnings=-
  slot 4 야른 [TIMED] [words_compact]=8시간 52분 ; segments=8시간 | 52분 | 남음 -> compact='8시간52분남음' ; prefix_noise='8시간52분' -> '8시간 52분' (repair_noisy_hour_minute) / direct_parse='8시간 52분' => 11:28 야른 / 현재=02:36:17 / 남은시간=8시간 52분 / 계산=11:28 / warnings=-
  slot 5 셀로비아 [TIMED] [words_split_digits]=7시간 25분 ; segments=0 | 7 | 시간 | 25 | 분 | 남음 -> merged_digits='07 시간 25 분 남음' ; prefix_noise='7시간 25 분' -> '7시간 25분' (repair_noisy_hour_minute) / direct_parse='7시간 25분' => 10:01 셀로비아 / 현재=02:36:17 / 남은시간=7시간 25분 / 계산=10:01 / warnings=-
  slot 6 페티 [TIMED] [words]=10시간 30분 ; segments=0 | 10시간 | 30 | = | 남음 -> spaced='0 10시간 30 = 남음' ; prefix_noise='10시간 30 =' -> '10시간 30분' (repair_noisy_hour_minute) / direct_parse='10시간 30분' => 13:06 페티 / 현재=02:36:17 / 남은시간=10시간 30분 / 계산=13:06 / warnings=-
  slot 7 니드호그 [TIMED] [card_words_group_merge_compact]=8시간 34분 ; card_segments=8시간 | 34분 | 남음 | 0 -> merged_compact='8시간34분남음0' ; prefix_noise='8시간34분0' -> '8시간 34분' (repair_noisy_hour_minute) / direct_parse='8시간 34분' => 11:10 니드호그 / 현재=02:36:17 / 남은시간=8시간 34분 / 계산=11:10 / warnings=-
  slot 8 티르 [TIMED] [words_compact]=2일 13시간 ; segments=2일 | 13시간 | 남음 -> compact='2일13시간남음' ; unit_inferred=2일 13시간 / direct_parse='2일 13시간' => 티르 2일 13시간 / 현재=02:36:17 / 남은시간=2일 13시간 / 계산=15:36 / warnings=-
[이미지 2] area=니다벨리르 base=02:36:18
  ocr window=0,164,1600,730 area=니다벨리르 best=니다벨리르 reason=fixed_full_name_2plus highlight=- top=0 def=337 def_terms=4 def_boss=4 slot_exact=4 slot_boss=5 slot_match=3 slot_strong=3 slot_full=3 exact_boss=12 boss=12 grid=8 empty=0 base=02:36:18 diag=ok=1 err=- img=1461299 src=1600x900 ocr=1600x900 lines=36 words=69 text=233
  slot 1 라이노르 [TIMED] [words_split_digits]=8시간 27분 ; segments=0 | 8 | 시간 | 27 | = | - | 남음 -> merged_digits='08 시간 27 = - 남음' ; prefix_noise='8시간 27 = -' -> '8시간 27분' (repair_noisy_hour_minute) / direct_parse='8시간 27분' => 11:03 라이노르 / 현재=02:36:18 / 남은시간=8시간 27분 / 계산=11:03 / warnings=-
  slot 2 헤르모드 [TIMED] [words]=10시간 49분 ; segments=0 | 10시간 | 49 | = | - | 남음 -> spaced='0 10시간 49 = - 남음' ; prefix_noise='10시간 49 = -' -> '10시간 49분' (repair_noisy_hour_minute) / direct_parse='10시간 49분' => 13:25 헤르모드 / 현재=02:36:18 / 남은시간=10시간 49분 / 계산=13:25 / warnings=-
  slot 3 브륀힐드 [TIMED] [card_words_group_merge]=8시간 6분 ; card_segments=0 | 8시간 | 6분 | 남음 | 0 -> merged_spaced='0 8시간 6분 남음 0' ; prefix_noise='8시간 6분 0' -> '8시간 6분' (repair_noisy_hour_minute) / direct_parse='8시간 6분' => 10:42 브륀힐드 / 현재=02:36:18 / 남은시간=8시간 6분 / 계산=10:42 / warnings=-
  slot 4 수드리 [TIMED] [words_compact]=9시간 32분 ; segments=9시간 | 32 | = | 남음 -> compact='9시간32=남음' ; prefix_noise='9시간32=' -> '9시간 32분' (repair_noisy_hour_minute) / direct_parse='9시간 32분' => 12:08 수드리 / 현재=02:36:18 / 남은시간=9시간 32분 / 계산=12:08 / warnings=-
  slot 5 비요른 [TIMED] [words]=10시간 16분 ; segments=0 | 10시간 | 16 | 분 | 남음 -> spaced='0 10시간 16 분 남음' ; prefix_noise='10시간 16 분' -> '10시간 16분' (repair_noisy_hour_minute) / direct_parse='10시간 16분' => 12:52 비요른 / 현재=02:36:18 / 남은시간=10시간 16분 / 계산=12:52 / warnings=-
  slot 6 스칼라니르 [TIMED] [words]=10시간 35분 ; segments=0 | 10시간 | 35 | 분 | 남음 -> spaced='0 10시간 35 분 남음' ; prefix_noise='10시간 35 분' -> '10시간 35분' (repair_noisy_hour_minute) / direct_parse='10시간 35분' => 13:11 스칼라니르 / 현재=02:36:18 / 남은시간=10시간 35분 / 계산=13:11 / warnings=-
  slot 7 라타토스크 [TIMED] [card_words_group_merge]=8시간 5분 ; card_segments=0 | 8시간 | 5분 | 남음 | 0 -> merged_spaced='0 8시간 5분 남음 0' ; prefix_noise='8시간 5분 0' -> '8시간 5분' (repair_noisy_hour_minute) / direct_parse='8시간 5분' => 10:41 라타토스크 / 현재=02:36:18 / 남은시간=8시간 5분 / 계산=10:41 / warnings=-
  slot 8 토르 [TIMED] [words]=16시간 9분 ; segments=16 | 시간 | 9 | = | 남음 -> spaced='16 시간 9 = 남음' ; prefix_noise='16 시간 9 =' -> '16시간 9분' (repair_noisy_hour_minute) / direct_parse='16시간 9분' => 18:45 토르 / 현재=02:36:18 / 남은시간=16시간 9분 / 계산=18:45 / warnings=-
[이미지 3] area=알브하임 base=02:36:20
  ocr window=0,164,1600,730 area=알브하임 best=알브하임 reason=fixed_full_name_2plus highlight=- top=0 def=440 def_terms=5 def_boss=5 slot_exact=8 slot_boss=8 slot_match=4 slot_strong=4 slot_full=4 exact_boss=12 boss=14 grid=6 empty=0 base=02:36:20 diag=ok=1 err=- img=1320404 src=1600x900 ocr=1600x900 lines=32 words=56 text=203
  slot 1 스바르트 [TIMED] [words_split_digits]=7시간 25분 ; segments=0 | 7 | 시간 | 25 | 분 | 남음 -> merged_digits='07 시간 25 분 남음' ; prefix_noise='7시간 25 분' -> '7시간 25분' (repair_noisy_hour_minute) / direct_parse='7시간 25분' => 10:01 스바르트 / 현재=02:36:20 / 남은시간=7시간 25분 / 계산=10:01 / warnings=-
  slot 2 모네가름 [TIMED] [words_compact]=16시간 46분 ; segments=0 | 16시간 | 46분 | 남음 -> compact='016시간46분남음' ; prefix_noise='16시간46분' -> '16시간 46분' (repair_noisy_hour_minute) / direct_parse='16시간 46분' => 19:22 모네가름 / 현재=02:36:20 / 남은시간=16시간 46분 / 계산=19:22 / warnings=-
  slot 3 굴베이그 [TIMED] [words_compact]=17시간 26분 ; segments=17시간 | 26 | 분 | 남음 -> compact='17시간26분남음' ; prefix_noise='17시간26분' -> '17시간 26분' (repair_noisy_hour_minute) / direct_parse='17시간 26분' => 20:02 굴베이그 / 현재=02:36:20 / 남은시간=17시간 26분 / 계산=20:02 / warnings=-
  slot 4 두라스로르 [TIMED] [words_compact]=10시간 4분 ; segments=0 | 10시간 | 4분 | 남음 -> compact='010시간4분남음' ; prefix_noise='10시간4분' -> '10시간 4분' (repair_noisy_hour_minute) / direct_parse='10시간 4분' => 12:40 두라스로르 / 현재=02:36:20 / 남은시간=10시간 4분 / 계산=12:40 / warnings=-
  slot 5 드라우그 [TIMED] [words_split_digits]=7시간 25분 ; segments=0 | 7 | 시간 | 25 | 분 | 남음 -> merged_digits='07 시간 25 분 남음' ; prefix_noise='7시간 25 분' -> '7시간 25분' (repair_noisy_hour_minute) / direct_parse='7시간 25분' => 10:01 드라우그 / 현재=02:36:20 / 남은시간=7시간 25분 / 계산=10:01 / warnings=-
  slot 6 오딘 [TIMED] [words_compact]=7시간 54분 ; segments=7시간 | 54분 | 남음 -> compact='7시간54분남음' ; prefix_noise='7시간54분' -> '7시간 54분' (repair_noisy_hour_minute) / direct_parse='7시간 54분' => 10:30 오딘 / 현재=02:36:20 / 남은시간=7시간 54분 / 계산=10:30 / warnings=-
[이미지 4] area=무스펠하임 base=02:36:23
  ocr window=0,164,1600,730 area=무스펠하임 best=무스펠하임 reason=fixed_full_name_2plus highlight=- top=0 def=440 def_terms=5 def_boss=5 slot_exact=8 slot_boss=8 slot_match=4 slot_strong=4 slot_full=4 exact_boss=16 boss=16 grid=7 empty=0 base=02:36:23 diag=ok=1 err=- img=1404812 src=1600x900 ocr=1600x900 lines=37 words=70 text=253
  slot 1 메기르 [TIMED] [words]=9시간 12분 ; segments=0 | 9시간 | 1 | 2 | = | - | 남음 -> spaced='0 9시간 1 2 = - 남음' ; prefix_noise='9시간 1 2 = -' -> '9시간 12분' (repair_split_minute_digits_after_hour, repair_noisy_hour_minute) / direct_parse='9시간 12분' => 11:48 메기르 / 현재=02:36:23 / 남은시간=9시간 12분 / 계산=11:48 / warnings=-
  slot 2 헤르가름 [TIMED] [words_compact]=9시간 57분 ; segments=0 | 9시간 | 57분 | 남음 -> compact='09시간57분남음' ; prefix_noise='9시간57분' -> '9시간 57분' (repair_noisy_hour_minute) / direct_parse='9시간 57분' => 12:33 헤르가름 / 현재=02:36:23 / 남은시간=9시간 57분 / 계산=12:33 / warnings=-
  slot 3 엘드룬 [TIMED] [card_words_group_merge]=12시간 7분 ; card_segments=12시간 | 7 | = | “ | 남음 | 0 -> merged_spaced='12시간 7 = “ 남음 0' ; prefix_noise='12시간 7 = “ 0' -> '12시간 7분' (repair_noisy_hour_minute) / direct_parse='12시간 7분' => 14:43 엘드룬 / 현재=02:36:23 / 남은시간=12시간 7분 / 계산=14:43 / warnings=-
  slot 4 수르트 [TIMED] [words]=8시간 13분 ; segments=8 | 시간 | 13 | 분 | 남음 -> spaced='8 시간 13 분 남음' ; prefix_noise='8 시간 13 분' -> '8시간 13분' (repair_noisy_hour_minute) / direct_parse='8시간 13분' => 10:49 수르트 / 현재=02:36:23 / 남은시간=8시간 13분 / 계산=10:49 / warnings=-
  slot 5 신마라 [TIMED] [words_split_digits]=7시간 25분 ; segments=0 | 7 | 시간 | 25 | 분 | 남음 -> merged_digits='07 시간 25 분 남음' ; prefix_noise='7시간 25 분' -> '7시간 25분' (repair_noisy_hour_minute) / direct_parse='7시간 25분' => 10:01 신마라 / 현재=02:36:23 / 남은시간=7시간 25분 / 계산=10:01 / warnings=-
  slot 6 탕그 [TIMED] [words_compact]=7시간 25분 ; segments=0 | 7시간 | 25분 | 남음 -> compact='07시간25분남음' ; prefix_noise='7시간25분' -> '7시간 25분' (repair_noisy_hour_minute) / direct_parse='7시간 25분' => 10:01 탕그 / 현재=02:36:23 / 남은시간=7시간 25분 / 계산=10:01 / warnings=-
  slot 7 우로보로스 [TIMED] [words_compact]=12시간 24분 ; segments=12시간 | 24분 | 남음 -> compact='12시간24분남음' ; prefix_noise='12시간24분' -> '12시간 24분' (repair_noisy_hour_minute) / direct_parse='12시간 24분' => 15:00 우로보로스 / 현재=02:36:23 / 남은시간=12시간 24분 / 계산=15:00 / warnings=-

[2026-05-09 02:37:42] mode=ocr2
[이미지 1] area=요툰하임 base=02:36:17
  ocr2 fixed=1600x900 window=176,190,1410,709 area=요툰하임 best=요툰하임 final=요툰하임 reason=fixed_full_name_2plus highlight=- fixed_tab=- def=337 def_boss=4 slot_match=3 slot_strong=3 slot_full=3 base=02:36:17 diag=ok=1 err=- img=1488223 src=1600x900 ocr=1600x900 lines=32 words=63 text=212
  slot 1 파르바 [TIMED] [words_split_digits]=8시간 53분 ; segments=0 | 8 | 시간 | 53 | 분 | 남음 -> merged_digits='08 시간 53 분 남음' ; prefix_noise='8시간 53 분' -> '8시간 53분' (repair_noisy_hour_minute) / direct_parse='8시간 53분' => 11:29 파르바 / 현재=02:36:17 / 남은시간=8시간 53분 / 계산=11:29 / warnings=-
  slot 2 흐니르 [TIMED] [words_compact]=8시간 5분 ; segments=0 | 8시간 | 5분 | 남음 -> compact='08시간5분남음' ; prefix_noise='8시간5분' -> '8시간 5분' (repair_noisy_hour_minute) / direct_parse='8시간 5분' => 10:41 흐니르 / 현재=02:36:17 / 남은시간=8시간 5분 / 계산=10:41 / warnings=-
  slot 3 바우티 [TIMED] [words_split_digits]=7시간 25분 ; segments=0 | 7 | 시간 | 25 | 분 | 남음 -> merged_digits='07 시간 25 분 남음' ; prefix_noise='7시간 25 분' -> '7시간 25분' (repair_noisy_hour_minute) / direct_parse='7시간 25분' => 10:01 바우티 / 현재=02:36:17 / 남은시간=7시간 25분 / 계산=10:01 / warnings=-
  slot 4 야른 [TIMED] [words_compact]=8시간 52분 ; segments=0 | 8시간 | 52분 | 남음 -> compact='08시간52분남음' ; prefix_noise='8시간52분' -> '8시간 52분' (repair_noisy_hour_minute) / direct_parse='8시간 52분' => 11:28 야른 / 현재=02:36:17 / 남은시간=8시간 52분 / 계산=11:28 / warnings=-
  slot 5 셀로비아 [TIMED] [words_split_digits]=7시간 25분 ; segments=0 | 7 | 시간 | 25 | 분 | 남음 -> merged_digits='07 시간 25 분 남음' ; prefix_noise='7시간 25 분' -> '7시간 25분' (repair_noisy_hour_minute) / direct_parse='7시간 25분' => 10:01 셀로비아 / 현재=02:36:17 / 남은시간=7시간 25분 / 계산=10:01 / warnings=-
  slot 6 페티 [TIMED] [words]=10시간 30분 ; segments=0 | 10시간 | 30 | = | “ | 남음 -> spaced='0 10시간 30 = “ 남음' ; prefix_noise='10시간 30 = “' -> '10시간 30분' (repair_noisy_hour_minute) / direct_parse='10시간 30분' => 13:06 페티 / 현재=02:36:17 / 남은시간=10시간 30분 / 계산=13:06 / warnings=-
  slot 7 니드호그 [TIMED] [words_compact]=8시간 34분 ; segments=0 | 8시간 | 34분 | 남음 -> compact='08시간34분남음' ; prefix_noise='8시간34분' -> '8시간 34분' (repair_noisy_hour_minute) / direct_parse='8시간 34분' => 11:10 니드호그 / 현재=02:36:17 / 남은시간=8시간 34분 / 계산=11:10 / warnings=-
  slot 8 티르 [TIMED] [words_compact]=2일 13시간 ; segments=0 | 2일 | 13시간 | 남음 -> compact='02일13시간남음' ; unit_inferred=2일 13시간 / direct_parse='2일 13시간' => 티르 2일 13시간 / 현재=02:36:17 / 남은시간=2일 13시간 / 계산=15:36 / warnings=-
[이미지 2] area=니다벨리르 base=02:36:18
  ocr2 fixed=1600x900 window=176,190,1410,709 area=니다벨리르 best=니다벨리르 final=니다벨리르 reason=fixed_full_name_2plus highlight=- fixed_tab=- def=337 def_boss=4 slot_match=4 slot_strong=4 slot_full=4 base=02:36:18 diag=ok=1 err=- img=1461299 src=1600x900 ocr=1600x900 lines=36 words=69 text=233
  slot 1 라이노르 [TIMED] [words_split_digits]=8시간 27분 ; segments=0 | 8 | 시간 | 27 | = | - | 남음 -> merged_digits='08 시간 27 = - 남음' ; prefix_noise='8시간 27 = -' -> '8시간 27분' (repair_noisy_hour_minute) / direct_parse='8시간 27분' => 11:03 라이노르 / 현재=02:36:18 / 남은시간=8시간 27분 / 계산=11:03 / warnings=-
  slot 2 헤르모드 [TIMED] [words]=10시간 49분 ; segments=0 | 10시간 | 49 | = | - | 남음 -> spaced='0 10시간 49 = - 남음' ; prefix_noise='10시간 49 = -' -> '10시간 49분' (repair_noisy_hour_minute) / direct_parse='10시간 49분' => 13:25 헤르모드 / 현재=02:36:18 / 남은시간=10시간 49분 / 계산=13:25 / warnings=-
  slot 3 브륀힐드 [TIMED] [words_compact]=8시간 6분 ; segments=0 | 8시간 | 6분 | 남음 -> compact='08시간6분남음' ; prefix_noise='8시간6분' -> '8시간 6분' (repair_noisy_hour_minute) / direct_parse='8시간 6분' => 10:42 브륀힐드 / 현재=02:36:18 / 남은시간=8시간 6분 / 계산=10:42 / warnings=-
  slot 4 수드리 [TIMED] [words]=9시간 32분 ; segments=0 | 9시간 | 32 | = | 남음 -> spaced='0 9시간 32 = 남음' ; prefix_noise='9시간 32 =' -> '9시간 32분' (repair_noisy_hour_minute) / direct_parse='9시간 32분' => 12:08 수드리 / 현재=02:36:18 / 남은시간=9시간 32분 / 계산=12:08 / warnings=-
  slot 5 비요른 [TIMED] [words]=10시간 16분 ; segments=0 | 10시간 | 16 | 분 | 남음 -> spaced='0 10시간 16 분 남음' ; prefix_noise='10시간 16 분' -> '10시간 16분' (repair_noisy_hour_minute) / direct_parse='10시간 16분' => 12:52 비요른 / 현재=02:36:18 / 남은시간=10시간 16분 / 계산=12:52 / warnings=-
  slot 6 스칼라니르 [TIMED] [words]=10시간 35분 ; segments=0 | 10시간 | 35 | 분 | 남음 -> spaced='0 10시간 35 분 남음' ; prefix_noise='10시간 35 분' -> '10시간 35분' (repair_noisy_hour_minute) / direct_parse='10시간 35분' => 13:11 스칼라니르 / 현재=02:36:18 / 남은시간=10시간 35분 / 계산=13:11 / warnings=-
  slot 7 라타토스크 [TIMED] [words_compact]=8시간 5분 ; segments=0 | 8시간 | 5분 | 남음 -> compact='08시간5분남음' ; prefix_noise='8시간5분' -> '8시간 5분' (repair_noisy_hour_minute) / direct_parse='8시간 5분' => 10:41 라타토스크 / 현재=02:36:18 / 남은시간=8시간 5분 / 계산=10:41 / warnings=-
  slot 8 토르 [TIMED] [words]=16시간 9분 ; segments=0 | 16 | 시간 | 9 | = | “ | 남음 -> spaced='0 16 시간 9 = “ 남음' ; prefix_noise='16 시간 9 = “' -> '16시간 9분' (repair_noisy_hour_minute) / direct_parse='16시간 9분' => 18:45 토르 / 현재=02:36:18 / 남은시간=16시간 9분 / 계산=18:45 / warnings=-
[이미지 3] area=알브하임 base=02:36:20
  ocr2 fixed=1600x900 window=176,190,1410,709 area=알브하임 best=알브하임 final=알브하임 reason=fixed_full_name_2plus highlight=- fixed_tab=- def=440 def_boss=5 slot_match=5 slot_strong=5 slot_full=5 base=02:36:20 diag=ok=1 err=- img=1320404 src=1600x900 ocr=1600x900 lines=32 words=56 text=203
  slot 1 스바르트 [TIMED] [words_split_digits]=7시간 25분 ; segments=0 | 7 | 시간 | 25 | 분 | 남음 -> merged_digits='07 시간 25 분 남음' ; prefix_noise='7시간 25 분' -> '7시간 25분' (repair_noisy_hour_minute) / direct_parse='7시간 25분' => 10:01 스바르트 / 현재=02:36:20 / 남은시간=7시간 25분 / 계산=10:01 / warnings=-
  slot 2 모네가름 [TIMED] [words_compact]=16시간 46분 ; segments=0 | 16시간 | 46분 | 남음 -> compact='016시간46분남음' ; prefix_noise='16시간46분' -> '16시간 46분' (repair_noisy_hour_minute) / direct_parse='16시간 46분' => 19:22 모네가름 / 현재=02:36:20 / 남은시간=16시간 46분 / 계산=19:22 / warnings=-
  slot 3 굴베이그 [TIMED] [words]=17시간 26분 ; segments=0 | 17시간 | 26 | 분 | 남음 -> spaced='0 17시간 26 분 남음' ; prefix_noise='17시간 26 분' -> '17시간 26분' (repair_noisy_hour_minute) / direct_parse='17시간 26분' => 20:02 굴베이그 / 현재=02:36:20 / 남은시간=17시간 26분 / 계산=20:02 / warnings=-
  slot 4 두라스로르 [TIMED] [words_compact]=10시간 4분 ; segments=0 | 10시간 | 4분 | 남음 -> compact='010시간4분남음' ; prefix_noise='10시간4분' -> '10시간 4분' (repair_noisy_hour_minute) / direct_parse='10시간 4분' => 12:40 두라스로르 / 현재=02:36:20 / 남은시간=10시간 4분 / 계산=12:40 / warnings=-
  slot 5 드라우그 [TIMED] [words_split_digits]=7시간 25분 ; segments=0 | 7 | 시간 | 25 | 분 | 남음 -> merged_digits='07 시간 25 분 남음' ; prefix_noise='7시간 25 분' -> '7시간 25분' (repair_noisy_hour_minute) / direct_parse='7시간 25분' => 10:01 드라우그 / 현재=02:36:20 / 남은시간=7시간 25분 / 계산=10:01 / warnings=-
  slot 6 오딘 [TIMED] [words_compact]=7시간 54분 ; segments=0 | 7시간 | 54분 | 남음 -> compact='07시간54분남음' ; prefix_noise='7시간54분' -> '7시간 54분' (repair_noisy_hour_minute) / direct_parse='7시간 54분' => 10:30 오딘 / 현재=02:36:20 / 남은시간=7시간 54분 / 계산=10:30 / warnings=-
[이미지 4] area=무스펠하임 base=02:36:23
  ocr2 fixed=1600x900 window=176,190,1410,709 area=무스펠하임 best=무스펠하임 final=무스펠하임 reason=fixed_full_name_2plus highlight=- fixed_tab=- def=440 def_boss=5 slot_match=5 slot_strong=5 slot_full=5 base=02:36:23 diag=ok=1 err=- img=1404812 src=1600x900 ocr=1600x900 lines=37 words=70 text=253
  slot 1 메기르 [TIMED] [words]=9시간 12분 ; segments=0 | 9시간 | 1 | 2 | = | - | 남음 -> spaced='0 9시간 1 2 = - 남음' ; prefix_noise='9시간 1 2 = -' -> '9시간 12분' (repair_split_minute_digits_after_hour, repair_noisy_hour_minute) / direct_parse='9시간 12분' => 11:48 메기르 / 현재=02:36:23 / 남은시간=9시간 12분 / 계산=11:48 / warnings=-
  slot 2 헤르가름 [TIMED] [words_compact]=9시간 57분 ; segments=0 | 9시간 | 57분 | 남음 -> compact='09시간57분남음' ; prefix_noise='9시간57분' -> '9시간 57분' (repair_noisy_hour_minute) / direct_parse='9시간 57분' => 12:33 헤르가름 / 현재=02:36:23 / 남은시간=9시간 57분 / 계산=12:33 / warnings=-
  slot 3 엘드룬 [TIMED] [words]=12시간 7분 ; segments=0 | 12시간 | 7 | = | “ | 남음 -> spaced='0 12시간 7 = “ 남음' ; prefix_noise='12시간 7 = “' -> '12시간 7분' (repair_noisy_hour_minute) / direct_parse='12시간 7분' => 14:43 엘드룬 / 현재=02:36:23 / 남은시간=12시간 7분 / 계산=14:43 / warnings=-
  slot 4 수르트 [TIMED] [words_split_digits]=8시간 13분 ; segments=0 | 8 | 시간 | 13 | 분 | 남음 -> merged_digits='08 시간 13 분 남음' ; prefix_noise='8시간 13 분' -> '8시간 13분' (repair_noisy_hour_minute) / direct_parse='8시간 13분' => 10:49 수르트 / 현재=02:36:23 / 남은시간=8시간 13분 / 계산=10:49 / warnings=-
  slot 5 신마라 [TIMED] [words_split_digits]=7시간 25분 ; segments=0 | 7 | 시간 | 25 | 분 | 남음 -> merged_digits='07 시간 25 분 남음' ; prefix_noise='7시간 25 분' -> '7시간 25분' (repair_noisy_hour_minute) / direct_parse='7시간 25분' => 10:01 신마라 / 현재=02:36:23 / 남은시간=7시간 25분 / 계산=10:01 / warnings=-
  slot 6 탕그 [TIMED] [words_compact]=7시간 25분 ; segments=0 | 7시간 | 25분 | 남음 -> compact='07시간25분남음' ; prefix_noise='7시간25분' -> '7시간 25분' (repair_noisy_hour_minute) / direct_parse='7시간 25분' => 10:01 탕그 / 현재=02:36:23 / 남은시간=7시간 25분 / 계산=10:01 / warnings=-
  slot 7 우로보로스 [TIMED] [words_compact]=12시간 24분 ; segments=0 | 12시간 | 24분 | 남음 -> compact='012시간24분남음' ; prefix_noise='12시간24분' -> '12시간 24분' (repair_noisy_hour_minute) / direct_parse='12시간 24분' => 15:00 우로보로스 / 현재=02:36:23 / 남은시간=12시간 24분 / 계산=15:00 / warnings=-

[2026-05-09 02:37:45] mode=ocr
[이미지 1] area=요툰하임 base=02:36:17
  ocr window=0,164,1600,730 area=요툰하임 best=요툰하임 reason=fixed_full_name_2plus highlight=- top=0 def=337 def_terms=4 def_boss=4 slot_exact=6 slot_boss=6 slot_match=3 slot_strong=3 slot_full=3 exact_boss=8 boss=10 grid=8 empty=0 base=02:36:17 diag=ok=1 err=- img=1488223 src=1600x900 ocr=1600x900 lines=32 words=63 text=212
  slot 1 파르바 [TIMED] [words_split_digits]=8시간 53분 ; segments=0 | 8 | 시간 | 53 | 분 | 남음 -> merged_digits='08 시간 53 분 남음' ; prefix_noise='8시간 53 분' -> '8시간 53분' (repair_noisy_hour_minute) / direct_parse='8시간 53분' => 11:29 파르바 / 현재=02:36:17 / 남은시간=8시간 53분 / 계산=11:29 / warnings=-
  slot 2 흐니르 [TIMED] [words_compact]=8시간 5분 ; segments=0 | 8시간 | 5분 | 남음 -> compact='08시간5분남음' ; prefix_noise='8시간5분' -> '8시간 5분' (repair_noisy_hour_minute) / direct_parse='8시간 5분' => 10:41 흐니르 / 현재=02:36:17 / 남은시간=8시간 5분 / 계산=10:41 / warnings=-
  slot 3 바우티 [TIMED] [card_words_group_merge]=7시간 25분 ; card_segments=7 | 시간 | 25 | 분 | 남음 | 0 -> merged_spaced='7 시간 25 분 남음 0' ; prefix_noise='7 시간 25 분 0' -> '7시간 25분' (repair_noisy_hour_minute) / direct_parse='7시간 25분' => 10:01 바우티 / 현재=02:36:17 / 남은시간=7시간 25분 / 계산=10:01 / warnings=-
  slot 4 야른 [TIMED] [words_compact]=8시간 52분 ; segments=8시간 | 52분 | 남음 -> compact='8시간52분남음' ; prefix_noise='8시간52분' -> '8시간 52분' (repair_noisy_hour_minute) / direct_parse='8시간 52분' => 11:28 야른 / 현재=02:36:17 / 남은시간=8시간 52분 / 계산=11:28 / warnings=-
  slot 5 셀로비아 [TIMED] [words_split_digits]=7시간 25분 ; segments=0 | 7 | 시간 | 25 | 분 | 남음 -> merged_digits='07 시간 25 분 남음' ; prefix_noise='7시간 25 분' -> '7시간 25분' (repair_noisy_hour_minute) / direct_parse='7시간 25분' => 10:01 셀로비아 / 현재=02:36:17 / 남은시간=7시간 25분 / 계산=10:01 / warnings=-
  slot 6 페티 [TIMED] [words]=10시간 30분 ; segments=0 | 10시간 | 30 | = | 남음 -> spaced='0 10시간 30 = 남음' ; prefix_noise='10시간 30 =' -> '10시간 30분' (repair_noisy_hour_minute) / direct_parse='10시간 30분' => 13:06 페티 / 현재=02:36:17 / 남은시간=10시간 30분 / 계산=13:06 / warnings=-
  slot 7 니드호그 [TIMED] [card_words_group_merge_compact]=8시간 34분 ; card_segments=8시간 | 34분 | 남음 | 0 -> merged_compact='8시간34분남음0' ; prefix_noise='8시간34분0' -> '8시간 34분' (repair_noisy_hour_minute) / direct_parse='8시간 34분' => 11:10 니드호그 / 현재=02:36:17 / 남은시간=8시간 34분 / 계산=11:10 / warnings=-
  slot 8 티르 [TIMED] [words_compact]=2일 13시간 ; segments=2일 | 13시간 | 남음 -> compact='2일13시간남음' ; unit_inferred=2일 13시간 / direct_parse='2일 13시간' => 티르 2일 13시간 / 현재=02:36:17 / 남은시간=2일 13시간 / 계산=15:36 / warnings=-
[이미지 2] area=니다벨리르 base=02:36:18
  ocr window=0,164,1600,730 area=니다벨리르 best=니다벨리르 reason=fixed_full_name_2plus highlight=- top=0 def=337 def_terms=4 def_boss=4 slot_exact=4 slot_boss=5 slot_match=3 slot_strong=3 slot_full=3 exact_boss=12 boss=12 grid=8 empty=0 base=02:36:18 diag=ok=1 err=- img=1461299 src=1600x900 ocr=1600x900 lines=36 words=69 text=233
  slot 1 라이노르 [TIMED] [words_split_digits]=8시간 27분 ; segments=0 | 8 | 시간 | 27 | = | - | 남음 -> merged_digits='08 시간 27 = - 남음' ; prefix_noise='8시간 27 = -' -> '8시간 27분' (repair_noisy_hour_minute) / direct_parse='8시간 27분' => 11:03 라이노르 / 현재=02:36:18 / 남은시간=8시간 27분 / 계산=11:03 / warnings=-
  slot 2 헤르모드 [TIMED] [words]=10시간 49분 ; segments=0 | 10시간 | 49 | = | - | 남음 -> spaced='0 10시간 49 = - 남음' ; prefix_noise='10시간 49 = -' -> '10시간 49분' (repair_noisy_hour_minute) / direct_parse='10시간 49분' => 13:25 헤르모드 / 현재=02:36:18 / 남은시간=10시간 49분 / 계산=13:25 / warnings=-
  slot 3 브륀힐드 [TIMED] [card_words_group_merge]=8시간 6분 ; card_segments=0 | 8시간 | 6분 | 남음 | 0 -> merged_spaced='0 8시간 6분 남음 0' ; prefix_noise='8시간 6분 0' -> '8시간 6분' (repair_noisy_hour_minute) / direct_parse='8시간 6분' => 10:42 브륀힐드 / 현재=02:36:18 / 남은시간=8시간 6분 / 계산=10:42 / warnings=-
  slot 4 수드리 [TIMED] [words_compact]=9시간 32분 ; segments=9시간 | 32 | = | 남음 -> compact='9시간32=남음' ; prefix_noise='9시간32=' -> '9시간 32분' (repair_noisy_hour_minute) / direct_parse='9시간 32분' => 12:08 수드리 / 현재=02:36:18 / 남은시간=9시간 32분 / 계산=12:08 / warnings=-
  slot 5 비요른 [TIMED] [words]=10시간 16분 ; segments=0 | 10시간 | 16 | 분 | 남음 -> spaced='0 10시간 16 분 남음' ; prefix_noise='10시간 16 분' -> '10시간 16분' (repair_noisy_hour_minute) / direct_parse='10시간 16분' => 12:52 비요른 / 현재=02:36:18 / 남은시간=10시간 16분 / 계산=12:52 / warnings=-
  slot 6 스칼라니르 [TIMED] [words]=10시간 35분 ; segments=0 | 10시간 | 35 | 분 | 남음 -> spaced='0 10시간 35 분 남음' ; prefix_noise='10시간 35 분' -> '10시간 35분' (repair_noisy_hour_minute) / direct_parse='10시간 35분' => 13:11 스칼라니르 / 현재=02:36:18 / 남은시간=10시간 35분 / 계산=13:11 / warnings=-
  slot 7 라타토스크 [TIMED] [card_words_group_merge]=8시간 5분 ; card_segments=0 | 8시간 | 5분 | 남음 | 0 -> merged_spaced='0 8시간 5분 남음 0' ; prefix_noise='8시간 5분 0' -> '8시간 5분' (repair_noisy_hour_minute) / direct_parse='8시간 5분' => 10:41 라타토스크 / 현재=02:36:18 / 남은시간=8시간 5분 / 계산=10:41 / warnings=-
  slot 8 토르 [TIMED] [words]=16시간 9분 ; segments=16 | 시간 | 9 | = | 남음 -> spaced='16 시간 9 = 남음' ; prefix_noise='16 시간 9 =' -> '16시간 9분' (repair_noisy_hour_minute) / direct_parse='16시간 9분' => 18:45 토르 / 현재=02:36:18 / 남은시간=16시간 9분 / 계산=18:45 / warnings=-
[이미지 3] area=알브하임 base=02:36:20
  ocr window=0,164,1600,730 area=알브하임 best=알브하임 reason=fixed_full_name_2plus highlight=- top=0 def=440 def_terms=5 def_boss=5 slot_exact=8 slot_boss=8 slot_match=4 slot_strong=4 slot_full=4 exact_boss=12 boss=14 grid=6 empty=0 base=02:36:20 diag=ok=1 err=- img=1320404 src=1600x900 ocr=1600x900 lines=32 words=56 text=203
  slot 1 스바르트 [TIMED] [words_split_digits]=7시간 25분 ; segments=0 | 7 | 시간 | 25 | 분 | 남음 -> merged_digits='07 시간 25 분 남음' ; prefix_noise='7시간 25 분' -> '7시간 25분' (repair_noisy_hour_minute) / direct_parse='7시간 25분' => 10:01 스바르트 / 현재=02:36:20 / 남은시간=7시간 25분 / 계산=10:01 / warnings=-
  slot 2 모네가름 [TIMED] [words_compact]=16시간 46분 ; segments=0 | 16시간 | 46분 | 남음 -> compact='016시간46분남음' ; prefix_noise='16시간46분' -> '16시간 46분' (repair_noisy_hour_minute) / direct_parse='16시간 46분' => 19:22 모네가름 / 현재=02:36:20 / 남은시간=16시간 46분 / 계산=19:22 / warnings=-
  slot 3 굴베이그 [TIMED] [words_compact]=17시간 26분 ; segments=17시간 | 26 | 분 | 남음 -> compact='17시간26분남음' ; prefix_noise='17시간26분' -> '17시간 26분' (repair_noisy_hour_minute) / direct_parse='17시간 26분' => 20:02 굴베이그 / 현재=02:36:20 / 남은시간=17시간 26분 / 계산=20:02 / warnings=-
  slot 4 두라스로르 [TIMED] [words_compact]=10시간 4분 ; segments=0 | 10시간 | 4분 | 남음 -> compact='010시간4분남음' ; prefix_noise='10시간4분' -> '10시간 4분' (repair_noisy_hour_minute) / direct_parse='10시간 4분' => 12:40 두라스로르 / 현재=02:36:20 / 남은시간=10시간 4분 / 계산=12:40 / warnings=-
  slot 5 드라우그 [TIMED] [words_split_digits]=7시간 25분 ; segments=0 | 7 | 시간 | 25 | 분 | 남음 -> merged_digits='07 시간 25 분 남음' ; prefix_noise='7시간 25 분' -> '7시간 25분' (repair_noisy_hour_minute) / direct_parse='7시간 25분' => 10:01 드라우그 / 현재=02:36:20 / 남은시간=7시간 25분 / 계산=10:01 / warnings=-
  slot 6 오딘 [TIMED] [words_compact]=7시간 54분 ; segments=7시간 | 54분 | 남음 -> compact='7시간54분남음' ; prefix_noise='7시간54분' -> '7시간 54분' (repair_noisy_hour_minute) / direct_parse='7시간 54분' => 10:30 오딘 / 현재=02:36:20 / 남은시간=7시간 54분 / 계산=10:30 / warnings=-
[이미지 4] area=무스펠하임 base=02:36:23
  ocr window=0,164,1600,730 area=무스펠하임 best=무스펠하임 reason=fixed_full_name_2plus highlight=- top=0 def=440 def_terms=5 def_boss=5 slot_exact=8 slot_boss=8 slot_match=4 slot_strong=4 slot_full=4 exact_boss=16 boss=16 grid=7 empty=0 base=02:36:23 diag=ok=1 err=- img=1404812 src=1600x900 ocr=1600x900 lines=37 words=70 text=253
  slot 1 메기르 [TIMED] [words]=9시간 12분 ; segments=0 | 9시간 | 1 | 2 | = | - | 남음 -> spaced='0 9시간 1 2 = - 남음' ; prefix_noise='9시간 1 2 = -' -> '9시간 12분' (repair_split_minute_digits_after_hour, repair_noisy_hour_minute) / direct_parse='9시간 12분' => 11:48 메기르 / 현재=02:36:23 / 남은시간=9시간 12분 / 계산=11:48 / warnings=-
  slot 2 헤르가름 [TIMED] [words_compact]=9시간 57분 ; segments=0 | 9시간 | 57분 | 남음 -> compact='09시간57분남음' ; prefix_noise='9시간57분' -> '9시간 57분' (repair_noisy_hour_minute) / direct_parse='9시간 57분' => 12:33 헤르가름 / 현재=02:36:23 / 남은시간=9시간 57분 / 계산=12:33 / warnings=-
  slot 3 엘드룬 [TIMED] [card_words_group_merge]=12시간 7분 ; card_segments=12시간 | 7 | = | “ | 남음 | 0 -> merged_spaced='12시간 7 = “ 남음 0' ; prefix_noise='12시간 7 = “ 0' -> '12시간 7분' (repair_noisy_hour_minute) / direct_parse='12시간 7분' => 14:43 엘드룬 / 현재=02:36:23 / 남은시간=12시간 7분 / 계산=14:43 / warnings=-
  slot 4 수르트 [TIMED] [words]=8시간 13분 ; segments=8 | 시간 | 13 | 분 | 남음 -> spaced='8 시간 13 분 남음' ; prefix_noise='8 시간 13 분' -> '8시간 13분' (repair_noisy_hour_minute) / direct_parse='8시간 13분' => 10:49 수르트 / 현재=02:36:23 / 남은시간=8시간 13분 / 계산=10:49 / warnings=-
  slot 5 신마라 [TIMED] [words_split_digits]=7시간 25분 ; segments=0 | 7 | 시간 | 25 | 분 | 남음 -> merged_digits='07 시간 25 분 남음' ; prefix_noise='7시간 25 분' -> '7시간 25분' (repair_noisy_hour_minute) / direct_parse='7시간 25분' => 10:01 신마라 / 현재=02:36:23 / 남은시간=7시간 25분 / 계산=10:01 / warnings=-
  slot 6 탕그 [TIMED] [words_compact]=7시간 25분 ; segments=0 | 7시간 | 25분 | 남음 -> compact='07시간25분남음' ; prefix_noise='7시간25분' -> '7시간 25분' (repair_noisy_hour_minute) / direct_parse='7시간 25분' => 10:01 탕그 / 현재=02:36:23 / 남은시간=7시간 25분 / 계산=10:01 / warnings=-
  slot 7 우로보로스 [TIMED] [words_compact]=12시간 24분 ; segments=12시간 | 24분 | 남음 -> compact='12시간24분남음' ; prefix_noise='12시간24분' -> '12시간 24분' (repair_noisy_hour_minute) / direct_parse='12시간 24분' => 15:00 우로보로스 / 현재=02:36:23 / 남은시간=12시간 24분 / 계산=15:00 / warnings=-

[2026-05-09 02:37:45] mode=ocr2
[이미지 1] area=요툰하임 base=02:36:17
  ocr2 fixed=1600x900 window=176,190,1410,709 area=요툰하임 best=요툰하임 final=요툰하임 reason=fixed_full_name_2plus highlight=- fixed_tab=- def=337 def_boss=4 slot_match=3 slot_strong=3 slot_full=3 base=02:36:17 diag=ok=1 err=- img=1488223 src=1600x900 ocr=1600x900 lines=32 words=63 text=212
  slot 1 파르바 [TIMED] [words_split_digits]=8시간 53분 ; segments=0 | 8 | 시간 | 53 | 분 | 남음 -> merged_digits='08 시간 53 분 남음' ; prefix_noise='8시간 53 분' -> '8시간 53분' (repair_noisy_hour_minute) / direct_parse='8시간 53분' => 11:29 파르바 / 현재=02:36:17 / 남은시간=8시간 53분 / 계산=11:29 / warnings=-
  slot 2 흐니르 [TIMED] [words_compact]=8시간 5분 ; segments=0 | 8시간 | 5분 | 남음 -> compact='08시간5분남음' ; prefix_noise='8시간5분' -> '8시간 5분' (repair_noisy_hour_minute) / direct_parse='8시간 5분' => 10:41 흐니르 / 현재=02:36:17 / 남은시간=8시간 5분 / 계산=10:41 / warnings=-
  slot 3 바우티 [TIMED] [words_split_digits]=7시간 25분 ; segments=0 | 7 | 시간 | 25 | 분 | 남음 -> merged_digits='07 시간 25 분 남음' ; prefix_noise='7시간 25 분' -> '7시간 25분' (repair_noisy_hour_minute) / direct_parse='7시간 25분' => 10:01 바우티 / 현재=02:36:17 / 남은시간=7시간 25분 / 계산=10:01 / warnings=-
  slot 4 야른 [TIMED] [words_compact]=8시간 52분 ; segments=0 | 8시간 | 52분 | 남음 -> compact='08시간52분남음' ; prefix_noise='8시간52분' -> '8시간 52분' (repair_noisy_hour_minute) / direct_parse='8시간 52분' => 11:28 야른 / 현재=02:36:17 / 남은시간=8시간 52분 / 계산=11:28 / warnings=-
  slot 5 셀로비아 [TIMED] [words_split_digits]=7시간 25분 ; segments=0 | 7 | 시간 | 25 | 분 | 남음 -> merged_digits='07 시간 25 분 남음' ; prefix_noise='7시간 25 분' -> '7시간 25분' (repair_noisy_hour_minute) / direct_parse='7시간 25분' => 10:01 셀로비아 / 현재=02:36:17 / 남은시간=7시간 25분 / 계산=10:01 / warnings=-
  slot 6 페티 [TIMED] [words]=10시간 30분 ; segments=0 | 10시간 | 30 | = | “ | 남음 -> spaced='0 10시간 30 = “ 남음' ; prefix_noise='10시간 30 = “' -> '10시간 30분' (repair_noisy_hour_minute) / direct_parse='10시간 30분' => 13:06 페티 / 현재=02:36:17 / 남은시간=10시간 30분 / 계산=13:06 / warnings=-
  slot 7 니드호그 [TIMED] [words_compact]=8시간 34분 ; segments=0 | 8시간 | 34분 | 남음 -> compact='08시간34분남음' ; prefix_noise='8시간34분' -> '8시간 34분' (repair_noisy_hour_minute) / direct_parse='8시간 34분' => 11:10 니드호그 / 현재=02:36:17 / 남은시간=8시간 34분 / 계산=11:10 / warnings=-
  slot 8 티르 [TIMED] [words_compact]=2일 13시간 ; segments=0 | 2일 | 13시간 | 남음 -> compact='02일13시간남음' ; unit_inferred=2일 13시간 / direct_parse='2일 13시간' => 티르 2일 13시간 / 현재=02:36:17 / 남은시간=2일 13시간 / 계산=15:36 / warnings=-
[이미지 2] area=니다벨리르 base=02:36:18
  ocr2 fixed=1600x900 window=176,190,1410,709 area=니다벨리르 best=니다벨리르 final=니다벨리르 reason=fixed_full_name_2plus highlight=- fixed_tab=- def=337 def_boss=4 slot_match=4 slot_strong=4 slot_full=4 base=02:36:18 diag=ok=1 err=- img=1461299 src=1600x900 ocr=1600x900 lines=36 words=69 text=233
  slot 1 라이노르 [TIMED] [words_split_digits]=8시간 27분 ; segments=0 | 8 | 시간 | 27 | = | - | 남음 -> merged_digits='08 시간 27 = - 남음' ; prefix_noise='8시간 27 = -' -> '8시간 27분' (repair_noisy_hour_minute) / direct_parse='8시간 27분' => 11:03 라이노르 / 현재=02:36:18 / 남은시간=8시간 27분 / 계산=11:03 / warnings=-
  slot 2 헤르모드 [TIMED] [words]=10시간 49분 ; segments=0 | 10시간 | 49 | = | - | 남음 -> spaced='0 10시간 49 = - 남음' ; prefix_noise='10시간 49 = -' -> '10시간 49분' (repair_noisy_hour_minute) / direct_parse='10시간 49분' => 13:25 헤르모드 / 현재=02:36:18 / 남은시간=10시간 49분 / 계산=13:25 / warnings=-
  slot 3 브륀힐드 [TIMED] [words_compact]=8시간 6분 ; segments=0 | 8시간 | 6분 | 남음 -> compact='08시간6분남음' ; prefix_noise='8시간6분' -> '8시간 6분' (repair_noisy_hour_minute) / direct_parse='8시간 6분' => 10:42 브륀힐드 / 현재=02:36:18 / 남은시간=8시간 6분 / 계산=10:42 / warnings=-
  slot 4 수드리 [TIMED] [words]=9시간 32분 ; segments=0 | 9시간 | 32 | = | 남음 -> spaced='0 9시간 32 = 남음' ; prefix_noise='9시간 32 =' -> '9시간 32분' (repair_noisy_hour_minute) / direct_parse='9시간 32분' => 12:08 수드리 / 현재=02:36:18 / 남은시간=9시간 32분 / 계산=12:08 / warnings=-
  slot 5 비요른 [TIMED] [words]=10시간 16분 ; segments=0 | 10시간 | 16 | 분 | 남음 -> spaced='0 10시간 16 분 남음' ; prefix_noise='10시간 16 분' -> '10시간 16분' (repair_noisy_hour_minute) / direct_parse='10시간 16분' => 12:52 비요른 / 현재=02:36:18 / 남은시간=10시간 16분 / 계산=12:52 / warnings=-
  slot 6 스칼라니르 [TIMED] [words]=10시간 35분 ; segments=0 | 10시간 | 35 | 분 | 남음 -> spaced='0 10시간 35 분 남음' ; prefix_noise='10시간 35 분' -> '10시간 35분' (repair_noisy_hour_minute) / direct_parse='10시간 35분' => 13:11 스칼라니르 / 현재=02:36:18 / 남은시간=10시간 35분 / 계산=13:11 / warnings=-
  slot 7 라타토스크 [TIMED] [words_compact]=8시간 5분 ; segments=0 | 8시간 | 5분 | 남음 -> compact='08시간5분남음' ; prefix_noise='8시간5분' -> '8시간 5분' (repair_noisy_hour_minute) / direct_parse='8시간 5분' => 10:41 라타토스크 / 현재=02:36:18 / 남은시간=8시간 5분 / 계산=10:41 / warnings=-
  slot 8 토르 [TIMED] [words]=16시간 9분 ; segments=0 | 16 | 시간 | 9 | = | “ | 남음 -> spaced='0 16 시간 9 = “ 남음' ; prefix_noise='16 시간 9 = “' -> '16시간 9분' (repair_noisy_hour_minute) / direct_parse='16시간 9분' => 18:45 토르 / 현재=02:36:18 / 남은시간=16시간 9분 / 계산=18:45 / warnings=-
[이미지 3] area=알브하임 base=02:36:20
  ocr2 fixed=1600x900 window=176,190,1410,709 area=알브하임 best=알브하임 final=알브하임 reason=fixed_full_name_2plus highlight=- fixed_tab=- def=440 def_boss=5 slot_match=5 slot_strong=5 slot_full=5 base=02:36:20 diag=ok=1 err=- img=1320404 src=1600x900 ocr=1600x900 lines=32 words=56 text=203
  slot 1 스바르트 [TIMED] [words_split_digits]=7시간 25분 ; segments=0 | 7 | 시간 | 25 | 분 | 남음 -> merged_digits='07 시간 25 분 남음' ; prefix_noise='7시간 25 분' -> '7시간 25분' (repair_noisy_hour_minute) / direct_parse='7시간 25분' => 10:01 스바르트 / 현재=02:36:20 / 남은시간=7시간 25분 / 계산=10:01 / warnings=-
  slot 2 모네가름 [TIMED] [words_compact]=16시간 46분 ; segments=0 | 16시간 | 46분 | 남음 -> compact='016시간46분남음' ; prefix_noise='16시간46분' -> '16시간 46분' (repair_noisy_hour_minute) / direct_parse='16시간 46분' => 19:22 모네가름 / 현재=02:36:20 / 남은시간=16시간 46분 / 계산=19:22 / warnings=-
  slot 3 굴베이그 [TIMED] [words]=17시간 26분 ; segments=0 | 17시간 | 26 | 분 | 남음 -> spaced='0 17시간 26 분 남음' ; prefix_noise='17시간 26 분' -> '17시간 26분' (repair_noisy_hour_minute) / direct_parse='17시간 26분' => 20:02 굴베이그 / 현재=02:36:20 / 남은시간=17시간 26분 / 계산=20:02 / warnings=-
  slot 4 두라스로르 [TIMED] [words_compact]=10시간 4분 ; segments=0 | 10시간 | 4분 | 남음 -> compact='010시간4분남음' ; prefix_noise='10시간4분' -> '10시간 4분' (repair_noisy_hour_minute) / direct_parse='10시간 4분' => 12:40 두라스로르 / 현재=02:36:20 / 남은시간=10시간 4분 / 계산=12:40 / warnings=-
  slot 5 드라우그 [TIMED] [words_split_digits]=7시간 25분 ; segments=0 | 7 | 시간 | 25 | 분 | 남음 -> merged_digits='07 시간 25 분 남음' ; prefix_noise='7시간 25 분' -> '7시간 25분' (repair_noisy_hour_minute) / direct_parse='7시간 25분' => 10:01 드라우그 / 현재=02:36:20 / 남은시간=7시간 25분 / 계산=10:01 / warnings=-
  slot 6 오딘 [TIMED] [words_compact]=7시간 54분 ; segments=0 | 7시간 | 54분 | 남음 -> compact='07시간54분남음' ; prefix_noise='7시간54분' -> '7시간 54분' (repair_noisy_hour_minute) / direct_parse='7시간 54분' => 10:30 오딘 / 현재=02:36:20 / 남은시간=7시간 54분 / 계산=10:30 / warnings=-
[이미지 4] area=무스펠하임 base=02:36:23
  ocr2 fixed=1600x900 window=176,190,1410,709 area=무스펠하임 best=무스펠하임 final=무스펠하임 reason=fixed_full_name_2plus highlight=- fixed_tab=- def=440 def_boss=5 slot_match=5 slot_strong=5 slot_full=5 base=02:36:23 diag=ok=1 err=- img=1404812 src=1600x900 ocr=1600x900 lines=37 words=70 text=253
  slot 1 메기르 [TIMED] [words]=9시간 12분 ; segments=0 | 9시간 | 1 | 2 | = | - | 남음 -> spaced='0 9시간 1 2 = - 남음' ; prefix_noise='9시간 1 2 = -' -> '9시간 12분' (repair_split_minute_digits_after_hour, repair_noisy_hour_minute) / direct_parse='9시간 12분' => 11:48 메기르 / 현재=02:36:23 / 남은시간=9시간 12분 / 계산=11:48 / warnings=-
  slot 2 헤르가름 [TIMED] [words_compact]=9시간 57분 ; segments=0 | 9시간 | 57분 | 남음 -> compact='09시간57분남음' ; prefix_noise='9시간57분' -> '9시간 57분' (repair_noisy_hour_minute) / direct_parse='9시간 57분' => 12:33 헤르가름 / 현재=02:36:23 / 남은시간=9시간 57분 / 계산=12:33 / warnings=-
  slot 3 엘드룬 [TIMED] [words]=12시간 7분 ; segments=0 | 12시간 | 7 | = | “ | 남음 -> spaced='0 12시간 7 = “ 남음' ; prefix_noise='12시간 7 = “' -> '12시간 7분' (repair_noisy_hour_minute) / direct_parse='12시간 7분' => 14:43 엘드룬 / 현재=02:36:23 / 남은시간=12시간 7분 / 계산=14:43 / warnings=-
  slot 4 수르트 [TIMED] [words_split_digits]=8시간 13분 ; segments=0 | 8 | 시간 | 13 | 분 | 남음 -> merged_digits='08 시간 13 분 남음' ; prefix_noise='8시간 13 분' -> '8시간 13분' (repair_noisy_hour_minute) / direct_parse='8시간 13분' => 10:49 수르트 / 현재=02:36:23 / 남은시간=8시간 13분 / 계산=10:49 / warnings=-
  slot 5 신마라 [TIMED] [words_split_digits]=7시간 25분 ; segments=0 | 7 | 시간 | 25 | 분 | 남음 -> merged_digits='07 시간 25 분 남음' ; prefix_noise='7시간 25 분' -> '7시간 25분' (repair_noisy_hour_minute) / direct_parse='7시간 25분' => 10:01 신마라 / 현재=02:36:23 / 남은시간=7시간 25분 / 계산=10:01 / warnings=-
  slot 6 탕그 [TIMED] [words_compact]=7시간 25분 ; segments=0 | 7시간 | 25분 | 남음 -> compact='07시간25분남음' ; prefix_noise='7시간25분' -> '7시간 25분' (repair_noisy_hour_minute) / direct_parse='7시간 25분' => 10:01 탕그 / 현재=02:36:23 / 남은시간=7시간 25분 / 계산=10:01 / warnings=-
  slot 7 우로보로스 [TIMED] [words_compact]=12시간 24분 ; segments=0 | 12시간 | 24분 | 남음 -> compact='012시간24분남음' ; prefix_noise='12시간24분' -> '12시간 24분' (repair_noisy_hour_minute) / direct_parse='12시간 24분' => 15:00 우로보로스 / 현재=02:36:23 / 남은시간=12시간 24분 / 계산=15:00 / warnings=-

[2026-05-09 04:47:00] mode=ocr2
[이미지 1] area=요툰하임 base=04:46:32
  ocr2 fixed=1600x900 window=176,190,1410,709 area=요툰하임 best=요툰하임 final=요툰하임 reason=fixed_full_name_2plus highlight=- fixed_tab=- def=337 def_boss=4 slot_match=3 slot_strong=3 slot_full=3 base=04:46:32 diag=ok=1 err=- img=1430416 src=1600x900 ocr=1600x900 lines=33 words=63 text=214
  slot 1 파르바 [TIMED] [words]=6시간 42분 ; segments=0 | 6시간 | 42 | = | 남음 -> spaced='0 6시간 42 = 남음' ; prefix_noise='6시간 42 =' -> '6시간 42분' (repair_noisy_hour_minute) / direct_parse='6시간 42분' => 11:28 파르바 / 현재=04:46:32 / 남은시간=6시간 42분 / 계산=11:28 / warnings=-
  slot 2 흐니르 [TIMED] [words]=5시간 55분 ; segments=0 | 5시간 | 55 | 분 | 남음 -> spaced='0 5시간 55 분 남음' ; prefix_noise='5시간 55 분' -> '5시간 55분' (repair_noisy_hour_minute) / direct_parse='5시간 55분' => 10:41 흐니르 / 현재=04:46:32 / 남은시간=5시간 55분 / 계산=10:41 / warnings=-
  slot 3 바우티 [TIMED] [words_compact]=5시간 14분 ; segments=0 | 5시간 | 14분 | 남음 -> compact='05시간14분남음' ; prefix_noise='5시간14분' -> '5시간 14분' (repair_noisy_hour_minute) / direct_parse='5시간 14분' => 10:00 바우티 / 현재=04:46:32 / 남은시간=5시간 14분 / 계산=10:00 / warnings=-
  slot 4 야른 [TIMED] [words_compact]=6시간 41분 ; segments=0 | 6시간 | 41분 | 남음 -> compact='06시간41분남음' ; prefix_noise='6시간41분' -> '6시간 41분' (repair_noisy_hour_minute) / direct_parse='6시간 41분' => 11:27 야른 / 현재=04:46:32 / 남은시간=6시간 41분 / 계산=11:27 / warnings=-
  slot 5 셀로비아 [TIMED] [words]=5시간 15분 ; segments=0 | 5시간 | 1 | 5 | 분 | 남음 -> spaced='0 5시간 1 5 분 남음' ; prefix_noise='5시간 1 5 분' -> '5시간 15분' (merge_split_minute_digits_after_hour, repair_noisy_hour_minute) / direct_parse='5시간 15분' => 10:01 셀로비아 / 현재=04:46:32 / 남은시간=5시간 15분 / 계산=10:01 / warnings=-
  slot 6 페티 [TIMED] [words_split_digits]=8시간 19분 ; segments=0 | 8 | 시간 | 19 | = | - | 남음 -> merged_digits='08 시간 19 = - 남음' ; prefix_noise='8시간 19 = -' -> '8시간 19분' (repair_noisy_hour_minute) / direct_parse='8시간 19분' => 13:05 페티 / 현재=04:46:32 / 남은시간=8시간 19분 / 계산=13:05 / warnings=-
  slot 7 니드호그 [TIMED] [words_compact]=6시간 24분 ; segments=0 | 6시간 | 24분 | 남음 -> compact='06시간24분남음' ; prefix_noise='6시간24분' -> '6시간 24분' (repair_noisy_hour_minute) / direct_parse='6시간 24분' => 11:10 니드호그 / 현재=04:46:32 / 남은시간=6시간 24분 / 계산=11:10 / warnings=-
  slot 8 티르 [TIMED] [words_compact]=2일 11시간 ; segments=0 | 2일 | 11시간 | 남음 -> compact='02일11시간남음' ; unit_inferred=2일 11시간 / direct_parse='2일 11시간' => 티르 2일 11시간 / 현재=04:46:32 / 남은시간=2일 11시간 / 계산=15:46 / warnings=-
[이미지 2] area=니다벨리르 base=04:46:41
  ocr2 fixed=1600x900 window=176,190,1410,709 area=니다벨리르 best=니다벨리르 final=니다벨리르 reason=fixed_full_name_2plus highlight=- fixed_tab=- def=337 def_boss=4 slot_match=4 slot_strong=4 slot_full=4 base=04:46:41 diag=ok=1 err=- img=1482724 src=1600x900 ocr=1600x900 lines=35 words=67 text=231
  slot 1 라이노르 [TIMED] [words]=6시간 16분 ; segments=0 | 6시간 | 16 | 분 | 남음 -> spaced='0 6시간 16 분 남음' ; prefix_noise='6시간 16 분' -> '6시간 16분' (repair_noisy_hour_minute) / direct_parse='6시간 16분' => 11:02 라이노르 / 현재=04:46:41 / 남은시간=6시간 16분 / 계산=11:02 / warnings=-
  slot 2 헤르모드 [TIMED] [words_split_digits]=8시간 39분 ; segments=0 | 8 | 시간 | 39 | = | - | 남음 -> merged_digits='08 시간 39 = - 남음' ; prefix_noise='8시간 39 = -' -> '8시간 39분' (repair_noisy_hour_minute) / direct_parse='8시간 39분' => 13:25 헤르모드 / 현재=04:46:41 / 남은시간=8시간 39분 / 계산=13:25 / warnings=-
  slot 3 브륀힐드 [TIMED] [words]=5시간 55분 ; segments=0 | 5시간 | 55 | 분 | 남음 -> spaced='0 5시간 55 분 남음' ; prefix_noise='5시간 55 분' -> '5시간 55분' (repair_noisy_hour_minute) / direct_parse='5시간 55분' => 10:41 브륀힐드 / 현재=04:46:41 / 남은시간=5시간 55분 / 계산=10:41 / warnings=-
  slot 4 수드리 [TIMED] [words_compact]=7시간 22분 ; segments=0 | 7시간 | 22분 | 남음 -> compact='07시간22분남음' ; prefix_noise='7시간22분' -> '7시간 22분' (repair_noisy_hour_minute) / direct_parse='7시간 22분' => 12:08 수드리 / 현재=04:46:41 / 남은시간=7시간 22분 / 계산=12:08 / warnings=-
  slot 5 비요른 [TIMED] [words_compact]=8시간 6분 ; segments=0 | 8시간 | 6분 | 남음 -> compact='08시간6분남음' ; prefix_noise='8시간6분' -> '8시간 6분' (repair_noisy_hour_minute) / direct_parse='8시간 6분' => 12:52 비요른 / 현재=04:46:41 / 남은시간=8시간 6분 / 계산=12:52 / warnings=-
  slot 6 스칼라니르 [TIMED] [words_compact]=8시간 24분 ; segments=0 | 8시간 | 24분 | 남음 -> compact='08시간24분남음' ; prefix_noise='8시간24분' -> '8시간 24분' (repair_noisy_hour_minute) / direct_parse='8시간 24분' => 13:10 스칼라니르 / 현재=04:46:41 / 남은시간=8시간 24분 / 계산=13:10 / warnings=-
  slot 7 라타토스크 [TIMED] [words_compact]=5시간 55분 ; segments=0 | 5시간 | 55분 | 남음 -> compact='05시간55분남음' ; prefix_noise='5시간55분' -> '5시간 55분' (repair_noisy_hour_minute) / direct_parse='5시간 55분' => 10:41 라타토스크 / 현재=04:46:41 / 남은시간=5시간 55분 / 계산=10:41 / warnings=-
  slot 8 토르 [TIMED] [words]=13시간 58분 ; segments=0 | 13 | 시간 | 58 | = | “ | 남음 -> spaced='0 13 시간 58 = “ 남음' ; prefix_noise='13 시간 58 = “' -> '13시간 58분' (repair_noisy_hour_minute) / direct_parse='13시간 58분' => 18:44 토르 / 현재=04:46:41 / 남은시간=13시간 58분 / 계산=18:44 / warnings=-
[이미지 3] area=알브하임 base=04:46:45
  ocr2 fixed=1600x900 window=176,190,1410,709 area=알브하임 best=알브하임 final=알브하임 reason=fixed_full_name_2plus highlight=- fixed_tab=- def=440 def_boss=5 slot_match=5 slot_strong=5 slot_full=5 base=04:46:45 diag=ok=1 err=- img=1311699 src=1600x900 ocr=1600x900 lines=35 words=60 text=209
  slot 1 스바르트 [TIMED] [words]=5시간 15분 ; segments=0 | 5시간 | 1 | 5 | 분 | 남음 -> spaced='0 5시간 1 5 분 남음' ; prefix_noise='5시간 1 5 분' -> '5시간 15분' (merge_split_minute_digits_after_hour, repair_noisy_hour_minute) / direct_parse='5시간 15분' => 10:01 스바르트 / 현재=04:46:45 / 남은시간=5시간 15분 / 계산=10:01 / warnings=-
  slot 2 모네가름 [TIMED] [words_compact]=14시간 36분 ; segments=0 | 14시간 | 36분 | 남음 -> compact='014시간36분남음' ; prefix_noise='14시간36분' -> '14시간 36분' (repair_noisy_hour_minute) / direct_parse='14시간 36분' => 19:22 모네가름 / 현재=04:46:45 / 남은시간=14시간 36분 / 계산=19:22 / warnings=-
  slot 3 굴베이그 [TIMED] [words]=15시간 15분 ; segments=0 | 15시간 | 15 | 분 | 남음 -> spaced='0 15시간 15 분 남음' ; prefix_noise='15시간 15 분' -> '15시간 15분' (repair_noisy_hour_minute) / direct_parse='15시간 15분' => 20:01 굴베이그 / 현재=04:46:45 / 남은시간=15시간 15분 / 계산=20:01 / warnings=-
  slot 4 두라스로르 [TIMED] [words_split_digits]=7시간 53분 ; segments=0 | 7 | 시간 | 53 | 분 | 남음 -> merged_digits='07 시간 53 분 남음' ; prefix_noise='7시간 53 분' -> '7시간 53분' (repair_noisy_hour_minute) / direct_parse='7시간 53분' => 12:39 두라스로르 / 현재=04:46:45 / 남은시간=7시간 53분 / 계산=12:39 / warnings=-
  slot 5 드라우그 [TIMED] [words]=5시간 15분 ; segments=0 | 5시간 | 1 | 5 | 분 | 남음 -> spaced='0 5시간 1 5 분 남음' ; prefix_noise='5시간 1 5 분' -> '5시간 15분' (merge_split_minute_digits_after_hour, repair_noisy_hour_minute) / direct_parse='5시간 15분' => 10:01 드라우그 / 현재=04:46:45 / 남은시간=5시간 15분 / 계산=10:01 / warnings=-
  slot 6 오딘 [TIMED] [words]=5시간 43분 ; segments=0 | 5시간 | 43 | 분 | 남음 -> spaced='0 5시간 43 분 남음' ; prefix_noise='5시간 43 분' -> '5시간 43분' (repair_noisy_hour_minute) / direct_parse='5시간 43분' => 10:29 오딘 / 현재=04:46:45 / 남은시간=5시간 43분 / 계산=10:29 / warnings=-
[이미지 4] area=무스펠하임 base=04:46:46
  ocr2 fixed=1600x900 window=176,190,1410,709 area=무스펠하임 best=무스펠하임 final=무스펠하임 reason=fixed_full_name_2plus highlight=- fixed_tab=- def=440 def_boss=5 slot_match=5 slot_strong=5 slot_full=5 base=04:46:46 diag=ok=1 err=- img=1336786 src=1600x900 ocr=1600x900 lines=33 words=65 text=245
  slot 1 메기르 [TIMED] [words_compact]=7시간 2분 ; segments=0 | 7시간 | 2분 | 남음 -> compact='07시간2분남음' ; prefix_noise='7시간2분' -> '7시간 2분' (repair_noisy_hour_minute) / direct_parse='7시간 2분' => 11:48 메기르 / 현재=04:46:46 / 남은시간=7시간 2분 / 계산=11:48 / warnings=-
  slot 2 헤르가름 [TIMED] [words_compact]=7시간 47분 ; segments=0 | 7시간 | 47분 | 남음 -> compact='07시간47분남음' ; prefix_noise='7시간47분' -> '7시간 47분' (repair_noisy_hour_minute) / direct_parse='7시간 47분' => 12:33 헤르가름 / 현재=04:46:46 / 남은시간=7시간 47분 / 계산=12:33 / warnings=-
  slot 3 엘드룬 [TIMED] [words]=9시간 57분 ; segments=0 | 9시간 | 57 | = | - | 남음 -> spaced='0 9시간 57 = - 남음' ; prefix_noise='9시간 57 = -' -> '9시간 57분' (repair_noisy_hour_minute) / direct_parse='9시간 57분' => 14:43 엘드룬 / 현재=04:46:46 / 남은시간=9시간 57분 / 계산=14:43 / warnings=-
  slot 4 수르트 [TIMED] [words_compact]=6시간 3분 ; segments=0 | 6시간 | 3분 | 남음 -> compact='06시간3분남음' ; prefix_noise='6시간3분' -> '6시간 3분' (repair_noisy_hour_minute) / direct_parse='6시간 3분' => 10:49 수르트 / 현재=04:46:46 / 남은시간=6시간 3분 / 계산=10:49 / warnings=-
  slot 5 신마라 [TIMED] [words]=5시간 15분 ; segments=0 | 5시간 | 1 | 5 | 분 | 남음 -> spaced='0 5시간 1 5 분 남음' ; prefix_noise='5시간 1 5 분' -> '5시간 15분' (merge_split_minute_digits_after_hour, repair_noisy_hour_minute) / direct_parse='5시간 15분' => 10:01 신마라 / 현재=04:46:46 / 남은시간=5시간 15분 / 계산=10:01 / warnings=-
  slot 6 탕그 [TIMED] [words_compact]=5시간 15분 ; segments=0 | 5시간 | 15분 | 남음 -> compact='05시간15분남음' ; prefix_noise='5시간15분' -> '5시간 15분' (repair_noisy_hour_minute) / direct_parse='5시간 15분' => 10:01 탕그 / 현재=04:46:46 / 남은시간=5시간 15분 / 계산=10:01 / warnings=-
  slot 7 우로보로스 [TIMED] [words_compact]=10시간 14분 ; segments=0 | 10시간 | 14분 | 남음 -> compact='010시간14분남음' ; prefix_noise='10시간14분' -> '10시간 14분' (repair_noisy_hour_minute) / direct_parse='10시간 14분' => 15:00 우로보로스 / 현재=04:46:46 / 남은시간=10시간 14분 / 계산=15:00 / warnings=-

[2026-05-09 09:54:06] mode=ocr2
[이미지 1] area=니다벨리르 base=09:53:50
  ocr2 fixed=1600x900 window=176,190,1410,709 area=니다벨리르 best=니다벨리르 final=니다벨리르 reason=fixed_full_name_2plus highlight=- fixed_tab=- def=337 def_boss=4 slot_match=4 slot_strong=4 slot_full=4 base=09:53:50 diag=ok=1 err=- img=1363746 src=1600x900 ocr=1600x900 lines=38 words=69 text=241
  slot 1 라이노르 [TIMED] [words_compact]=3시간 44분 ; segments=0 | 3시간 | 44분 | 남음 -> compact='03시간44분남음' ; prefix_noise='3시간44분' -> '3시간 44분' (repair_noisy_hour_minute) / direct_parse='3시간 44분' => 13:37 라이노르 / 현재=09:53:50 / 남은시간=3시간 44분 / 계산=13:37 / warnings=-
  slot 2 헤르모드 [TIMED] [words_compact]=7분 54초 ; segments=0 | 7분 | 54초 | 남음 -> compact='07분54초남음' ; unit_inferred=7분 54초 / direct_parse='7분 54초' => 10:01:44 헤르모드 / 현재=09:53:50 / 남은시간=7분 54초 / 계산=10:01:44 / warnings=-
  slot 3 브륀힐드 [TIMED] [words_compact]=8분 20초 ; segments=0 | 8분 | 20초 | 남음 -> compact='08분20초남음' ; unit_inferred=8분 20초 / direct_parse='8분 20초' => 10:02:10 브륀힐드 / 현재=09:53:50 / 남은시간=8분 20초 / 계산=10:02:10 / warnings=-
  slot 4 수드리 [TIMED] [words_compact]=8분 17초 ; segments=0 | 8분 | 17초 | 남음 -> compact='08분17초남음' ; unit_inferred=8분 17초 / direct_parse='8분 17초' => 10:02:07 수드리 / 현재=09:53:50 / 남은시간=8분 17초 / 계산=10:02:07 / warnings=-
  slot 5 비요른 [TIMED] [words_compact]=8분 36초 ; segments=0 | 8분 | 36초 | 남음 -> compact='08분36초남음' ; unit_inferred=8분 36초 / direct_parse='8분 36초' => 10:02:26 비요른 / 현재=09:53:50 / 남은시간=8분 36초 / 계산=10:02:26 / warnings=-
  slot 6 스칼라니르 [TIMED] [words_split_digits]=3시간 26분 ; segments=0 | 3 | 시간 | 26 | 분 | 남음 -> merged_digits='03 시간 26 분 남음' ; prefix_noise='3시간 26 분' -> '3시간 26분' (repair_noisy_hour_minute) / direct_parse='3시간 26분' => 13:19 스칼라니르 / 현재=09:53:50 / 남은시간=3시간 26분 / 계산=13:19 / warnings=-
  slot 7 라타토스크 [TIMED] [words_split_digits]=1시간 59분 ; segments=0 | 1 | 시간 | 59 | = | “ | 남음 -> merged_digits='01 시간 59 = “ 남음' ; prefix_noise='1시간 59 = “' -> '1시간 59분' (repair_noisy_hour_minute) / direct_parse='1시간 59분' => 11:52 라타토스크 / 현재=09:53:50 / 남은시간=1시간 59분 / 계산=11:52 / warnings=-
  slot 8 토르 [TIMED] [words_compact]=35분 20초 ; segments=035= | 부 | 20초 | 남음 -> compact='035=부20초남음' ; prefix_noise='035부20초' -> '35분 20초' (repair_minute_glyph, repair_zero_prefixed_minute_second_explicit) / direct_parse='35분 20초' => 10:29:10 토르 / 현재=09:53:50 / 남은시간=35분 20초 / 계산=10:29:10 / warnings=-
[이미지 2] area=알브하임 base=09:53:52
  ocr2 fixed=1600x900 window=176,190,1410,709 area=알브하임 best=알브하임 final=알브하임 reason=fixed_full_name_2plus highlight=- fixed_tab=- def=440 def_boss=5 slot_match=5 slot_strong=5 slot_full=5 base=09:53:52 diag=ok=1 err=- img=1158704 src=1600x900 ocr=1600x900 lines=37 words=64 text=221
  slot 1 스바르트 [TIMED] [words]=2시간 21분 ; segments=0 | 2시간 | 21 | 분 | 남음 -> spaced='0 2시간 21 분 남음' ; prefix_noise='2시간 21 분' -> '2시간 21분' (repair_noisy_hour_minute) / direct_parse='2시간 21분' => 12:14 스바르트 / 현재=09:53:52 / 남은시간=2시간 21분 / 계산=12:14 / warnings=-
  slot 2 모네가름 [TIMED] [words_compact]=7시간 9분 ; segments=0 | 7시간 | 9분 | 남음 -> compact='07시간9분남음' ; prefix_noise='7시간9분' -> '7시간 9분' (repair_noisy_hour_minute) / direct_parse='7시간 9분' => 17:02 모네가름 / 현재=09:53:52 / 남은시간=7시간 9분 / 계산=17:02 / warnings=-
  slot 3 굴베이그 [TIMED] [words_split_digits]=7시간 28분 ; segments=0 | 7 | 시간 | 28 | = | 남음 -> merged_digits='07 시간 28 = 남음' ; prefix_noise='7시간 28 =' -> '7시간 28분' (repair_noisy_hour_minute) / direct_parse='7시간 28분' => 17:21 굴베이그 / 현재=09:53:52 / 남은시간=7시간 28분 / 계산=17:21 / warnings=-
  slot 4 두라스로르 [TIMED] [words]=2시간 36분 ; segments=0 | 2시간 | 36 | 분 | 남음 -> spaced='0 2시간 36 분 남음' ; prefix_noise='2시간 36 분' -> '2시간 36분' (repair_noisy_hour_minute) / direct_parse='2시간 36분' => 12:29 두라스로르 / 현재=09:53:52 / 남은시간=2시간 36분 / 계산=12:29 / warnings=-
  slot 5 드라우그 [TIMED] [words]=29분 31초 ; segments=029= | 부 | 3 | 1 | 초 | 남음 -> spaced='029= 부 3 1 초 남음' ; prefix_noise='029부 31초' -> '29분 31초' (repair_minute_glyph, repair_zero_prefixed_minute_second_explicit) / direct_parse='29분 31초' => 10:23:23 드라우그 / 현재=09:53:52 / 남은시간=29분 31초 / 계산=10:23:23 / warnings=-
  slot 6 오딘 [TIMED] [words]=11시간 9분 ; segments=0 | 1 | 1 | 시간 | 9曰 | = | 남음 -> spaced='0 1 1 시간 9曰 = 남음' ; prefix_noise='0 1 1 시간 9曰 =' -> '11시간 9분' (repair_minute_glyph, drop_leading_zero, repair_noisy_split_hour_minute, repair_noisy_hour_minute) / direct_parse='11시간 9분' => 21:02 오딘 / 현재=09:53:52 / 남은시간=11시간 9분 / 계산=21:02 / warnings=-
[이미지 3] area=무스펠하임 base=09:53:54
  ocr2 fixed=1600x900 window=176,190,1410,709 area=무스펠하임 best=무스펠하임 final=무스펠하임 reason=fixed_full_name_2plus highlight=- fixed_tab=- def=440 def_boss=5 slot_match=5 slot_strong=5 slot_full=5 base=09:53:54 diag=ok=1 err=- img=1280043 src=1600x900 ocr=1600x900 lines=40 words=71 text=264
  slot 1 메기르 [TIMED] [words]=4시간 39분 ; segments=0 | 4시간 | 39 | = | - | 남음 -> spaced='0 4시간 39 = - 남음' ; prefix_noise='4시간 39 = -' -> '4시간 39분' (repair_noisy_hour_minute) / direct_parse='4시간 39분' => 14:32 메기르 / 현재=09:53:54 / 남은시간=4시간 39분 / 계산=14:32 / warnings=-
  slot 2 헤르가름 [TIMED] [words_compact]=2시간 1분 ; segments=0 | 2시간 | 1분 | 남음 -> compact='02시간1분남음' ; prefix_noise='2시간1분' -> '2시간 1분' (repair_noisy_hour_minute) / direct_parse='2시간 1분' => 11:54 헤르가름 / 현재=09:53:54 / 남은시간=2시간 1분 / 계산=11:54 / warnings=-
  slot 3 엘드룬 [TIMED] [words]=9시간 30분 ; segments=0 | 9시간 | 30 | = | - | 남음 -> spaced='0 9시간 30 = - 남음' ; prefix_noise='9시간 30 = -' -> '9시간 30분' (repair_noisy_hour_minute) / direct_parse='9시간 30분' => 19:23 엘드룬 / 현재=09:53:54 / 남은시간=9시간 30분 / 계산=19:23 / warnings=-
  slot 4 수르트 [TIMED] [words_compact]=16분 10초 ; segments=016= | 부 | 10초 | 남음 -> compact='016=부10초남음' ; prefix_noise='016부10초' -> '16분 10초' (repair_minute_glyph, repair_zero_prefixed_minute_second_explicit) / direct_parse='16분 10초' => 10:10:04 수르트 / 현재=09:53:54 / 남은시간=16분 10초 / 계산=10:10:04 / warnings=-
  slot 5 신마라 [TIMED] [words_compact]=9시간 54분 ; segments=0 | 9시간 | 54분 | 남음 -> compact='09시간54분남음' ; prefix_noise='9시간54분' -> '9시간 54분' (repair_noisy_hour_minute) / direct_parse='9시간 54분' => 19:47 신마라 / 현재=09:53:54 / 남은시간=9시간 54분 / 계산=19:47 / warnings=-
  slot 6 탕그 [TIMED] [words_compact]=9시간 30분 ; segments=0 | 9시간 | 30분 | 남음 -> compact='09시간30분남음' ; prefix_noise='9시간30분' -> '9시간 30분' (repair_noisy_hour_minute) / direct_parse='9시간 30분' => 19:23 탕그 / 현재=09:53:54 / 남은시간=9시간 30분 / 계산=19:23 / warnings=-
  slot 7 우로보로스 [TIMED] [words_split_digits]=3시간 13분 ; segments=0 | 3 | 시간 | 13 | 분 | 남음 -> merged_digits='03 시간 13 분 남음' ; prefix_noise='3시간 13 분' -> '3시간 13분' (repair_noisy_hour_minute) / direct_parse='3시간 13분' => 13:06 우로보로스 / 현재=09:53:54 / 남은시간=3시간 13분 / 계산=13:06 / warnings=-
[이미지 4] area=던전 base=09:53:59
  ocr2 fixed=1600x900 window=176,190,1410,709 area=던전 best=던전 final=던전 reason=fixed_full_name_2plus highlight=- fixed_tab=- def=646 def_boss=7 slot_match=5 slot_strong=3 slot_full=5 base=09:53:59 diag=ok=1 err=- img=1232767 src=1600x900 ocr=1600x900 lines=36 words=70 text=279
  slot 1 최하층굴베 [TIMED] [words_compact]=6시간 10분 ; segments=0 | 6시간 | 10분 | 남음 -> compact='06시간10분남음' ; prefix_noise='6시간10분' -> '6시간 10분' (repair_noisy_hour_minute) / direct_parse='6시간 10분' => 16:03 최하층굴베 / 현재=09:53:59 / 남은시간=6시간 10분 / 계산=16:03 / warnings=-
  slot 2 최하층스네르 [TIMED] [words_compact]=17시간 32분 ; segments=0 | 17시간 | 32분 | 남음 -> compact='017시간32분남음' ; prefix_noise='17시간32분' -> '17시간 32분' (repair_noisy_hour_minute) / direct_parse='17시간 32분' => 03:25 최하층스네르 / 현재=09:53:59 / 남은시간=17시간 32분 / 계산=03:25 / warnings=-
  slot 3 7층 [TIMED] [words_compact]=5시간 20분 ; segments=0 | 5시간 | 20분 | 남음 -> compact='05시간20분남음' ; prefix_noise='5시간20분' -> '5시간 20분' (repair_noisy_hour_minute) / direct_parse='5시간 20분' => 15:13 7층 / 현재=09:53:59 / 남은시간=5시간 20분 / 계산=15:13 / warnings=-
  slot 4 최하층강글 [TIMED] [words_compact]=16시간 39분 ; segments=0 | 16시간 | 39분 | 남음 -> compact='016시간39분남음' ; prefix_noise='16시간39분' -> '16시간 39분' (repair_noisy_hour_minute) / direct_parse='16시간 39분' => 02:32 최하층강글 / 현재=09:53:59 / 남은시간=16시간 39분 / 계산=02:32 / warnings=-
  slot 5 4층 [TIMED] [words_compact]=9분 14초 ; segments=0 | 9분 | 14초 | 남음 -> compact='09분14초남음' ; unit_inferred=9분 14초 / direct_parse='9분 14초' => 10:03:13 4층 / 현재=09:53:59 / 남은시간=9분 14초 / 계산=10:03:13 / warnings=-
  slot 6 10층 [TIMED] [words_compact]=15시간 25분 ; segments=0 | 15시간 | 25분 | 남음 -> compact='015시간25분남음' ; prefix_noise='15시간25분' -> '15시간 25분' (repair_noisy_hour_minute) / direct_parse='15시간 25분' => 01:18 10층 / 현재=09:53:59 / 남은시간=15시간 25분 / 계산=01:18 / warnings=-

[2026-05-09 10:07:54] mode=ocr2
[이미지 1] area=니다벨리르 base=09:53:50
  ocr2 fixed=1600x900 window=176,190,1410,709 area=니다벨리르 best=니다벨리르 final=니다벨리르 reason=fixed_full_name_2plus highlight=- fixed_tab=- def=337 def_boss=4 slot_match=4 slot_strong=4 slot_full=4 base=09:53:50 diag=ok=1 err=- img=1363746 src=1600x900 ocr=1600x900 lines=38 words=69 text=241
  slot 1 라이노르 [TIMED] [words_compact]=3시간 44분 ; segments=0 | 3시간 | 44분 | 남음 -> compact='03시간44분남음' ; prefix_noise='3시간44분' -> '3시간 44분' (repair_noisy_hour_minute) / direct_parse='3시간 44분' => 13:37 라이노르 / 현재=09:53:50 / 남은시간=3시간 44분 / 계산=13:37 / warnings=-
  slot 2 헤르모드 [TIMED] [words_compact]=7분 54초 ; segments=0 | 7분 | 54초 | 남음 -> compact='07분54초남음' ; unit_inferred=7분 54초 / direct_parse='7분 54초' => 10:01:44 헤르모드 / 현재=09:53:50 / 남은시간=7분 54초 / 계산=10:01:44 / warnings=-
  slot 3 브륀힐드 [TIMED] [words_compact]=8분 20초 ; segments=0 | 8분 | 20초 | 남음 -> compact='08분20초남음' ; unit_inferred=8분 20초 / direct_parse='8분 20초' => 10:02:10 브륀힐드 / 현재=09:53:50 / 남은시간=8분 20초 / 계산=10:02:10 / warnings=-
  slot 4 수드리 [TIMED] [words_compact]=8분 17초 ; segments=0 | 8분 | 17초 | 남음 -> compact='08분17초남음' ; unit_inferred=8분 17초 / direct_parse='8분 17초' => 10:02:07 수드리 / 현재=09:53:50 / 남은시간=8분 17초 / 계산=10:02:07 / warnings=-
  slot 5 비요른 [TIMED] [words_compact]=8분 36초 ; segments=0 | 8분 | 36초 | 남음 -> compact='08분36초남음' ; unit_inferred=8분 36초 / direct_parse='8분 36초' => 10:02:26 비요른 / 현재=09:53:50 / 남은시간=8분 36초 / 계산=10:02:26 / warnings=-
  slot 6 스칼라니르 [TIMED] [words_split_digits]=3시간 26분 ; segments=0 | 3 | 시간 | 26 | 분 | 남음 -> merged_digits='03 시간 26 분 남음' ; prefix_noise='3시간 26 분' -> '3시간 26분' (repair_noisy_hour_minute) / direct_parse='3시간 26분' => 13:19 스칼라니르 / 현재=09:53:50 / 남은시간=3시간 26분 / 계산=13:19 / warnings=-
  slot 7 라타토스크 [TIMED] [words_split_digits]=1시간 59분 ; segments=0 | 1 | 시간 | 59 | = | “ | 남음 -> merged_digits='01 시간 59 = “ 남음' ; prefix_noise='1시간 59 = “' -> '1시간 59분' (repair_noisy_hour_minute) / direct_parse='1시간 59분' => 11:52 라타토스크 / 현재=09:53:50 / 남은시간=1시간 59분 / 계산=11:52 / warnings=-
  slot 8 토르 [TIMED] [words_compact]=35분 20초 ; segments=035= | 부 | 20초 | 남음 -> compact='035=부20초남음' ; prefix_noise='035부20초' -> '35분 20초' (repair_minute_glyph, repair_zero_prefixed_minute_second_explicit) / direct_parse='35분 20초' => 10:29:10 토르 / 현재=09:53:50 / 남은시간=35분 20초 / 계산=10:29:10 / warnings=-
[이미지 2] area=알브하임 base=09:53:52
  ocr2 fixed=1600x900 window=176,190,1410,709 area=알브하임 best=알브하임 final=알브하임 reason=fixed_full_name_2plus highlight=- fixed_tab=- def=440 def_boss=5 slot_match=5 slot_strong=5 slot_full=5 base=09:53:52 diag=ok=1 err=- img=1158704 src=1600x900 ocr=1600x900 lines=37 words=64 text=221
  slot 1 스바르트 [TIMED] [words]=2시간 21분 ; segments=0 | 2시간 | 21 | 분 | 남음 -> spaced='0 2시간 21 분 남음' ; prefix_noise='2시간 21 분' -> '2시간 21분' (repair_noisy_hour_minute) / direct_parse='2시간 21분' => 12:14 스바르트 / 현재=09:53:52 / 남은시간=2시간 21분 / 계산=12:14 / warnings=-
  slot 2 모네가름 [TIMED] [words_compact]=7시간 9분 ; segments=0 | 7시간 | 9분 | 남음 -> compact='07시간9분남음' ; prefix_noise='7시간9분' -> '7시간 9분' (repair_noisy_hour_minute) / direct_parse='7시간 9분' => 17:02 모네가름 / 현재=09:53:52 / 남은시간=7시간 9분 / 계산=17:02 / warnings=-
  slot 3 굴베이그 [TIMED] [words_split_digits]=7시간 28분 ; segments=0 | 7 | 시간 | 28 | = | 남음 -> merged_digits='07 시간 28 = 남음' ; prefix_noise='7시간 28 =' -> '7시간 28분' (repair_noisy_hour_minute) / direct_parse='7시간 28분' => 17:21 굴베이그 / 현재=09:53:52 / 남은시간=7시간 28분 / 계산=17:21 / warnings=-
  slot 4 두라스로르 [TIMED] [words]=2시간 36분 ; segments=0 | 2시간 | 36 | 분 | 남음 -> spaced='0 2시간 36 분 남음' ; prefix_noise='2시간 36 분' -> '2시간 36분' (repair_noisy_hour_minute) / direct_parse='2시간 36분' => 12:29 두라스로르 / 현재=09:53:52 / 남은시간=2시간 36분 / 계산=12:29 / warnings=-
  slot 5 드라우그 [TIMED] [words]=29분 31초 ; segments=029= | 부 | 3 | 1 | 초 | 남음 -> spaced='029= 부 3 1 초 남음' ; prefix_noise='029부 31초' -> '29분 31초' (repair_minute_glyph, repair_zero_prefixed_minute_second_explicit) / direct_parse='29분 31초' => 10:23:23 드라우그 / 현재=09:53:52 / 남은시간=29분 31초 / 계산=10:23:23 / warnings=-
  slot 6 오딘 [TIMED] [words]=11시간 9분 ; segments=0 | 1 | 1 | 시간 | 9曰 | = | 남음 -> spaced='0 1 1 시간 9曰 = 남음' ; prefix_noise='0 1 1 시간 9曰 =' -> '11시간 9분' (repair_minute_glyph, drop_leading_zero, repair_noisy_split_hour_minute, repair_noisy_hour_minute) / direct_parse='11시간 9분' => 21:02 오딘 / 현재=09:53:52 / 남은시간=11시간 9분 / 계산=21:02 / warnings=-
[이미지 3] area=무스펠하임 base=09:53:54
  ocr2 fixed=1600x900 window=176,190,1410,709 area=무스펠하임 best=무스펠하임 final=무스펠하임 reason=fixed_full_name_2plus highlight=- fixed_tab=- def=440 def_boss=5 slot_match=5 slot_strong=5 slot_full=5 base=09:53:54 diag=ok=1 err=- img=1280043 src=1600x900 ocr=1600x900 lines=40 words=71 text=264
  slot 1 메기르 [TIMED] [words]=4시간 39분 ; segments=0 | 4시간 | 39 | = | - | 남음 -> spaced='0 4시간 39 = - 남음' ; prefix_noise='4시간 39 = -' -> '4시간 39분' (repair_noisy_hour_minute) / direct_parse='4시간 39분' => 14:32 메기르 / 현재=09:53:54 / 남은시간=4시간 39분 / 계산=14:32 / warnings=-
  slot 2 헤르가름 [TIMED] [words_compact]=2시간 1분 ; segments=0 | 2시간 | 1분 | 남음 -> compact='02시간1분남음' ; prefix_noise='2시간1분' -> '2시간 1분' (repair_noisy_hour_minute) / direct_parse='2시간 1분' => 11:54 헤르가름 / 현재=09:53:54 / 남은시간=2시간 1분 / 계산=11:54 / warnings=-
  slot 3 엘드룬 [TIMED] [words]=9시간 30분 ; segments=0 | 9시간 | 30 | = | - | 남음 -> spaced='0 9시간 30 = - 남음' ; prefix_noise='9시간 30 = -' -> '9시간 30분' (repair_noisy_hour_minute) / direct_parse='9시간 30분' => 19:23 엘드룬 / 현재=09:53:54 / 남은시간=9시간 30분 / 계산=19:23 / warnings=-
  slot 4 수르트 [TIMED] [words_compact]=16분 10초 ; segments=016= | 부 | 10초 | 남음 -> compact='016=부10초남음' ; prefix_noise='016부10초' -> '16분 10초' (repair_minute_glyph, repair_zero_prefixed_minute_second_explicit) / direct_parse='16분 10초' => 10:10:04 수르트 / 현재=09:53:54 / 남은시간=16분 10초 / 계산=10:10:04 / warnings=-
  slot 5 신마라 [TIMED] [words_compact]=9시간 54분 ; segments=0 | 9시간 | 54분 | 남음 -> compact='09시간54분남음' ; prefix_noise='9시간54분' -> '9시간 54분' (repair_noisy_hour_minute) / direct_parse='9시간 54분' => 19:47 신마라 / 현재=09:53:54 / 남은시간=9시간 54분 / 계산=19:47 / warnings=-
  slot 6 탕그 [TIMED] [words_compact]=9시간 30분 ; segments=0 | 9시간 | 30분 | 남음 -> compact='09시간30분남음' ; prefix_noise='9시간30분' -> '9시간 30분' (repair_noisy_hour_minute) / direct_parse='9시간 30분' => 19:23 탕그 / 현재=09:53:54 / 남은시간=9시간 30분 / 계산=19:23 / warnings=-
  slot 7 우로보로스 [TIMED] [words_split_digits]=3시간 13분 ; segments=0 | 3 | 시간 | 13 | 분 | 남음 -> merged_digits='03 시간 13 분 남음' ; prefix_noise='3시간 13 분' -> '3시간 13분' (repair_noisy_hour_minute) / direct_parse='3시간 13분' => 13:06 우로보로스 / 현재=09:53:54 / 남은시간=3시간 13분 / 계산=13:06 / warnings=-
[이미지 4] area=던전 base=09:53:59
  ocr2 fixed=1600x900 window=176,190,1410,709 area=던전 best=던전 final=던전 reason=fixed_full_name_2plus highlight=- fixed_tab=- def=646 def_boss=7 slot_match=5 slot_strong=3 slot_full=5 base=09:53:59 diag=ok=1 err=- img=1232767 src=1600x900 ocr=1600x900 lines=36 words=70 text=279
  slot 1 최하층굴베 [TIMED] [words_compact]=6시간 10분 ; segments=0 | 6시간 | 10분 | 남음 -> compact='06시간10분남음' ; prefix_noise='6시간10분' -> '6시간 10분' (repair_noisy_hour_minute) / direct_parse='6시간 10분' => 16:03 최하층굴베 / 현재=09:53:59 / 남은시간=6시간 10분 / 계산=16:03 / warnings=-
  slot 2 최하층스네르 [TIMED] [words_compact]=17시간 32분 ; segments=0 | 17시간 | 32분 | 남음 -> compact='017시간32분남음' ; prefix_noise='17시간32분' -> '17시간 32분' (repair_noisy_hour_minute) / direct_parse='17시간 32분' => 03:25 최하층스네르 / 현재=09:53:59 / 남은시간=17시간 32분 / 계산=03:25 / warnings=-
  slot 3 7층 [TIMED] [words_compact]=5시간 20분 ; segments=0 | 5시간 | 20분 | 남음 -> compact='05시간20분남음' ; prefix_noise='5시간20분' -> '5시간 20분' (repair_noisy_hour_minute) / direct_parse='5시간 20분' => 15:13 7층 / 현재=09:53:59 / 남은시간=5시간 20분 / 계산=15:13 / warnings=-
  slot 4 최하층강글 [TIMED] [words_compact]=16시간 39분 ; segments=0 | 16시간 | 39분 | 남음 -> compact='016시간39분남음' ; prefix_noise='16시간39분' -> '16시간 39분' (repair_noisy_hour_minute) / direct_parse='16시간 39분' => 02:32 최하층강글 / 현재=09:53:59 / 남은시간=16시간 39분 / 계산=02:32 / warnings=-
  slot 5 4층 [TIMED] [words_compact]=9분 14초 ; segments=0 | 9분 | 14초 | 남음 -> compact='09분14초남음' ; unit_inferred=9분 14초 / direct_parse='9분 14초' => 10:03:13 4층 / 현재=09:53:59 / 남은시간=9분 14초 / 계산=10:03:13 / warnings=-
  slot 6 10층 [TIMED] [words_compact]=15시간 25분 ; segments=0 | 15시간 | 25분 | 남음 -> compact='015시간25분남음' ; prefix_noise='15시간25분' -> '15시간 25분' (repair_noisy_hour_minute) / direct_parse='15시간 25분' => 01:18 10층 / 현재=09:53:59 / 남은시간=15시간 25분 / 계산=01:18 / warnings=-

[2026-05-09 11:02:45] mode=ocr2
[이미지 1] area=요툰하임 base=11:02:17
  ocr2 fixed=1600x900 window=176,190,1410,709 area=요툰하임 best=요툰하임 final=요툰하임 reason=fixed_full_name_2plus highlight=- fixed_tab=- def=234 def_boss=3 slot_match=2 slot_strong=2 slot_full=2 base=11:02:17 diag=ok=1 err=- img=1250169 src=1600x900 ocr=1600x900 lines=37 words=74 text=246
  slot 1 파르바 [TIMED] [words_compact]=2시간 48분 ; segments=0 | 2시간 | 48분 | 남음 -> compact='02시간48분남음' ; prefix_noise='2시간48분' -> '2시간 48분' (repair_noisy_hour_minute) / direct_parse='2시간 48분' => 13:50 파르바 / 현재=11:02:17 / 남은시간=2시간 48분 / 계산=13:50 / warnings=-
  slot 2 흐니르 [TIMED] [words_compact]=41분 47초 ; segments=041= | 부 | 47초 | 남음 -> compact='041=부47초남음' ; prefix_noise='041부47초' -> '41분 47초' (repair_minute_glyph, repair_zero_prefixed_minute_second_explicit) / direct_parse='41분 47초' => 11:44:04 흐니르 / 현재=11:02:17 / 남은시간=41분 47초 / 계산=11:44:04 / warnings=-
  slot 3 바우티 [TIMED] [words]=2시간 10분 ; segments=0 | 2시간 | 10 | = | - | 남음 -> spaced='0 2시간 10 = - 남음' ; prefix_noise='2시간 10 = -' -> '2시간 10분' (repair_noisy_hour_minute) / direct_parse='2시간 10분' => 13:12 바우티 / 현재=11:02:17 / 남은시간=2시간 10분 / 계산=13:12 / warnings=-
  slot 4 야른 [TIMED] [words_split_digits]=1시간 3분 ; segments=0 | 1 | 시간 | 3분 | 남음 -> merged_digits='01 시간 3분 남음' ; direct_parse='1시간 3분' => 12:05 야른 / 현재=11:02:17 / 남은시간=1시간 3분 / 계산=12:05 / warnings=-
  slot 5 셀로비아 [TIMED] [words]=2시간 37분 ; segments=0 | 2시간 | 37 | = | “ | 남음 -> spaced='0 2시간 37 = “ 남음' ; prefix_noise='2시간 37 = “' -> '2시간 37분' (repair_noisy_hour_minute) / direct_parse='2시간 37분' => 13:39 셀로비아 / 현재=11:02:17 / 남은시간=2시간 37분 / 계산=13:39 / warnings=-
  slot 6 페티 [TIMED] [words]=9분 51초 ; segments=0 | 9분 | 51 | 초 | 남음 -> spaced='0 9분 51 초 남음' ; prefix_noise='9분 51 초' -> '9분 51초' / direct_parse='9분 51초' => 11:12:08 페티 / 현재=11:02:17 / 남은시간=9분 51초 / 계산=11:12:08 / warnings=-
  slot 7 니드호그 [TIMED] [words_split_digits]=1시간 41분 ; segments=0 | 1 | 시간 | 41 | 분 | 남음 -> merged_digits='01 시간 41 분 남음' ; prefix_noise='1시간 41 분' -> '1시간 41분' (repair_noisy_hour_minute) / direct_parse='1시간 41분' => 12:43 니드호그 / 현재=11:02:17 / 남은시간=1시간 41분 / 계산=12:43 / warnings=-
  slot 8 티르 [TIMED] [words]=12시간 8분 ; segments=0 | 1 | 2 | 시간 | 8 | = | “ | 남음 -> spaced='0 1 2 시간 8 = “ 남음' ; prefix_noise='0 1 2 시간 8 = “' -> '12시간 8분' (drop_leading_zero, repair_noisy_split_hour_minute, repair_noisy_hour_minute) / direct_parse='12시간 8분' => 23:10 티르 / 현재=11:02:17 / 남은시간=12시간 8분 / 계산=23:10 / warnings=-
[이미지 2] area=니다벨리르 base=11:02:18
  ocr2 fixed=1600x900 window=176,190,1410,709 area=니다벨리르 best=니다벨리르 final=니다벨리르 reason=fixed_full_name_2plus highlight=- fixed_tab=- def=234 def_boss=3 slot_match=4 slot_strong=4 slot_full=4 base=11:02:18 diag=ok=1 err=- img=1235364 src=1600x900 ocr=1600x900 lines=42 words=77 text=267
  slot 1 라이노르 [TIMED] [words]=2시간 36분 ; segments=0 | 2시간 | 36 | 분 | 남음 -> spaced='0 2시간 36 분 남음' ; prefix_noise='2시간 36 분' -> '2시간 36분' (repair_noisy_hour_minute) / direct_parse='2시간 36분' => 13:38 라이노르 / 현재=11:02:18 / 남은시간=2시간 36분 / 계산=13:38 / warnings=-
  slot 2 헤르모드 [TIMED] [words]=10시간 59분 ; segments=0 | 10시간 | 59 | = | “ | 남음 -> spaced='0 10시간 59 = “ 남음' ; prefix_noise='10시간 59 = “' -> '10시간 59분' (repair_noisy_hour_minute) / direct_parse='10시간 59분' => 22:01 헤르모드 / 현재=11:02:18 / 남은시간=10시간 59분 / 계산=22:01 / warnings=-
  slot 3 브륀힐드 [TIMED] [words]=10시간 59분 ; segments=0 | 10시간 | 59 | = | “ | 남음 -> spaced='0 10시간 59 = “ 남음' ; prefix_noise='10시간 59 = “' -> '10시간 59분' (repair_noisy_hour_minute) / direct_parse='10시간 59분' => 22:01 브륀힐드 / 현재=11:02:18 / 남은시간=10시간 59분 / 계산=22:01 / warnings=-
  slot 4 수드리 [TIMED] [words_compact]=10시간 59분 ; segments=0 | 10시간 | 59분 | 남음 -> compact='010시간59분남음' ; prefix_noise='10시간59분' -> '10시간 59분' (repair_noisy_hour_minute) / direct_parse='10시간 59분' => 22:01 수드리 / 현재=11:02:18 / 남은시간=10시간 59분 / 계산=22:01 / warnings=-
  slot 5 비요른 [TIMED] [words]=11시간 0분 ; segments=0 | 1 | 1 | 시간 | 0 | = | “ | 남음 -> spaced='0 1 1 시간 0 = “ 남음' ; prefix_noise='0 1 1 시간 0 = “' -> '11시간 0분' (drop_leading_zero, repair_noisy_split_hour_minute, repair_noisy_hour_minute) / direct_parse='11시간 0분' => 22:02 비요른 / 현재=11:02:18 / 남은시간=11시간 0분 / 계산=22:02 / warnings=-
  slot 6 스칼라니르 [TIMED] [words_compact]=2시간 17분 ; segments=0 | 2시간 | 17曰 | = | 남음 -> compact='02시간17曰=남음' ; prefix_noise='2시간17曰=' -> '2시간 17분' (repair_minute_glyph, repair_noisy_hour_minute) / direct_parse='2시간 17분' => 13:19 스칼라니르 / 현재=11:02:18 / 남은시간=2시간 17분 / 계산=13:19 / warnings=-
  slot 7 라타토스크 [TIMED] [words_compact]=51분 11초 ; segments=051 | 분 | 1 | 1초 | 남음 -> compact='051분11초남음' ; unit_inferred=51분 11초 / direct_parse='51분 11초' => 11:53:29 라타토스크 / 현재=11:02:18 / 남은시간=51분 11초 / 계산=11:53:29 / warnings=-
  slot 8 토르 [TIMED] [words_compact]=2일 23시간 ; segments=0 | 2일 | 23시간 | 남음 -> compact='02일23시간남음' ; unit_inferred=2일 23시간 / direct_parse='2일 23시간' => 토르 2일 23시간 / 현재=11:02:18 / 남은시간=2일 23시간 / 계산=10:02 / warnings=-
[이미지 3] area=알브하임 base=11:02:20
  ocr2 fixed=1600x900 window=176,190,1410,709 area=알브하임 best=알브하임 final=알브하임 reason=fixed_full_name_2plus highlight=- fixed_tab=- def=440 def_boss=5 slot_match=5 slot_strong=5 slot_full=5 base=11:02:20 diag=ok=1 err=- img=1073969 src=1600x900 ocr=1600x900 lines=38 words=68 text=237
  slot 1 스바르트 [TIMED] [words_split_digits]=1시간 13분 ; segments=0 | 1 | 시간 | 13 | 분 | 남음 -> merged_digits='01 시간 13 분 남음' ; prefix_noise='1시간 13 분' -> '1시간 13분' (repair_noisy_hour_minute) / direct_parse='1시간 13분' => 12:15 스바르트 / 현재=11:02:20 / 남은시간=1시간 13분 / 계산=12:15 / warnings=-
  slot 2 모네가름 [TIMED] [words_compact]=6시간 0분 ; segments=0 | 6시간 | 0분 | 남음 -> compact='06시간0분남음' ; prefix_noise='6시간0분' -> '6시간 0분' (repair_noisy_hour_minute) / direct_parse='6시간 0분' => 17:02 모네가름 / 현재=11:02:20 / 남은시간=6시간 0분 / 계산=17:02 / warnings=-
  slot 3 굴베이그 [TIMED] [words]=6시간 20분 ; segments=0 | 6시간 | 20 | = | - | 남음 -> spaced='0 6시간 20 = - 남음' ; prefix_noise='6시간 20 = -' -> '6시간 20분' (repair_noisy_hour_minute) / direct_parse='6시간 20분' => 17:22 굴베이그 / 현재=11:02:20 / 남은시간=6시간 20분 / 계산=17:22 / warnings=-
  slot 4 두라스로르 [TIMED] [words_split_digits]=1시간 27분 ; segments=0 | 1 | 시간 | 27 | = | - | 남음 -> merged_digits='01 시간 27 = - 남음' ; prefix_noise='1시간 27 = -' -> '1시간 27분' (repair_noisy_hour_minute) / direct_parse='1시간 27분' => 12:29 두라스로르 / 현재=11:02:20 / 남은시간=1시간 27분 / 계산=12:29 / warnings=-
  slot 5 드라우그 [TIMED] [words]=23시간 21분 ; segments=0 | 23 | 시간 | 21 | 분 | 남음 -> spaced='0 23 시간 21 분 남음' ; prefix_noise='23 시간 21 분' -> '23시간 21분' (repair_noisy_hour_minute) / direct_parse='23시간 21분' => 10:23 드라우그 / 현재=11:02:20 / 남은시간=23시간 21분 / 계산=10:23 / warnings=-
  slot 6 오딘 [TIMED] [words]=10시간 1분 ; segments=0 | 10시간 | 1 | 분 | 남음 -> spaced='0 10시간 1 분 남음' ; prefix_noise='10시간 1 분' -> '10시간 1분' (repair_noisy_hour_minute) / direct_parse='10시간 1분' => 21:03 오딘 / 현재=11:02:20 / 남은시간=10시간 1분 / 계산=21:03 / warnings=-
[이미지 4] area=무스펠하임 base=11:02:21
  ocr2 fixed=1600x900 window=176,190,1410,709 area=무스펠하임 best=무스펠하임 final=무스펠하임 reason=fixed_full_name_2plus highlight=- fixed_tab=- def=440 def_boss=5 slot_match=5 slot_strong=5 slot_full=5 base=11:02:21 diag=ok=1 err=- img=1147511 src=1600x900 ocr=1600x900 lines=35 words=69 text=270
  slot 1 메기르 [TIMED] [words_compact]=3시간 31분 ; segments=0 | 3시간 | 31분 | 남음 -> compact='03시간31분남음' ; prefix_noise='3시간31분' -> '3시간 31분' (repair_noisy_hour_minute) / direct_parse='3시간 31분' => 14:33 메기르 / 현재=11:02:21 / 남은시간=3시간 31분 / 계산=14:33 / warnings=-
  slot 2 헤르가름 [TIMED] [words_compact]=53분 25초 ; segments=0 | 53분 | 25초 | 남음 -> compact='053분25초남음' ; unit_inferred=53분 25초 / direct_parse='53분 25초' => 11:55:46 헤르가름 / 현재=11:02:21 / 남은시간=53분 25초 / 계산=11:55:46 / warnings=-
  slot 3 엘드룬 [TIMED] [words_split_digits]=8시간 21분 ; segments=0 | 8 | 시간 | 21 | 분 | 남음 -> merged_digits='08 시간 21 분 남음' ; prefix_noise='8시간 21 분' -> '8시간 21분' (repair_noisy_hour_minute) / direct_parse='8시간 21분' => 19:23 엘드룬 / 현재=11:02:21 / 남은시간=8시간 21분 / 계산=19:23 / warnings=-
  slot 4 수르트 [TIMED] [words_compact]=2일 23시간 ; segments=0 | 2일 | 23시간 | 남음 -> compact='02일23시간남음' ; unit_inferred=2일 23시간 / direct_parse='2일 23시간' => 수르트 2일 23시간 / 현재=11:02:21 / 남은시간=2일 23시간 / 계산=10:02 / warnings=-
  slot 5 신마라 [TIMED] [words_compact]=8시간 46분 ; segments=0 | 8시간 | 46분 | 남음 -> compact='08시간46분남음' ; prefix_noise='8시간46분' -> '8시간 46분' (repair_noisy_hour_minute) / direct_parse='8시간 46분' => 19:48 신마라 / 현재=11:02:21 / 남은시간=8시간 46분 / 계산=19:48 / warnings=-
  slot 6 탕그 [TIMED] [words_compact]=8시간 22분 ; segments=0 | 8시간 | 22분 | 남음 -> compact='08시간22분남음' ; prefix_noise='8시간22분' -> '8시간 22분' (repair_noisy_hour_minute) / direct_parse='8시간 22분' => 19:24 탕그 / 현재=11:02:21 / 남은시간=8시간 22분 / 계산=19:24 / warnings=-
  slot 7 우로보로스 [TIMED] [words_compact]=2시간 4분 ; segments=0 | 2시간 | 4분 | 남음 -> compact='02시간4분남음' ; prefix_noise='2시간4분' -> '2시간 4분' (repair_noisy_hour_minute) / direct_parse='2시간 4분' => 13:06 우로보로스 / 현재=11:02:21 / 남은시간=2시간 4분 / 계산=13:06 / warnings=-
[이미지 5] area=아스가르드 base=11:02:23
  ocr2 fixed=1600x900 window=176,190,1410,709 area=아스가르드 best=아스가르드 final=아스가르드 reason=fixed_full_name_2plus highlight=- fixed_tab=- def=440 def_boss=5 slot_match=5 slot_strong=5 slot_full=5 base=11:02:23 diag=ok=1 err=- img=1061927 src=1600x900 ocr=1600x900 lines=33 words=62 text=221
  slot 1 발리 [TIMED] [words_compact]=1일 9시간 ; segments=0 | 1일 | 9시간 | 남음 -> compact='01일9시간남음' ; unit_inferred=1일 9시간 / direct_parse='1일 9시간' => 발리 1일 9시간 / 현재=11:02:23 / 남은시간=1일 9시간 / 계산=20:02 / warnings=-
  slot 2 샤무크 [TIMED] [words_compact]=1일 19시간 ; segments=0 | 1일 | 19시간 | 남음 -> compact='01일19시간남음' ; unit_inferred=1일 19시간 / direct_parse='1일 19시간' => 샤무크 1일 19시간 / 현재=11:02:23 / 남은시간=1일 19시간 / 계산=06:02 / warnings=-
  slot 3 그로아 [TIMED] [words_compact]=1일 12시간 ; segments=0 | 1일 | 12시간 | 남음 -> compact='01일12시간남음' ; unit_inferred=1일 12시간 / direct_parse='1일 12시간' => 그로아 1일 12시간 / 현재=11:02:23 / 남은시간=1일 12시간 / 계산=23:02 / warnings=-
  slot 4 노트 [TIMED] [words_compact]=1일 16시간 ; segments=0 | 1일 | 16시간 | 남음 -> compact='01일16시간남음' ; unit_inferred=1일 16시간 / direct_parse='1일 16시간' => 노트 1일 16시간 / 현재=11:02:23 / 남은시간=1일 16시간 / 계산=03:02 / warnings=-
  slot 5 스칼드메르 [TIMED] [words_compact]=1일 13시간 ; segments=0 | 1일 | 13시간 | 남음 -> compact='01일13시간남음' ; unit_inferred=1일 13시간 / direct_parse='1일 13시간' => 스칼드메르 1일 13시간 / 현재=11:02:23 / 남은시간=1일 13시간 / 계산=00:02 / warnings=-
  slot 6 미미르 [TIMED] [words_split_digits]=1시간 43분 ; segments=0 | 1 | 시간 | 43분 | 남음 -> merged_digits='01 시간 43분 남음' ; direct_parse='1시간 43분' => 12:45 미미르 / 현재=11:02:23 / 남은시간=1시간 43분 / 계산=12:45 / warnings=-
[이미지 6] area=니플하임 base=11:02:32
  ocr2 fixed=1600x900 window=176,190,1410,709 area=니플하임 best=니플하임 final=니플하임 reason=fixed_definition_overlap highlight=- fixed_tab=- def=103 def_boss=1 slot_match=1 slot_strong=1 slot_full=1 base=11:02:32 diag=ok=1 err=- img=976584 src=1600x900 ocr=1600x900 lines=16 words=28 text=93
  slot 1 히로킨 [TIMED] [words_compact]=1시간 35분 ; segments=0 | 1시간 | 35분 | 남음 -> compact='01시간35분남음' ; prefix_noise='1시간35분' -> '1시간 35분' (repair_noisy_hour_minute) / direct_parse='1시간 35분' / ocr2_retries=1 => 12:37 히로킨 / 현재=11:02:32 / 남은시간=1시간 35분 / 계산=12:37 / warnings=-
  slot 2 헤이드 [TIMED] [words_compact]=1시간 2분 ; segments=0 | 1시간 | 2분 | 남음 -> compact='01시간2분남음' ; prefix_noise='1시간2분' -> '1시간 2분' (repair_noisy_hour_minute) / direct_parse='1시간 2분' / ocr2_retries=1 => 12:04 헤이드 / 현재=11:02:32 / 남은시간=1시간 2분 / 계산=12:04 / warnings=-
  slot 3 이미르 [TIMED] [words_compact]=4일 15시간 ; segments=0 | 4일 | 15시간 | 남음 -> compact='04일15시간남음' ; unit_inferred=4일 15시간 / direct_parse='4일 15시간' / ocr2_retries=1 => 이미르 4일 15시간 / 현재=11:02:32 / 남은시간=4일 15시간 / 계산=02:02 / warnings=-
  slot 4 호드 [TIMED] [words_split_digits]=8시간 30분 ; segments=0 | 8 | 시간 | 30 | = | “ | 남음 -> merged_digits='08 시간 30 = “ 남음' ; prefix_noise='8시간 30 = “' -> '8시간 30분' (repair_noisy_hour_minute) / direct_parse='8시간 30분' => 19:32 호드 / 현재=11:02:32 / 남은시간=8시간 30분 / 계산=19:32 / warnings=-
  slot 5 프레이 [ACTIVE] [line]=출현 중 ; line='0 출현 중' ; presence_detected => 프레이 출현 중 / 현재=11:02:32 / 남은시간=출현 중 / 계산=- / warnings=-
[이미지 7] area=던전 base=11:02:34
  ocr2 fixed=1600x900 window=176,190,1410,709 area=던전 best=던전 final=던전 reason=fixed_full_name_2plus highlight=- fixed_tab=- def=646 def_boss=7 slot_match=5 slot_strong=3 slot_full=5 base=11:02:34 diag=ok=1 err=- img=1065049 src=1600x900 ocr=1600x900 lines=41 words=80 text=302
  slot 1 최하층굴베 [TIMED] [words_compact]=5시간 2분 ; segments=0 | 5시간 | 2분 | 남음 -> compact='05시간2분남음' ; prefix_noise='5시간2분' -> '5시간 2분' (repair_noisy_hour_minute) / direct_parse='5시간 2분' => 16:04 최하층굴베 / 현재=11:02:34 / 남은시간=5시간 2분 / 계산=16:04 / warnings=-
  slot 2 최하층스네르 [TIMED] [words]=16시간 23분 ; segments=0 | 16시간 | 23 | 분 | 남음 -> spaced='0 16시간 23 분 남음' ; prefix_noise='16시간 23 분' -> '16시간 23분' (repair_noisy_hour_minute) / direct_parse='16시간 23분' => 03:25 최하층스네르 / 현재=11:02:34 / 남은시간=16시간 23분 / 계산=03:25 / warnings=-
  slot 3 7층 [TIMED] [words_compact]=4시간 11분 ; segments=0 | 4시간 | 11분 | 남음 -> compact='04시간11분남음' ; prefix_noise='4시간11분' -> '4시간 11분' (repair_noisy_hour_minute) / direct_parse='4시간 11분' => 15:13 7층 / 현재=11:02:34 / 남은시간=4시간 11분 / 계산=15:13 / warnings=-
  slot 4 최하층강글 [TIMED] [words]=15시간 30분 ; segments=0 | 15시간 | 30 | = | “ | 남음 -> spaced='0 15시간 30 = “ 남음' ; prefix_noise='15시간 30 = “' -> '15시간 30분' (repair_noisy_hour_minute) / direct_parse='15시간 30분' => 02:32 최하층강글 / 현재=11:02:34 / 남은시간=15시간 30분 / 계산=02:32 / warnings=-
  slot 5 4층 [TIMED] [words]=11시간 0분 ; segments=0 | 1 | 1 | 시간 | 0 | = | “ | 남음 -> spaced='0 1 1 시간 0 = “ 남음' ; prefix_noise='0 1 1 시간 0 = “' -> '11시간 0분' (drop_leading_zero, repair_noisy_split_hour_minute, repair_noisy_hour_minute) / direct_parse='11시간 0분' => 22:02 4층 / 현재=11:02:34 / 남은시간=11시간 0분 / 계산=22:02 / warnings=-
  slot 6 10층 [TIMED] [words_compact]=14시간 16분 ; segments=0 | 14시간 | 16분 | 남음 -> compact='014시간16분남음' ; prefix_noise='14시간16분' -> '14시간 16분' (repair_noisy_hour_minute) / direct_parse='14시간 16분' => 01:18 10층 / 현재=11:02:34 / 남은시간=14시간 16분 / 계산=01:18 / warnings=-

[2026-05-09 11:47:58] mode=ocr2
[이미지 1] area=요툰하임 base=11:47:38
  ocr2 fixed=1600x900 window=176,190,1410,709 area=요툰하임 best=요툰하임 final=요툰하임 reason=fixed_full_name_2plus highlight=- fixed_tab=- def=337 def_boss=4 slot_match=3 slot_strong=3 slot_full=3 base=11:47:38 diag=ok=1 err=- img=1451763 src=1600x900 ocr=1600x900 lines=37 words=75 text=248
  slot 1 파르바 [TIMED] [words_compact]=2시간 3분 ; segments=0 | 2시간 | 3분 | 남음 -> compact='02시간3분남음' ; prefix_noise='2시간3분' -> '2시간 3분' (repair_noisy_hour_minute) / direct_parse='2시간 3분' => 13:50 파르바 / 현재=11:47:38 / 남은시간=2시간 3분 / 계산=13:50 / warnings=-
  slot 2 흐니르 [TIMED] [words]=11시간 56분 ; segments=0 | 1 | 1 | 시간 | 56 | 분 | 남음 -> spaced='0 1 1 시간 56 분 남음' ; prefix_noise='0 1 1 시간 56 분' -> '11시간 56분' (drop_leading_zero, merge_split_hour_digits_explicit, repair_noisy_hour_minute) / direct_parse='11시간 56분' => 23:43 흐니르 / 현재=11:47:38 / 남은시간=11시간 56분 / 계산=23:43 / warnings=-
  slot 3 바우티 [TIMED] [words_split_digits]=1시간 24분 ; segments=0 | 1 | 시간 | 24분 | 남음 -> merged_digits='01 시간 24분 남음' ; direct_parse='1시간 24분' => 13:11 바우티 / 현재=11:47:38 / 남은시간=1시간 24분 / 계산=13:11 / warnings=-
  slot 4 야른 [TIMED] [words_compact]=18분 1초 ; segments=0 | 18분 | 1초 | 남음 -> compact='018분1초남음' ; unit_inferred=18분 1초 / direct_parse='18분 1초' => 12:05:39 야른 / 현재=11:47:38 / 남은시간=18분 1초 / 계산=12:05:39 / warnings=-
  slot 5 셀로비아 [TIMED] [words_split_digits]=1시간 52분 ; segments=0 | 1 | 시간 | 52 | = | 남음 -> merged_digits='01 시간 52 = 남음' ; prefix_noise='1시간 52 =' -> '1시간 52분' (repair_noisy_hour_minute) / direct_parse='1시간 52분' => 13:39 셀로비아 / 현재=11:47:38 / 남은시간=1시간 52분 / 계산=13:39 / warnings=-
  slot 6 페티 [TIMED] [words]=11시간 24분 ; segments=0 | 1 | 1 | 시간 | 24분 | 남음 -> spaced='0 1 1 시간 24분 남음' ; prefix_noise='0 1 1 시간 24분' -> '11시간 24분' (drop_leading_zero, merge_split_hour_digits_explicit, repair_noisy_hour_minute) / direct_parse='11시간 24분' => 23:11 페티 / 현재=11:47:38 / 남은시간=11시간 24분 / 계산=23:11 / warnings=-
  slot 7 니드호그 [TIMED] [words]=56분 31초 ; segments=056= | 부 | 3 | 1 | 초 | 남음 -> spaced='056= 부 3 1 초 남음' ; prefix_noise='056부 31초' -> '56분 31초' (repair_minute_glyph, repair_zero_prefixed_minute_second_explicit) / direct_parse='56분 31초' => 12:44:09 니드호그 / 현재=11:47:38 / 남은시간=56분 31초 / 계산=12:44:09 / warnings=-
  slot 8 티르 [TIMED] [words]=11시간 23분 ; segments=0 | 1 | 1 | 시간 | 23 | 분 | 남음 -> spaced='0 1 1 시간 23 분 남음' ; prefix_noise='0 1 1 시간 23 분' -> '11시간 23분' (drop_leading_zero, merge_split_hour_digits_explicit, repair_noisy_hour_minute) / direct_parse='11시간 23분' => 23:10 티르 / 현재=11:47:38 / 남은시간=11시간 23분 / 계산=23:10 / warnings=-
[이미지 2] area=니다벨리르 base=11:47:39
  ocr2 fixed=1600x900 window=176,190,1410,709 area=니다벨리르 best=니다벨리르 final=니다벨리르 reason=fixed_full_name_2plus highlight=- fixed_tab=- def=337 def_boss=4 slot_match=4 slot_strong=4 slot_full=4 base=11:47:39 diag=ok=1 err=- img=1436671 src=1600x900 ocr=1600x900 lines=39 words=72 text=262
  slot 1 라이노르 [TIMED] [words_split_digits]=1시간 50분 ; segments=0 | 1 | 시간 | 50 | = | - | 남음 -> merged_digits='01 시간 50 = - 남음' ; prefix_noise='1시간 50 = -' -> '1시간 50분' (repair_noisy_hour_minute) / direct_parse='1시간 50분' => 13:37 라이노르 / 현재=11:47:39 / 남은시간=1시간 50분 / 계산=13:37 / warnings=-
  slot 2 헤르모드 [TIMED] [words_compact]=10시간 14분 ; segments=0 | 10시간 | 14분 | 남음 -> compact='010시간14분남음' ; prefix_noise='10시간14분' -> '10시간 14분' (repair_noisy_hour_minute) / direct_parse='10시간 14분' => 22:01 헤르모드 / 현재=11:47:39 / 남은시간=10시간 14분 / 계산=22:01 / warnings=-
  slot 3 브륀힐드 [TIMED] [words_compact]=10시간 14분 ; segments=0 | 10시간 | 14분 | 남음 -> compact='010시간14분남음' ; prefix_noise='10시간14분' -> '10시간 14분' (repair_noisy_hour_minute) / direct_parse='10시간 14분' => 22:01 브륀힐드 / 현재=11:47:39 / 남은시간=10시간 14분 / 계산=22:01 / warnings=-
  slot 4 수드리 [TIMED] [words_compact]=10시간 14분 ; segments=0 | 10시간 | 14분 | 남음 -> compact='010시간14분남음' ; prefix_noise='10시간14분' -> '10시간 14분' (repair_noisy_hour_minute) / direct_parse='10시간 14분' => 22:01 수드리 / 현재=11:47:39 / 남은시간=10시간 14분 / 계산=22:01 / warnings=-
  slot 5 비요른 [TIMED] [words_compact]=10시간 14분 ; segments=0 | 10시간 | 14분 | 남음 -> compact='010시간14분남음' ; prefix_noise='10시간14분' -> '10시간 14분' (repair_noisy_hour_minute) / direct_parse='10시간 14분' => 22:01 비요른 / 현재=11:47:39 / 남은시간=10시간 14분 / 계산=22:01 / warnings=-
  slot 6 스칼라니르 [TIMED] [words_split_digits]=1시간 32분 ; segments=0 | 1 | 시간 | 32 | = | 남음 -> merged_digits='01 시간 32 = 남음' ; prefix_noise='1시간 32 =' -> '1시간 32분' (repair_noisy_hour_minute) / direct_parse='1시간 32분' => 13:19 스칼라니르 / 현재=11:47:39 / 남은시간=1시간 32분 / 계산=13:19 / warnings=-
  slot 7 라타토스크 [TIMED] [words_compact]=5분 50초 ; segments=0 | 5분 | 50초 | 남음 -> compact='05분50초남음' ; unit_inferred=5분 50초 / direct_parse='5분 50초' => 11:53:29 라타토스크 / 현재=11:47:39 / 남은시간=5분 50초 / 계산=11:53:29 / warnings=-
  slot 8 토르 [TIMED] [words_compact]=2일 23시간 ; segments=0 | 2일 | 23시간 | 남음 -> compact='02일23시간남음' ; unit_inferred=2일 23시간 / direct_parse='2일 23시간' => 토르 2일 23시간 / 현재=11:47:39 / 남은시간=2일 23시간 / 계산=10:47 / warnings=-
[이미지 3] area=알브하임 base=11:47:41
  ocr2 fixed=1600x900 window=176,190,1410,709 area=알브하임 best=알브하임 final=알브하임 reason=fixed_full_name_2plus highlight=- fixed_tab=- def=440 def_boss=5 slot_match=5 slot_strong=5 slot_full=5 base=11:47:41 diag=ok=1 err=- img=1280173 src=1600x900 ocr=1600x900 lines=39 words=63 text=235
  slot 1 스바르트 [TIMED] [words_compact]=27분 46초 ; segments=027분 | 46초 | 남음 -> compact='027분46초남음' ; unit_inferred=27분 46초 / direct_parse='27분 46초' => 12:15:27 스바르트 / 현재=11:47:41 / 남은시간=27분 46초 / 계산=12:15:27 / warnings=-
  slot 2 모네가름 [TIMED] [words]=5시간 15분 ; segments=0 | 5시간 | 1 | 5 | 분 | 남음 -> spaced='0 5시간 1 5 분 남음' ; prefix_noise='5시간 1 5 분' -> '5시간 15분' (merge_split_minute_digits_after_hour, repair_noisy_hour_minute) / direct_parse='5시간 15분' => 17:02 모네가름 / 현재=11:47:41 / 남은시간=5시간 15분 / 계산=17:02 / warnings=-
  slot 3 굴베이그 [TIMED] [words_compact]=5시간 34분 ; segments=0 | 5시간 | 34분 | 남음 -> compact='05시간34분남음' ; prefix_noise='5시간34분' -> '5시간 34분' (repair_noisy_hour_minute) / direct_parse='5시간 34분' => 17:21 굴베이그 / 현재=11:47:41 / 남은시간=5시간 34분 / 계산=17:21 / warnings=-
  slot 4 두라스로르 [TIMED] [words_compact]=42분 39초 ; segments=042= | 부 | 39초 | 남음 -> compact='042=부39초남음' ; prefix_noise='042부39초' -> '42분 39초' (repair_minute_glyph, repair_zero_prefixed_minute_second_explicit) / direct_parse='42분 39초' => 12:30:20 두라스로르 / 현재=11:47:41 / 남은시간=42분 39초 / 계산=12:30:20 / warnings=-
  slot 5 드라우그 [TIMED] [words]=22시간 35분 ; segments=0 | 22시간 | 35 | 분 | 남음 -> spaced='0 22시간 35 분 남음' ; prefix_noise='22시간 35 분' -> '22시간 35분' (repair_noisy_hour_minute) / direct_parse='22시간 35분' => 10:22 드라우그 / 현재=11:47:41 / 남은시간=22시간 35분 / 계산=10:22 / warnings=-
  slot 6 오딘 [TIMED] [words]=9시간 15분 ; segments=0 | 9시간 | 1 | 5 | 분 | 남음 -> spaced='0 9시간 1 5 분 남음' ; prefix_noise='9시간 1 5 분' -> '9시간 15분' (merge_split_minute_digits_after_hour, repair_noisy_hour_minute) / direct_parse='9시간 15분' => 21:02 오딘 / 현재=11:47:41 / 남은시간=9시간 15분 / 계산=21:02 / warnings=-
[이미지 4] area=무스펠하임 base=11:47:42
  ocr2 fixed=1600x900 window=176,190,1410,709 area=무스펠하임 best=무스펠하임 final=무스펠하임 reason=fixed_full_name_2plus highlight=- fixed_tab=- def=440 def_boss=5 slot_match=5 slot_strong=5 slot_full=5 base=11:47:42 diag=ok=1 err=- img=1350044 src=1600x900 ocr=1600x900 lines=37 words=74 text=276
  slot 1 메기르 [TIMED] [words_compact]=2시간 46분 ; segments=0 | 2시간 | 46분 | 남음 -> compact='02시간46분남음' ; prefix_noise='2시간46분' -> '2시간 46분' (repair_noisy_hour_minute) / direct_parse='2시간 46분' => 14:33 메기르 / 현재=11:47:42 / 남은시간=2시간 46분 / 계산=14:33 / warnings=-
  slot 2 헤르가름 [TIMED] [words_compact]=8분 4초 ; segments=0 | 8분 | 4초 | 남음 -> compact='08분4초남음' ; unit_inferred=8분 4초 / direct_parse='8분 4초' => 11:55:46 헤르가름 / 현재=11:47:42 / 남은시간=8분 4초 / 계산=11:55:46 / warnings=-
  slot 3 엘드룬 [TIMED] [words_split_digits]=7시간 36분 ; segments=0 | 7 | 시간 | 36 | 분 | 남음 -> merged_digits='07 시간 36 분 남음' ; prefix_noise='7시간 36 분' -> '7시간 36분' (repair_noisy_hour_minute) / direct_parse='7시간 36분' => 19:23 엘드룬 / 현재=11:47:42 / 남은시간=7시간 36분 / 계산=19:23 / warnings=-
  slot 4 수르트 [TIMED] [words_compact]=2일 22시간 ; segments=0 | 2일 | 22시간 | 남음 -> compact='02일22시간남음' ; unit_inferred=2일 22시간 / direct_parse='2일 22시간' => 수르트 2일 22시간 / 현재=11:47:42 / 남은시간=2일 22시간 / 계산=09:47 / warnings=-
  slot 5 신마라 [TIMED] [words_compact]=8시간 0분 ; segments=0 | 8시간 | 0분 | 남음 -> compact='08시간0분남음' ; prefix_noise='8시간0분' -> '8시간 0분' (repair_noisy_hour_minute) / direct_parse='8시간 0분' => 19:47 신마라 / 현재=11:47:42 / 남은시간=8시간 0분 / 계산=19:47 / warnings=-
  slot 6 탕그 [TIMED] [words_compact]=7시간 36분 ; segments=0 | 7시간 | 36분 | 남음 -> compact='07시간36분남음' ; prefix_noise='7시간36분' -> '7시간 36분' (repair_noisy_hour_minute) / direct_parse='7시간 36분' => 19:23 탕그 / 현재=11:47:42 / 남은시간=7시간 36분 / 계산=19:23 / warnings=-
  slot 7 우로보로스 [TIMED] [words_split_digits]=1시간 19분 ; segments=0 | 1 | 시간 | 19 | = | - | 남음 -> merged_digits='01 시간 19 = - 남음' ; prefix_noise='1시간 19 = -' -> '1시간 19분' (repair_noisy_hour_minute) / direct_parse='1시간 19분' => 13:06 우로보로스 / 현재=11:47:42 / 남은시간=1시간 19분 / 계산=13:06 / warnings=-
[이미지 5] area=아스가르드 base=11:47:44
  ocr2 fixed=1600x900 window=176,190,1410,709 area=아스가르드 best=아스가르드 final=아스가르드 reason=fixed_full_name_2plus highlight=- fixed_tab=- def=234 def_boss=3 slot_match=3 slot_strong=3 slot_full=3 base=11:47:44 diag=ok=1 err=- img=1268273 src=1600x900 ocr=1600x900 lines=29 words=50 text=195
  slot 1 발리 [TIMED] [card_line]=1일 9시간 ; card_line='0 1일 9시간 남음' ; direct_parse='1일 9시간' => 발리 1일 9시간 / 현재=11:47:44 / 남은시간=1일 9시간 / 계산=20:47 / warnings=-
  slot 2 샤무크 [TIMED] [words_compact]=1일 18시간 ; segments=0 | 1일 | 18시간 | 남음 -> compact='01일18시간남음' ; unit_inferred=1일 18시간 / direct_parse='1일 18시간' => 샤무크 1일 18시간 / 현재=11:47:44 / 남은시간=1일 18시간 / 계산=05:47 / warnings=-
  slot 3 그로아 [TIMED] [words_compact]=1일 11시간 ; segments=0 | 1일 | 11시간남음 -> compact='01일11시간남음' ; unit_inferred=1일 11시간 / direct_parse='1일 11시간' => 그로아 1일 11시간 / 현재=11:47:44 / 남은시간=1일 11시간 / 계산=22:47 / warnings=-
  slot 4 노트 [TIMED] [words_compact]=1일 15시간 ; segments=0 | 1일 | 15시간 | 남음 -> compact='01일15시간남음' ; unit_inferred=1일 15시간 / direct_parse='1일 15시간' => 노트 1일 15시간 / 현재=11:47:44 / 남은시간=1일 15시간 / 계산=02:47 / warnings=-
  slot 5 스칼드메르 [TIMED] [words_compact]=1일 12시간 ; segments=0 | 1일 | 12시간 | 남음 -> compact='01일12시간남음' ; unit_inferred=1일 12시간 / direct_parse='1일 12시간' => 스칼드메르 1일 12시간 / 현재=11:47:44 / 남은시간=1일 12시간 / 계산=23:47 / warnings=-
  slot 6 미미르 [TIMED] [words_compact]=57분 55초 ; segments=0 | 57분 | 55초 | 남음 -> compact='057분55초남음' ; unit_inferred=57분 55초 / direct_parse='57분 55초' => 12:45:39 미미르 / 현재=11:47:44 / 남은시간=57분 55초 / 계산=12:45:39 / warnings=-
[이미지 6] area=니플하임 base=11:47:46
  ocr2 fixed=1600x900 window=176,190,1410,709 area=니플하임 best=니플하임 final=니플하임 reason=fixed_definition_overlap highlight=- fixed_tab=- def=103 def_boss=1 slot_match=1 slot_strong=1 slot_full=1 base=11:47:46 diag=ok=1 err=- img=1170286 src=1600x900 ocr=1600x900 lines=17 words=28 text=95
  slot 1 히로킨 [TIMED] [words_compact]=50분 36초 ; segments=0 | 50분 | 36초 | 남음 -> compact='050분36초남음' ; unit_inferred=50분 36초 / direct_parse='50분 36초' / ocr2_retries=1 => 12:38:22 히로킨 / 현재=11:47:46 / 남은시간=50분 36초 / 계산=12:38:22 / warnings=-
  slot 2 헤이드 [TIMED] [words_compact]=16분 53초 ; segments=0 | 16분 | 53초 | 남음 -> compact='016분53초남음' ; unit_inferred=16분 53초 / direct_parse='16분 53초' / ocr2_retries=1 => 12:04:39 헤이드 / 현재=11:47:46 / 남은시간=16분 53초 / 계산=12:04:39 / warnings=-
  slot 3 이미르 [TIMED] [words_compact]=4일 14시간 ; segments=0 | 4일 | 14시간 | 남음 -> compact='04일14시간남음' ; unit_inferred=4일 14시간 / direct_parse='4일 14시간' / ocr2_retries=1 => 이미르 4일 14시간 / 현재=11:47:46 / 남은시간=4일 14시간 / 계산=01:47 / warnings=-
  slot 4 호드 [TIMED] [words_split_digits]=7시간 45분 ; segments=0 | 7 | 시간 | 45 | 분 | 남음 -> merged_digits='07 시간 45 분 남음' ; prefix_noise='7시간 45 분' -> '7시간 45분' (repair_noisy_hour_minute) / direct_parse='7시간 45분' => 19:32 호드 / 현재=11:47:46 / 남은시간=7시간 45분 / 계산=19:32 / warnings=-
  slot 5 프레이 [ACTIVE] [line]=출현 중 ; line='0 출현 중' ; presence_detected => 프레이 출현 중 / 현재=11:47:46 / 남은시간=출현 중 / 계산=- / warnings=-

[2026-05-09 13:17:01] mode=ocr2
[이미지 1] area=니다벨리르 base=13:16:58
  ocr2 fixed=1600x900 window=176,190,1410,709 area=니다벨리르 best=니다벨리르 final=니다벨리르 reason=fixed_full_name_2plus highlight=804 fixed_tab=무스펠하임 def=337 def_boss=4 slot_match=4 slot_strong=4 slot_full=4 base=13:16:58 diag=ok=1 err=- img=1396522 src=1600x900 ocr=1600x900 lines=40 words=75 text=271
  slot 1 라이노르 [TIMED] [words_compact]=21분 39초 ; segments=021 | 분 | 39초 | 남음 -> compact='021분39초남음' ; unit_inferred=21분 39초 / direct_parse='21분 39초' => 13:38:37 라이노르 / 현재=13:16:58 / 남은시간=21분 39초 / 계산=13:38:37 / warnings=-
  slot 2 헤르모드 [TIMED] [words_compact]=8시간 44분 ; segments=0 | 8시간 | 44분 | 남음 -> compact='08시간44분남음' ; prefix_noise='8시간44분' -> '8시간 44분' (repair_noisy_hour_minute) / direct_parse='8시간 44분' => 22:00 헤르모드 / 현재=13:16:58 / 남은시간=8시간 44분 / 계산=22:00 / warnings=-
  slot 3 브륀힐드 [TIMED] [words_split_digits]=8시간 45분 ; segments=0 | 8 | 시간 | 45 | 분 | 남음 -> merged_digits='08 시간 45 분 남음' ; prefix_noise='8시간 45 분' -> '8시간 45분' (repair_noisy_hour_minute) / direct_parse='8시간 45분' => 22:01 브륀힐드 / 현재=13:16:58 / 남은시간=8시간 45분 / 계산=22:01 / warnings=-
  slot 4 수드리 [TIMED] [words_compact]=8시간 45분 ; segments=0 | 8시간 | 45분 | 남음 -> compact='08시간45분남음' ; prefix_noise='8시간45분' -> '8시간 45분' (repair_noisy_hour_minute) / direct_parse='8시간 45분' => 22:01 수드리 / 현재=13:16:58 / 남은시간=8시간 45분 / 계산=22:01 / warnings=-
  slot 5 비요른 [TIMED] [words_split_digits]=8시간 45분 ; segments=0 | 8 | 시간 | 45 | 분 | 남음 -> merged_digits='08 시간 45 분 남음' ; prefix_noise='8시간 45 분' -> '8시간 45분' (repair_noisy_hour_minute) / direct_parse='8시간 45분' => 22:01 비요른 / 현재=13:16:58 / 남은시간=8시간 45분 / 계산=22:01 / warnings=-
  slot 6 스칼라니르 [TIMED] [words_compact]=2분 56초 ; segments=0 | 2분 | 56초 | 남음 -> compact='02분56초남음' ; unit_inferred=2분 56초 / direct_parse='2분 56초' => 13:19:54 스칼라니르 / 현재=13:16:58 / 남은시간=2분 56초 / 계산=13:19:54 / warnings=-
  slot 7 라타토스크 [TIMED] [words]=10시간 36분 ; segments=0 | 10시간 | 36 | 분 | 남음 -> spaced='0 10시간 36 분 남음' ; prefix_noise='10시간 36 분' -> '10시간 36분' (repair_noisy_hour_minute) / direct_parse='10시간 36분' => 23:52 라타토스크 / 현재=13:16:58 / 남은시간=10시간 36분 / 계산=23:52 / warnings=-
  slot 8 토르 [TIMED] [words_compact]=2일 21시간 ; segments=0 | 2일 | 21시간 | 남음 -> compact='02일21시간남음' ; unit_inferred=2일 21시간 / direct_parse='2일 21시간' => 토르 2일 21시간 / 현재=13:16:58 / 남은시간=2일 21시간 / 계산=10:16 / warnings=-

[2026-05-09 13:31:50] mode=ocr2
[이미지 1] area=요툰하임 base=13:31:40
  ocr2 fixed=1600x900 window=176,190,1410,709 area=요툰하임 best=요툰하임 final=요툰하임 reason=fixed_full_name_2plus highlight=- fixed_tab=- def=440 def_boss=5 slot_match=5 slot_strong=5 slot_full=5 base=13:31:40 diag=ok=1 err=- img=1461678 src=1600x900 ocr=1600x900 lines=43 words=80 text=277
  slot 1 파르바 [TIMED] [words_compact]=19분 13초 ; segments=019= | 부 | 13초 | 남음 -> compact='019=부13초남음' ; prefix_noise='019부13초' -> '19분 13초' (repair_minute_glyph, repair_zero_prefixed_minute_second_explicit) / direct_parse='19분 13초' => 13:50:53 파르바 / 현재=13:31:40 / 남은시간=19분 13초 / 계산=13:50:53 / warnings=-
  slot 2 흐니르 [TIMED] [words]=10시간 12분 ; segments=0 | 10시간 | 12 | = | - | 남음 -> spaced='0 10시간 12 = - 남음' ; prefix_noise='10시간 12 = -' -> '10시간 12분' (repair_noisy_hour_minute) / direct_parse='10시간 12분' => 23:43 흐니르 / 현재=13:31:40 / 남은시간=10시간 12분 / 계산=23:43 / warnings=-
  slot 3 바우티 [TIMED] [words]=11시간 40분 ; segments=0 | 1 | 1 | 시간 | 40 | = | - | 남음 -> spaced='0 1 1 시간 40 = - 남음' ; prefix_noise='0 1 1 시간 40 = -' -> '11시간 40분' (drop_leading_zero, repair_noisy_split_hour_minute, repair_noisy_hour_minute) / direct_parse='11시간 40분' => 01:11 바우티 / 현재=13:31:40 / 남은시간=11시간 40분 / 계산=01:11 / warnings=-
  slot 4 야른 [TIMED] [words]=10시간 33분 ; segments=0 | 10시간 | 33 | 분 | 남음 -> spaced='0 10시간 33 분 남음' ; prefix_noise='10시간 33 분' -> '10시간 33분' (repair_noisy_hour_minute) / direct_parse='10시간 33분' => 00:04 야른 / 현재=13:31:40 / 남은시간=10시간 33분 / 계산=00:04 / warnings=-
  slot 5 셀로비아 [TIMED] [words_compact]=8분 3초 ; segments=0 | 8분 | 3초 | 남음 -> compact='08분3초남음' ; unit_inferred=8분 3초 / direct_parse='8분 3초' => 13:39:43 셀로비아 / 현재=13:31:40 / 남은시간=8분 3초 / 계산=13:39:43 / warnings=-
  slot 6 페티 [TIMED] [words_compact]=9시간 40분 ; segments=0 | 9시간 | 40분 | 남음 -> compact='09시간40분남음' ; prefix_noise='9시간40분' -> '9시간 40분' (repair_noisy_hour_minute) / direct_parse='9시간 40분' => 23:11 페티 / 현재=13:31:40 / 남은시간=9시간 40분 / 계산=23:11 / warnings=-
  slot 7 니드호그 [TIMED] [words]=11시간 12분 ; segments=0 | 1 | 1 | 시간 | 12 | = | - | 남음 -> spaced='0 1 1 시간 12 = - 남음' ; prefix_noise='0 1 1 시간 12 = -' -> '11시간 12분' (drop_leading_zero, repair_noisy_split_hour_minute, repair_noisy_hour_minute) / direct_parse='11시간 12분' => 00:43 니드호그 / 현재=13:31:40 / 남은시간=11시간 12분 / 계산=00:43 / warnings=-
  slot 8 티르 [TIMED] [words]=9시간 39분 ; segments=0 | 9시간 | 39 | = | - | 남음 -> spaced='0 9시간 39 = - 남음' ; prefix_noise='9시간 39 = -' -> '9시간 39분' (repair_noisy_hour_minute) / direct_parse='9시간 39분' => 23:10 티르 / 현재=13:31:40 / 남은시간=9시간 39분 / 계산=23:10 / warnings=-
[이미지 2] area=니다벨리르 base=13:31:42
  ocr2 fixed=1600x900 window=176,190,1410,709 area=니다벨리르 best=니다벨리르 final=니다벨리르 reason=fixed_full_name_2plus highlight=- fixed_tab=- def=337 def_boss=4 slot_match=4 slot_strong=4 slot_full=4 base=13:31:42 diag=ok=1 err=- img=1438035 src=1600x900 ocr=1600x900 lines=42 words=82 text=276
  slot 1 라이노르 [TIMED] [words_compact]=6분 55초 ; segments=0 | 6분 | 55초 | 남음 -> compact='06분55초남음' ; unit_inferred=6분 55초 / direct_parse='6분 55초' => 13:38:37 라이노르 / 현재=13:31:42 / 남은시간=6분 55초 / 계산=13:38:37 / warnings=-
  slot 2 헤르모드 [TIMED] [words_split_digits]=8시간 30분 ; segments=0 | 8 | 시간 | 30 | = | - | 남음 -> merged_digits='08 시간 30 = - 남음' ; prefix_noise='8시간 30 = -' -> '8시간 30분' (repair_noisy_hour_minute) / direct_parse='8시간 30분' => 22:01 헤르모드 / 현재=13:31:42 / 남은시간=8시간 30분 / 계산=22:01 / warnings=-
  slot 3 브륀힐드 [TIMED] [words_split_digits]=8시간 30분 ; segments=0 | 8 | 시간 | 30 | = | - | 남음 -> merged_digits='08 시간 30 = - 남음' ; prefix_noise='8시간 30 = -' -> '8시간 30분' (repair_noisy_hour_minute) / direct_parse='8시간 30분' => 22:01 브륀힐드 / 현재=13:31:42 / 남은시간=8시간 30분 / 계산=22:01 / warnings=-
  slot 4 수드리 [TIMED] [words_compact]=8시간 30분 ; segments=0 | 8시간 | 30분 | 남음 -> compact='08시간30분남음' ; prefix_noise='8시간30분' -> '8시간 30분' (repair_noisy_hour_minute) / direct_parse='8시간 30분' => 22:01 수드리 / 현재=13:31:42 / 남은시간=8시간 30분 / 계산=22:01 / warnings=-
  slot 5 비요른 [TIMED] [words_split_digits]=8시간 30분 ; segments=0 | 8 | 시간 | 30 | = | “ | 남음 -> merged_digits='08 시간 30 = “ 남음' ; prefix_noise='8시간 30 = “' -> '8시간 30분' (repair_noisy_hour_minute) / direct_parse='8시간 30분' => 22:01 비요른 / 현재=13:31:42 / 남은시간=8시간 30분 / 계산=22:01 / warnings=-
  slot 6 스칼라니르 [TIMED] [words]=11시간 48분 ; segments=0 | 1 | 1 | 시간 | 48 | = | - | 남음 -> spaced='0 1 1 시간 48 = - 남음' ; prefix_noise='0 1 1 시간 48 = -' -> '11시간 48분' (drop_leading_zero, repair_noisy_split_hour_minute, repair_noisy_hour_minute) / direct_parse='11시간 48분' => 01:19 스칼라니르 / 현재=13:31:42 / 남은시간=11시간 48분 / 계산=01:19 / warnings=-
  slot 7 라타토스크 [TIMED] [words]=10시간 21분 ; segments=0 | 10시간 | 21 | 분 | 남음 -> spaced='0 10시간 21 분 남음' ; prefix_noise='10시간 21 분' -> '10시간 21분' (repair_noisy_hour_minute) / direct_parse='10시간 21분' => 23:52 라타토스크 / 현재=13:31:42 / 남은시간=10시간 21분 / 계산=23:52 / warnings=-
  slot 8 토르 [TIMED] [words_compact]=2일 21시간 ; segments=0 | 2일 | 21시간 | 남음 -> compact='02일21시간남음' ; unit_inferred=2일 21시간 / direct_parse='2일 21시간' => 토르 2일 21시간 / 현재=13:31:42 / 남은시간=2일 21시간 / 계산=10:31 / warnings=-

[2026-05-09 14:10:34] mode=ocr2
[이미지 1] area=무스펠하임 base=14:10:30
  ocr2 fixed=1600x900 window=176,190,1410,709 area=무스펠하임 best=무스펠하임 final=무스펠하임 reason=fixed_full_name_2plus highlight=- fixed_tab=- def=440 def_boss=5 slot_match=5 slot_strong=5 slot_full=5 base=14:10:30 diag=ok=1 err=- img=1258277 src=1600x900 ocr=1600x900 lines=35 words=69 text=266
  slot 1 메기르 [TIMED] [words_compact]=23분 22초 ; segments=0 | 23분 | 22초 | 남음 -> compact='023분22초남음' ; unit_inferred=23분 22초 / direct_parse='23분 22초' => 14:33:52 메기르 / 현재=14:10:30 / 남은시간=23분 22초 / 계산=14:33:52 / warnings=-
  slot 2 헤르가름 [TIMED] [words_compact]=1일 9시간 ; segments=0 | 1일 | 9시간 | 남음 -> compact='01일9시간남음' ; unit_inferred=1일 9시간 / direct_parse='1일 9시간' => 헤르가름 1일 9시간 / 현재=14:10:30 / 남은시간=1일 9시간 / 계산=23:10 / warnings=-
  slot 3 엘드룬 [TIMED] [words]=5시간 13분 ; segments=0 | 5시간 | 1 | 3 | 분 | 남음 -> spaced='0 5시간 1 3 분 남음' ; prefix_noise='5시간 1 3 분' -> '5시간 13분' (merge_split_minute_digits_after_hour, repair_noisy_hour_minute) / direct_parse='5시간 13분' => 19:23 엘드룬 / 현재=14:10:30 / 남은시간=5시간 13분 / 계산=19:23 / warnings=-
  slot 4 수르트 [TIMED] [words_compact]=2일 20시간 ; segments=0 | 2일 | 20시간 | 남음 -> compact='02일20시간남음' ; unit_inferred=2일 20시간 / direct_parse='2일 20시간' => 수르트 2일 20시간 / 현재=14:10:30 / 남은시간=2일 20시간 / 계산=10:10 / warnings=-
  slot 5 신마라 [TIMED] [words]=5시간 38분 ; segments=0 | 5시간 | 38 | = | 남음 -> spaced='0 5시간 38 = 남음' ; prefix_noise='5시간 38 =' -> '5시간 38분' (repair_noisy_hour_minute) / direct_parse='5시간 38분' => 19:48 신마라 / 현재=14:10:30 / 남은시간=5시간 38분 / 계산=19:48 / warnings=-
  slot 6 탕그 [TIMED] [words_compact]=5시간 14분 ; segments=0 | 5시간 | 14분 | 남음 -> compact='05시간14분남음' ; prefix_noise='5시간14분' -> '5시간 14분' (repair_noisy_hour_minute) / direct_parse='5시간 14분' => 19:24 탕그 / 현재=14:10:30 / 남은시간=5시간 14분 / 계산=19:24 / warnings=-
  slot 7 우로보로스 [TIMED] [words_compact]=1일 10시간 ; segments=0 | 1일 | 10시간 | 남음 -> compact='01일10시간남음' ; unit_inferred=1일 10시간 / direct_parse='1일 10시간' => 우로보로스 1일 10시간 / 현재=14:10:30 / 남은시간=1일 10시간 / 계산=00:10 / warnings=-

[2026-05-09 14:44:02] mode=ocr
[이미지 1] area=요툰하임 base=14:43:42
  ocr window=0,175,1758,753 area=요툰하임 best=요툰하임 reason=fixed_full_name_2plus highlight=- top=0 def=440 def_terms=5 def_boss=5 slot_exact=10 slot_boss=10 slot_match=5 slot_strong=5 slot_full=5 exact_boss=16 boss=16 grid=8 empty=0 base=14:43:42 diag=ok=1 err=- img=1446373 src=1758x933 ocr=1758x933 lines=40 words=80 text=285
  slot 1 파르바 [TIMED] [words_compact]=11시간 7분 ; segments=0 | 11시간 | 7분 | 남음 -> compact='011시간7분남음' ; prefix_noise='11시간7분' -> '11시간 7분' (repair_noisy_hour_minute) / direct_parse='11시간 7분' => 01:50 파르바 / 현재=14:43:42 / 남은시간=11시간 7분 / 계산=01:50 / warnings=-
  slot 2 흐니르 [TIMED] [words_compact]=9시간 0분 ; segments=0 | 9시간 | 0분 | 남음 -> compact='09시간0분남음' ; prefix_noise='9시간0분' -> '9시간 0분' (repair_noisy_hour_minute) / direct_parse='9시간 0분' => 23:43 흐니르 / 현재=14:43:42 / 남은시간=9시간 0분 / 계산=23:43 / warnings=-
  slot 3 바우티 [TIMED] [card_words_group_merge]=10시간 28분 ; card_segments=10시간 | 28 | = | - | 남음 | 0 | 9시간 -> merged_spaced='10시간 28 = - 남음 0 9시간' ; prefix_noise='10시간 28 = - 0 9시간' -> '10시간 28분' (repair_noisy_hour_minute) / direct_parse='10시간 28분' => 01:11 바우티 / 현재=14:43:42 / 남은시간=10시간 28분 / 계산=01:11 / warnings=-
  slot 4 야른 [TIMED] [words_compact]=9시간 21분 ; segments=9시간 | 21분 | 남음 -> compact='9시간21분남음' ; prefix_noise='9시간21분' -> '9시간 21분' (repair_noisy_hour_minute) / direct_parse='9시간 21분' => 00:04 야른 / 현재=14:43:42 / 남은시간=9시간 21분 / 계산=00:04 / warnings=-
  slot 5 셀로비아 [TIMED] [words]=10시간 56분 ; segments=0 | 10시간 | 56 | 분 | 남음 -> spaced='0 10시간 56 분 남음' ; prefix_noise='10시간 56 분' -> '10시간 56분' (repair_noisy_hour_minute) / direct_parse='10시간 56분' => 01:39 셀로비아 / 현재=14:43:42 / 남은시간=10시간 56분 / 계산=01:39 / warnings=-
  slot 6 페티 [TIMED] [words_split_digits]=8시간 28분 ; segments=0 | 8 | 시간 | 28 | = | 남음 -> merged_digits='08 시간 28 = 남음' ; prefix_noise='8시간 28 =' -> '8시간 28분' (repair_noisy_hour_minute) / direct_parse='8시간 28분' => 23:11 페티 / 현재=14:43:42 / 남은시간=8시간 28분 / 계산=23:11 / warnings=-
  slot 7 니드호그 [TIMED] [card_words_group_merge]=10시간 0분 ; card_segments=10 | 시간 | 0 | = | “ | 남음 | 0 | 8시간 -> merged_spaced='10 시간 0 = “ 남음 0 8시간' ; prefix_noise='10 시간 0 = “ 0 8시간' -> '10시간 0분' (repair_noisy_hour_minute) / direct_parse='10시간 0분' => 00:43 니드호그 / 현재=14:43:42 / 남은시간=10시간 0분 / 계산=00:43 / warnings=-
  slot 8 티르 [TIMED] [words_compact]=8시간 27분 ; segments=8시간 | 27분 | 남음 -> compact='8시간27분남음' ; prefix_noise='8시간27분' -> '8시간 27분' (repair_noisy_hour_minute) / direct_parse='8시간 27분' => 23:10 티르 / 현재=14:43:42 / 남은시간=8시간 27분 / 계산=23:10 / warnings=-
[이미지 2] area=니다벨리르 base=14:43:45
  ocr window=0,155,1758,842 area=니다벨리르 best=니다벨리르 reason=fixed_definition_overlap highlight=- top=0 def=131 def_terms=2 def_boss=2 slot_exact=2 slot_boss=2 slot_match=1 slot_strong=1 slot_full=1 exact_boss=4 boss=4 grid=8 empty=0 base=14:43:45 diag=ok=1 err=- img=1411190 src=1758x933 ocr=1758x933 lines=33 words=63 text=238
  slot 1 라이노르 [TIMED] [card_words]=10시간 54분 ; card_segments=0 | 10시간 | 54분 -> spaced='0 10시간 54분' ; direct_parse='10시간 54분' => 01:37 라이노르 / 현재=14:43:45 / 남은시간=10시간 54분 / 계산=01:37 / warnings=-
  slot 2 헤르모드 [TIMED] [card_line]=7시간 18분 ; card_line='0 7시간 18분 남음' ; direct_parse='7시간 18분' => 22:01 헤르모드 / 현재=14:43:45 / 남은시간=7시간 18분 / 계산=22:01 / warnings=-
  slot 3 브륀힐드 [TIMED] [card_words_group_merge_compact]=7시간 18분 ; card_segments=7시간 | 18분 | 남음 | 0 | 7시간 -> merged_compact='7시간18분남음07시간' ; prefix_noise='7시간18분7시간' -> '7시간 18분' (repair_noisy_hour_minute) / direct_parse='7시간 18분' => 22:01 브륀힐드 / 현재=14:43:45 / 남은시간=7시간 18분 / 계산=22:01 / warnings=-
  slot 4 수드리 [UNKNOWN] [slot]=수드리 확인 필요 => 수드리 확인 필요 / 현재=14:43:45 / 남은시간=확인 필요 / 계산=- / warnings=시간 해석 실패, TIMER_NOT_FOUND, 기존 스케쥴 파서 재검증 실패
  slot 5 비요른 [TIMED] [card_words_split_digits]=7시간 18분 ; card_segments=0 | 7 | 시간 | 18 | = | 남음 -> merged_digits='07 시간 18 = 남음' ; prefix_noise='7시간 18 =' -> '7시간 18분' (repair_noisy_hour_minute) / direct_parse='7시간 18분' => 22:01 비요른 / 현재=14:43:45 / 남은시간=7시간 18분 / 계산=22:01 / warnings=-
  slot 6 스칼라니르 [TIMED] [card_words]=10시간 36분 ; card_segments=0 | 10시간 | 36 | 분 | 남음 -> spaced='0 10시간 36 분 남음' ; prefix_noise='10시간 36 분' -> '10시간 36분' (repair_noisy_hour_minute) / direct_parse='10시간 36분' => 01:19 스칼라니르 / 현재=14:43:45 / 남은시간=10시간 36분 / 계산=01:19 / warnings=-
  slot 7 라타토스크 [TIMED] [card_words_group_merge_compact]=9시간 9분 ; card_segments=9시간 | 9분 | 남음 | 0 | 2일 -> merged_compact='9시간9분남음02일' ; prefix_noise='9시간9분2일' -> '9시간 9분' (repair_noisy_hour_minute) / direct_parse='9시간 9분' => 23:52 라타토스크 / 현재=14:43:45 / 남은시간=9시간 9분 / 계산=23:52 / warnings=-
  slot 8 토르 [UNKNOWN] [slot]=토르 확인 필요 => 토르 확인 필요 / 현재=14:43:45 / 남은시간=확인 필요 / 계산=- / warnings=시간 해석 실패, TIMER_NOT_FOUND, 기존 스케쥴 파서 재검증 실패
[이미지 3] area=알브하임 base=14:43:46
  ocr window=0,175,1758,752 area=알브하임 best=알브하임 reason=fixed_full_name_2plus highlight=- top=0 def=337 def_terms=4 def_boss=4 slot_exact=6 slot_boss=6 slot_match=3 slot_strong=3 slot_full=3 exact_boss=12 boss=12 grid=6 empty=0 base=14:43:46 diag=ok=1 err=- img=1212180 src=1758x933 ocr=1758x933 lines=38 words=67 text=250
  slot 1 스바르트 [TIMED] [words_compact]=21시간 31분 ; segments=021시간31분 | 남음 -> compact='021시간31분남음' ; prefix_noise='21시간31분' -> '21시간 31분' (repair_noisy_hour_minute) / direct_parse='21시간 31분' => 12:14 스바르트 / 현재=14:43:46 / 남은시간=21시간 31분 / 계산=12:14 / warnings=-
  slot 2 모네가름 [TIMED] [words_compact]=2시간 19분 ; segments=0 | 2시간 | 19분 | 남음 -> compact='02시간19분남음' ; prefix_noise='2시간19분' -> '2시간 19분' (repair_noisy_hour_minute) / direct_parse='2시간 19분' => 17:02 모네가름 / 현재=14:43:46 / 남은시간=2시간 19분 / 계산=17:02 / warnings=-
  slot 3 굴베이그 [TIMED] [words_compact]=2시간 38분 ; segments=2시간 | 38분 | 남음 -> compact='2시간38분남음' ; prefix_noise='2시간38분' -> '2시간 38분' (repair_noisy_hour_minute) / direct_parse='2시간 38분' => 17:21 굴베이그 / 현재=14:43:46 / 남은시간=2시간 38분 / 계산=17:21 / warnings=-
  slot 4 두라스로르 [TIMED] [words]=21시간 46분 ; segments=0 | 21 | 시간 | 46 | = | 남음 -> spaced='0 21 시간 46 = 남음' ; prefix_noise='21 시간 46 =' -> '21시간 46분' (repair_noisy_hour_minute) / direct_parse='21시간 46분' => 12:29 두라스로르 / 현재=14:43:46 / 남은시간=21시간 46분 / 계산=12:29 / warnings=-
  slot 5 드라우그 [TIMED] [words_compact]=19시간 39분 ; segments=0 | 19시간 | 39분 | 남음 -> compact='019시간39분남음' ; prefix_noise='19시간39분' -> '19시간 39분' (repair_noisy_hour_minute) / direct_parse='19시간 39분' => 10:22 드라우그 / 현재=14:43:46 / 남은시간=19시간 39분 / 계산=10:22 / warnings=-
  slot 6 오딘 [TIMED] [words_compact]=6시간 19분 ; segments=6시간 | 19 | = | 남음 -> compact='6시간19=남음' ; prefix_noise='6시간19=' -> '6시간 19분' (repair_noisy_hour_minute) / direct_parse='6시간 19분' => 21:02 오딘 / 현재=14:43:46 / 남은시간=6시간 19분 / 계산=21:02 / warnings=-
[이미지 4] area=무스펠하임 base=14:43:47
  ocr window=0,175,1758,753 area=무스펠하임 best=무스펠하임 reason=fixed_full_name_2plus highlight=- top=0 def=337 def_terms=4 def_boss=4 slot_exact=6 slot_boss=6 slot_match=3 slot_strong=3 slot_full=3 exact_boss=12 boss=14 grid=7 empty=0 base=14:43:47 diag=ok=1 err=- img=1284606 src=1758x933 ocr=1758x933 lines=35 words=67 text=251
  slot 1 메기르 [TIMED] [words_compact]=1일 11시간 ; segments=0 | 1일 | 11시간 | 남음 -> compact='01일11시간남음' ; unit_inferred=1일 11시간 / direct_parse='1일 11시간' => 메기르 1일 11시간 / 현재=14:43:47 / 남은시간=1일 11시간 / 계산=01:43 / warnings=-
  slot 2 헤르가름 [TIMED] [words_compact]=1일 9시간 ; segments=0 | 1일 | 9시간 | 남음 -> compact='01일9시간남음' ; unit_inferred=1일 9시간 / direct_parse='1일 9시간' => 헤르가름 1일 9시간 / 현재=14:43:47 / 남은시간=1일 9시간 / 계산=23:43 / warnings=-
  slot 3 엘드룬 [TIMED] [card_words_group_merge_compact]=4시간 40분 ; card_segments=4시간 | 40분 | 남음 | 0 | 2일 -> merged_compact='4시간40분남음02일' ; prefix_noise='4시간40분2일' -> '4시간 40분' (repair_noisy_hour_minute) / direct_parse='4시간 40분' => 19:23 엘드룬 / 현재=14:43:47 / 남은시간=4시간 40분 / 계산=19:23 / warnings=-
  slot 4 수르트 [UNKNOWN] [words]=19시간 ; segments=19시간 | 남음 -> spaced='19시간 남음' ; parse_failed='19시간' => 수르트 19시간 | 남음 / 현재=14:43:47 / 남은시간=19시간 | 남음 / 계산=- / warnings=시간 해석 실패, 허용되지 않는 시간 구조, 잘못된 단위 꼬리 제거 필요 ('19시간'), 기존 스케쥴 파서 재검증 실패
  slot 5 신마라 [TIMED] [words_compact]=5시간 4분 ; segments=0 | 5시간 | 4분 | 남음 -> compact='05시간4분남음' ; prefix_noise='5시간4분' -> '5시간 4분' (repair_noisy_hour_minute) / direct_parse='5시간 4분' => 19:47 신마라 / 현재=14:43:47 / 남은시간=5시간 4분 / 계산=19:47 / warnings=-
  slot 6 탕그 [TIMED] [words_compact]=4시간 40분 ; segments=0 | 4시간 | 40분 | 남음 -> compact='04시간40분남음' ; prefix_noise='4시간40분' -> '4시간 40분' (repair_noisy_hour_minute) / direct_parse='4시간 40분' => 19:23 탕그 / 현재=14:43:47 / 남은시간=4시간 40분 / 계산=19:23 / warnings=-
  slot 7 우로보로스 [TIMED] [words_compact]=1일 10시간 ; segments=1일 | 10시간 | 남음 -> compact='1일10시간남음' ; unit_inferred=1일 10시간 / direct_parse='1일 10시간' => 우로보로스 1일 10시간 / 현재=14:43:47 / 남은시간=1일 10시간 / 계산=00:43 / warnings=-
[이미지 5] area=아스가르드 base=14:43:49
  ocr window=0,156,1758,838 area=아스가르드 best=아스가르드 reason=fixed_full_name_2plus highlight=- top=0 def=337 def_terms=4 def_boss=4 slot_exact=6 slot_boss=6 slot_match=3 slot_strong=3 slot_full=3 exact_boss=8 boss=8 grid=6 empty=0 base=14:43:49 diag=ok=1 err=- img=1182624 src=1758x933 ocr=1758x933 lines=31 words=57 text=214
  slot 1 발리 [TIMED] [card_line]=1일 6시간 ; card_line='0 1일 6시간 남음' ; direct_parse='1일 6시간' => 발리 1일 6시간 / 현재=14:43:49 / 남은시간=1일 6시간 / 계산=20:43 / warnings=-
  slot 2 샤무크 [TIMED] [card_line]=1일 15시간 ; card_line='0 1일 15시간 남음' ; direct_parse='1일 15시간' => 샤무크 1일 15시간 / 현재=14:43:49 / 남은시간=1일 15시간 / 계산=05:43 / warnings=-
  slot 3 그로아 [TIMED] [card_words]=1일 8시간 ; card_segments=1일 | 8시간 | 남음 -> spaced='1일 8시간 남음' ; direct_parse='1일 8시간' => 그로아 1일 8시간 / 현재=14:43:49 / 남은시간=1일 8시간 / 계산=22:43 / warnings=-
  slot 4 노트 [TIMED] [card_line]=1일 12시간 ; card_line='0 1일 12시간남음' ; direct_parse='1일 12시간' => 노트 1일 12시간 / 현재=14:43:49 / 남은시간=1일 12시간 / 계산=02:43 / warnings=-
  slot 5 스칼드메르 [TIMED] [card_line]=1일 9시간 ; card_line='0 1일 9시간 남음' ; direct_parse='1일 9시간' => 스칼드메르 1일 9시간 / 현재=14:43:49 / 남은시간=1일 9시간 / 계산=23:43 / warnings=-
  slot 6 미미르 [TIMED] [card_words]=2일 22시간 ; card_segments=2일 | 22시간 | 남음 -> spaced='2일 22시간 남음' ; direct_parse='2일 22시간' => 미미르 2일 22시간 / 현재=14:43:49 / 남은시간=2일 22시간 / 계산=12:43 / warnings=-
[이미지 6] area=니플하임 base=14:43:50
  ocr window=0,156,1758,838 area=니플하임 best=니플하임 reason=fixed_full_name_2plus highlight=- top=0 def=234 def_terms=3 def_boss=3 slot_exact=4 slot_boss=4 slot_match=2 slot_strong=2 slot_full=2 exact_boss=8 boss=8 grid=5 empty=0 base=14:43:50 diag=ok=1 err=- img=1066499 src=1758x933 ocr=1758x933 lines=30 words=50 text=194
  slot 1 히로킨 [TIMED] [card_line]=2일 10시간 ; card_line='0 2일 10시간 남음' ; direct_parse='2일 10시간' => 히로킨 2일 10시간 / 현재=14:43:50 / 남은시간=2일 10시간 / 계산=00:43 / warnings=-
  slot 2 헤이드 [TIMED] [card_line]=2일 11시간 ; card_line='0 2일 11시간 남음' ; direct_parse='2일 11시간' => 헤이드 2일 11시간 / 현재=14:43:50 / 남은시간=2일 11시간 / 계산=01:43 / warnings=-
  slot 3 이미르 [TIMED] [card_words]=4일 11시간 ; card_segments=4일 | 11시간 | 남음 -> spaced='4일 11시간 남음' ; direct_parse='4일 11시간' => 이미르 4일 11시간 / 현재=14:43:50 / 남은시간=4일 11시간 / 계산=01:43 / warnings=-
  slot 4 호드 [TIMED] [card_line]=4시간 49분 ; card_line='0 4시간 49분 남음' ; direct_parse='4시간 49분' => 19:32 호드 / 현재=14:43:50 / 남은시간=4시간 49분 / 계산=19:32 / warnings=-
  slot 5 프레이 [ACTIVE] [card_line]=출현 중 ; card_line='0 출현 중' ; presence_detected => 프레이 출현 중 / 현재=14:43:50 / 남은시간=출현 중 / 계산=- / warnings=-
[이미지 7] area=바나하임 base=14:43:51
  ocr window=0,155,1758,842 area=바나하임 best=바나하임 reason=grid_shape highlight=- top=0 def=28 def_terms=1 def_boss=1 slot_exact=2 slot_boss=2 slot_match=1 slot_strong=1 slot_full=1 exact_boss=0 boss=0 grid=5 empty=0 base=14:43:51 diag=ok=1 err=- img=1094511 src=1758x933 ocr=1758x933 lines=28 words=44 text=167
  slot 1 엘디르 [ACTIVE] [card_line]=출현 중 ; card_line='0 출현 중' ; presence_detected => 엘디르 출현 중 / 현재=14:43:51 / 남은시간=출현 중 / 계산=- / warnings=-
  slot 2 스쿨드 [ACTIVE] [card_line]=출현 중 ; card_line='0 출현 중' ; presence_detected => 스쿨드 출현 중 / 현재=14:43:51 / 남은시간=출현 중 / 계산=- / warnings=-
  slot 3 에기르 [ACTIVE] [card_words]=출현 중 ; card_segments=출현 | 중 -> spaced='출현 중' ; presence_detected => 에기르 출현 중 / 현재=14:43:51 / 남은시간=출현 중 / 계산=- / warnings=-
  slot 4 안나 [ACTIVE] [card_line]=출현 중 ; card_line='0 출현 중' ; presence_detected => 안나 출현 중 / 현재=14:43:51 / 남은시간=출현 중 / 계산=- / warnings=-
  slot 5 스카디 [ACTIVE] [card_line]=출현 중 ; card_line='0 출현 중' ; presence_detected => 스카디 출현 중 / 현재=14:43:51 / 남은시간=출현 중 / 계산=- / warnings=-

[2026-05-09 14:44:26] mode=ocr
[이미지 1] area=요툰하임 base=14:43:42
  ocr window=0,175,1758,753 area=요툰하임 best=요툰하임 reason=fixed_full_name_2plus highlight=- top=0 def=440 def_terms=5 def_boss=5 slot_exact=10 slot_boss=10 slot_match=5 slot_strong=5 slot_full=5 exact_boss=16 boss=16 grid=8 empty=0 base=14:43:42 diag=ok=1 err=- img=1446373 src=1758x933 ocr=1758x933 lines=40 words=80 text=285
  slot 1 파르바 [TIMED] [words_compact]=11시간 7분 ; segments=0 | 11시간 | 7분 | 남음 -> compact='011시간7분남음' ; prefix_noise='11시간7분' -> '11시간 7분' (repair_noisy_hour_minute) / direct_parse='11시간 7분' => 01:50 파르바 / 현재=14:43:42 / 남은시간=11시간 7분 / 계산=01:50 / warnings=-
  slot 2 흐니르 [TIMED] [words_compact]=9시간 0분 ; segments=0 | 9시간 | 0분 | 남음 -> compact='09시간0분남음' ; prefix_noise='9시간0분' -> '9시간 0분' (repair_noisy_hour_minute) / direct_parse='9시간 0분' => 23:43 흐니르 / 현재=14:43:42 / 남은시간=9시간 0분 / 계산=23:43 / warnings=-
  slot 3 바우티 [TIMED] [card_words_group_merge]=10시간 28분 ; card_segments=10시간 | 28 | = | - | 남음 | 0 | 9시간 -> merged_spaced='10시간 28 = - 남음 0 9시간' ; prefix_noise='10시간 28 = - 0 9시간' -> '10시간 28분' (repair_noisy_hour_minute) / direct_parse='10시간 28분' => 01:11 바우티 / 현재=14:43:42 / 남은시간=10시간 28분 / 계산=01:11 / warnings=-
  slot 4 야른 [TIMED] [words_compact]=9시간 21분 ; segments=9시간 | 21분 | 남음 -> compact='9시간21분남음' ; prefix_noise='9시간21분' -> '9시간 21분' (repair_noisy_hour_minute) / direct_parse='9시간 21분' => 00:04 야른 / 현재=14:43:42 / 남은시간=9시간 21분 / 계산=00:04 / warnings=-
  slot 5 셀로비아 [TIMED] [words]=10시간 56분 ; segments=0 | 10시간 | 56 | 분 | 남음 -> spaced='0 10시간 56 분 남음' ; prefix_noise='10시간 56 분' -> '10시간 56분' (repair_noisy_hour_minute) / direct_parse='10시간 56분' => 01:39 셀로비아 / 현재=14:43:42 / 남은시간=10시간 56분 / 계산=01:39 / warnings=-
  slot 6 페티 [TIMED] [words_split_digits]=8시간 28분 ; segments=0 | 8 | 시간 | 28 | = | 남음 -> merged_digits='08 시간 28 = 남음' ; prefix_noise='8시간 28 =' -> '8시간 28분' (repair_noisy_hour_minute) / direct_parse='8시간 28분' => 23:11 페티 / 현재=14:43:42 / 남은시간=8시간 28분 / 계산=23:11 / warnings=-
  slot 7 니드호그 [TIMED] [card_words_group_merge]=10시간 0분 ; card_segments=10 | 시간 | 0 | = | “ | 남음 | 0 | 8시간 -> merged_spaced='10 시간 0 = “ 남음 0 8시간' ; prefix_noise='10 시간 0 = “ 0 8시간' -> '10시간 0분' (repair_noisy_hour_minute) / direct_parse='10시간 0분' => 00:43 니드호그 / 현재=14:43:42 / 남은시간=10시간 0분 / 계산=00:43 / warnings=-
  slot 8 티르 [TIMED] [words_compact]=8시간 27분 ; segments=8시간 | 27분 | 남음 -> compact='8시간27분남음' ; prefix_noise='8시간27분' -> '8시간 27분' (repair_noisy_hour_minute) / direct_parse='8시간 27분' => 23:10 티르 / 현재=14:43:42 / 남은시간=8시간 27분 / 계산=23:10 / warnings=-
[이미지 2] area=니다벨리르 base=14:43:45
  ocr window=0,155,1758,842 area=니다벨리르 best=니다벨리르 reason=fixed_definition_overlap highlight=- top=0 def=131 def_terms=2 def_boss=2 slot_exact=2 slot_boss=2 slot_match=1 slot_strong=1 slot_full=1 exact_boss=4 boss=4 grid=8 empty=0 base=14:43:45 diag=ok=1 err=- img=1411190 src=1758x933 ocr=1758x933 lines=33 words=63 text=238
  slot 1 라이노르 [TIMED] [card_words]=10시간 54분 ; card_segments=0 | 10시간 | 54분 -> spaced='0 10시간 54분' ; direct_parse='10시간 54분' => 01:37 라이노르 / 현재=14:43:45 / 남은시간=10시간 54분 / 계산=01:37 / warnings=-
  slot 2 헤르모드 [TIMED] [card_line]=7시간 18분 ; card_line='0 7시간 18분 남음' ; direct_parse='7시간 18분' => 22:01 헤르모드 / 현재=14:43:45 / 남은시간=7시간 18분 / 계산=22:01 / warnings=-
  slot 3 브륀힐드 [TIMED] [card_words_group_merge_compact]=7시간 18분 ; card_segments=7시간 | 18분 | 남음 | 0 | 7시간 -> merged_compact='7시간18분남음07시간' ; prefix_noise='7시간18분7시간' -> '7시간 18분' (repair_noisy_hour_minute) / direct_parse='7시간 18분' => 22:01 브륀힐드 / 현재=14:43:45 / 남은시간=7시간 18분 / 계산=22:01 / warnings=-
  slot 4 수드리 [UNKNOWN] [slot]=수드리 확인 필요 => 수드리 확인 필요 / 현재=14:43:45 / 남은시간=확인 필요 / 계산=- / warnings=시간 해석 실패, TIMER_NOT_FOUND, 기존 스케쥴 파서 재검증 실패
  slot 5 비요른 [TIMED] [card_words_split_digits]=7시간 18분 ; card_segments=0 | 7 | 시간 | 18 | = | 남음 -> merged_digits='07 시간 18 = 남음' ; prefix_noise='7시간 18 =' -> '7시간 18분' (repair_noisy_hour_minute) / direct_parse='7시간 18분' => 22:01 비요른 / 현재=14:43:45 / 남은시간=7시간 18분 / 계산=22:01 / warnings=-
  slot 6 스칼라니르 [TIMED] [card_words]=10시간 36분 ; card_segments=0 | 10시간 | 36 | 분 | 남음 -> spaced='0 10시간 36 분 남음' ; prefix_noise='10시간 36 분' -> '10시간 36분' (repair_noisy_hour_minute) / direct_parse='10시간 36분' => 01:19 스칼라니르 / 현재=14:43:45 / 남은시간=10시간 36분 / 계산=01:19 / warnings=-
  slot 7 라타토스크 [TIMED] [card_words_group_merge_compact]=9시간 9분 ; card_segments=9시간 | 9분 | 남음 | 0 | 2일 -> merged_compact='9시간9분남음02일' ; prefix_noise='9시간9분2일' -> '9시간 9분' (repair_noisy_hour_minute) / direct_parse='9시간 9분' => 23:52 라타토스크 / 현재=14:43:45 / 남은시간=9시간 9분 / 계산=23:52 / warnings=-
  slot 8 토르 [UNKNOWN] [slot]=토르 확인 필요 => 토르 확인 필요 / 현재=14:43:45 / 남은시간=확인 필요 / 계산=- / warnings=시간 해석 실패, TIMER_NOT_FOUND, 기존 스케쥴 파서 재검증 실패
[이미지 3] area=알브하임 base=14:43:46
  ocr window=0,175,1758,752 area=알브하임 best=알브하임 reason=fixed_full_name_2plus highlight=- top=0 def=337 def_terms=4 def_boss=4 slot_exact=6 slot_boss=6 slot_match=3 slot_strong=3 slot_full=3 exact_boss=12 boss=12 grid=6 empty=0 base=14:43:46 diag=ok=1 err=- img=1212180 src=1758x933 ocr=1758x933 lines=38 words=67 text=250
  slot 1 스바르트 [TIMED] [words_compact]=21시간 31분 ; segments=021시간31분 | 남음 -> compact='021시간31분남음' ; prefix_noise='21시간31분' -> '21시간 31분' (repair_noisy_hour_minute) / direct_parse='21시간 31분' => 12:14 스바르트 / 현재=14:43:46 / 남은시간=21시간 31분 / 계산=12:14 / warnings=-
  slot 2 모네가름 [TIMED] [words_compact]=2시간 19분 ; segments=0 | 2시간 | 19분 | 남음 -> compact='02시간19분남음' ; prefix_noise='2시간19분' -> '2시간 19분' (repair_noisy_hour_minute) / direct_parse='2시간 19분' => 17:02 모네가름 / 현재=14:43:46 / 남은시간=2시간 19분 / 계산=17:02 / warnings=-
  slot 3 굴베이그 [TIMED] [words_compact]=2시간 38분 ; segments=2시간 | 38분 | 남음 -> compact='2시간38분남음' ; prefix_noise='2시간38분' -> '2시간 38분' (repair_noisy_hour_minute) / direct_parse='2시간 38분' => 17:21 굴베이그 / 현재=14:43:46 / 남은시간=2시간 38분 / 계산=17:21 / warnings=-
  slot 4 두라스로르 [TIMED] [words]=21시간 46분 ; segments=0 | 21 | 시간 | 46 | = | 남음 -> spaced='0 21 시간 46 = 남음' ; prefix_noise='21 시간 46 =' -> '21시간 46분' (repair_noisy_hour_minute) / direct_parse='21시간 46분' => 12:29 두라스로르 / 현재=14:43:46 / 남은시간=21시간 46분 / 계산=12:29 / warnings=-
  slot 5 드라우그 [TIMED] [words_compact]=19시간 39분 ; segments=0 | 19시간 | 39분 | 남음 -> compact='019시간39분남음' ; prefix_noise='19시간39분' -> '19시간 39분' (repair_noisy_hour_minute) / direct_parse='19시간 39분' => 10:22 드라우그 / 현재=14:43:46 / 남은시간=19시간 39분 / 계산=10:22 / warnings=-
  slot 6 오딘 [TIMED] [words_compact]=6시간 19분 ; segments=6시간 | 19 | = | 남음 -> compact='6시간19=남음' ; prefix_noise='6시간19=' -> '6시간 19분' (repair_noisy_hour_minute) / direct_parse='6시간 19분' => 21:02 오딘 / 현재=14:43:46 / 남은시간=6시간 19분 / 계산=21:02 / warnings=-
[이미지 4] area=무스펠하임 base=14:43:47
  ocr window=0,175,1758,753 area=무스펠하임 best=무스펠하임 reason=fixed_full_name_2plus highlight=- top=0 def=337 def_terms=4 def_boss=4 slot_exact=6 slot_boss=6 slot_match=3 slot_strong=3 slot_full=3 exact_boss=12 boss=14 grid=7 empty=0 base=14:43:47 diag=ok=1 err=- img=1284606 src=1758x933 ocr=1758x933 lines=35 words=67 text=251
  slot 1 메기르 [TIMED] [words_compact]=1일 11시간 ; segments=0 | 1일 | 11시간 | 남음 -> compact='01일11시간남음' ; unit_inferred=1일 11시간 / direct_parse='1일 11시간' => 메기르 1일 11시간 / 현재=14:43:47 / 남은시간=1일 11시간 / 계산=01:43 / warnings=-
  slot 2 헤르가름 [TIMED] [words_compact]=1일 9시간 ; segments=0 | 1일 | 9시간 | 남음 -> compact='01일9시간남음' ; unit_inferred=1일 9시간 / direct_parse='1일 9시간' => 헤르가름 1일 9시간 / 현재=14:43:47 / 남은시간=1일 9시간 / 계산=23:43 / warnings=-
  slot 3 엘드룬 [TIMED] [card_words_group_merge_compact]=4시간 40분 ; card_segments=4시간 | 40분 | 남음 | 0 | 2일 -> merged_compact='4시간40분남음02일' ; prefix_noise='4시간40분2일' -> '4시간 40분' (repair_noisy_hour_minute) / direct_parse='4시간 40분' => 19:23 엘드룬 / 현재=14:43:47 / 남은시간=4시간 40분 / 계산=19:23 / warnings=-
  slot 4 수르트 [UNKNOWN] [words]=19시간 ; segments=19시간 | 남음 -> spaced='19시간 남음' ; parse_failed='19시간' => 수르트 19시간 | 남음 / 현재=14:43:47 / 남은시간=19시간 | 남음 / 계산=- / warnings=시간 해석 실패, 허용되지 않는 시간 구조, 잘못된 단위 꼬리 제거 필요 ('19시간'), 기존 스케쥴 파서 재검증 실패
  slot 5 신마라 [TIMED] [words_compact]=5시간 4분 ; segments=0 | 5시간 | 4분 | 남음 -> compact='05시간4분남음' ; prefix_noise='5시간4분' -> '5시간 4분' (repair_noisy_hour_minute) / direct_parse='5시간 4분' => 19:47 신마라 / 현재=14:43:47 / 남은시간=5시간 4분 / 계산=19:47 / warnings=-
  slot 6 탕그 [TIMED] [words_compact]=4시간 40분 ; segments=0 | 4시간 | 40분 | 남음 -> compact='04시간40분남음' ; prefix_noise='4시간40분' -> '4시간 40분' (repair_noisy_hour_minute) / direct_parse='4시간 40분' => 19:23 탕그 / 현재=14:43:47 / 남은시간=4시간 40분 / 계산=19:23 / warnings=-
  slot 7 우로보로스 [TIMED] [words_compact]=1일 10시간 ; segments=1일 | 10시간 | 남음 -> compact='1일10시간남음' ; unit_inferred=1일 10시간 / direct_parse='1일 10시간' => 우로보로스 1일 10시간 / 현재=14:43:47 / 남은시간=1일 10시간 / 계산=00:43 / warnings=-
[이미지 5] area=아스가르드 base=14:43:49
  ocr window=0,156,1758,838 area=아스가르드 best=아스가르드 reason=fixed_full_name_2plus highlight=- top=0 def=337 def_terms=4 def_boss=4 slot_exact=6 slot_boss=6 slot_match=3 slot_strong=3 slot_full=3 exact_boss=8 boss=8 grid=6 empty=0 base=14:43:49 diag=ok=1 err=- img=1182624 src=1758x933 ocr=1758x933 lines=31 words=57 text=214
  slot 1 발리 [TIMED] [card_line]=1일 6시간 ; card_line='0 1일 6시간 남음' ; direct_parse='1일 6시간' => 발리 1일 6시간 / 현재=14:43:49 / 남은시간=1일 6시간 / 계산=20:43 / warnings=-
  slot 2 샤무크 [TIMED] [card_line]=1일 15시간 ; card_line='0 1일 15시간 남음' ; direct_parse='1일 15시간' => 샤무크 1일 15시간 / 현재=14:43:49 / 남은시간=1일 15시간 / 계산=05:43 / warnings=-
  slot 3 그로아 [TIMED] [card_words]=1일 8시간 ; card_segments=1일 | 8시간 | 남음 -> spaced='1일 8시간 남음' ; direct_parse='1일 8시간' => 그로아 1일 8시간 / 현재=14:43:49 / 남은시간=1일 8시간 / 계산=22:43 / warnings=-
  slot 4 노트 [TIMED] [card_line]=1일 12시간 ; card_line='0 1일 12시간남음' ; direct_parse='1일 12시간' => 노트 1일 12시간 / 현재=14:43:49 / 남은시간=1일 12시간 / 계산=02:43 / warnings=-
  slot 5 스칼드메르 [TIMED] [card_line]=1일 9시간 ; card_line='0 1일 9시간 남음' ; direct_parse='1일 9시간' => 스칼드메르 1일 9시간 / 현재=14:43:49 / 남은시간=1일 9시간 / 계산=23:43 / warnings=-
  slot 6 미미르 [TIMED] [card_words]=2일 22시간 ; card_segments=2일 | 22시간 | 남음 -> spaced='2일 22시간 남음' ; direct_parse='2일 22시간' => 미미르 2일 22시간 / 현재=14:43:49 / 남은시간=2일 22시간 / 계산=12:43 / warnings=-
[이미지 6] area=니플하임 base=14:43:50
  ocr window=0,156,1758,838 area=니플하임 best=니플하임 reason=fixed_full_name_2plus highlight=- top=0 def=234 def_terms=3 def_boss=3 slot_exact=4 slot_boss=4 slot_match=2 slot_strong=2 slot_full=2 exact_boss=8 boss=8 grid=5 empty=0 base=14:43:50 diag=ok=1 err=- img=1066499 src=1758x933 ocr=1758x933 lines=30 words=50 text=194
  slot 1 히로킨 [TIMED] [card_line]=2일 10시간 ; card_line='0 2일 10시간 남음' ; direct_parse='2일 10시간' => 히로킨 2일 10시간 / 현재=14:43:50 / 남은시간=2일 10시간 / 계산=00:43 / warnings=-
  slot 2 헤이드 [TIMED] [card_line]=2일 11시간 ; card_line='0 2일 11시간 남음' ; direct_parse='2일 11시간' => 헤이드 2일 11시간 / 현재=14:43:50 / 남은시간=2일 11시간 / 계산=01:43 / warnings=-
  slot 3 이미르 [TIMED] [card_words]=4일 11시간 ; card_segments=4일 | 11시간 | 남음 -> spaced='4일 11시간 남음' ; direct_parse='4일 11시간' => 이미르 4일 11시간 / 현재=14:43:50 / 남은시간=4일 11시간 / 계산=01:43 / warnings=-
  slot 4 호드 [TIMED] [card_line]=4시간 49분 ; card_line='0 4시간 49분 남음' ; direct_parse='4시간 49분' => 19:32 호드 / 현재=14:43:50 / 남은시간=4시간 49분 / 계산=19:32 / warnings=-
  slot 5 프레이 [ACTIVE] [card_line]=출현 중 ; card_line='0 출현 중' ; presence_detected => 프레이 출현 중 / 현재=14:43:50 / 남은시간=출현 중 / 계산=- / warnings=-
[이미지 7] area=바나하임 base=14:43:51
  ocr window=0,155,1758,842 area=바나하임 best=바나하임 reason=grid_shape highlight=- top=0 def=28 def_terms=1 def_boss=1 slot_exact=2 slot_boss=2 slot_match=1 slot_strong=1 slot_full=1 exact_boss=0 boss=0 grid=5 empty=0 base=14:43:51 diag=ok=1 err=- img=1094511 src=1758x933 ocr=1758x933 lines=28 words=44 text=167
  slot 1 엘디르 [ACTIVE] [card_line]=출현 중 ; card_line='0 출현 중' ; presence_detected => 엘디르 출현 중 / 현재=14:43:51 / 남은시간=출현 중 / 계산=- / warnings=-
  slot 2 스쿨드 [ACTIVE] [card_line]=출현 중 ; card_line='0 출현 중' ; presence_detected => 스쿨드 출현 중 / 현재=14:43:51 / 남은시간=출현 중 / 계산=- / warnings=-
  slot 3 에기르 [ACTIVE] [card_words]=출현 중 ; card_segments=출현 | 중 -> spaced='출현 중' ; presence_detected => 에기르 출현 중 / 현재=14:43:51 / 남은시간=출현 중 / 계산=- / warnings=-
  slot 4 안나 [ACTIVE] [card_line]=출현 중 ; card_line='0 출현 중' ; presence_detected => 안나 출현 중 / 현재=14:43:51 / 남은시간=출현 중 / 계산=- / warnings=-
  slot 5 스카디 [ACTIVE] [card_line]=출현 중 ; card_line='0 출현 중' ; presence_detected => 스카디 출현 중 / 현재=14:43:51 / 남은시간=출현 중 / 계산=- / warnings=-

[2026-05-09 14:44:42] mode=ocr
[이미지 1] area=요툰하임 base=14:43:42
  ocr window=0,175,1758,753 area=요툰하임 best=요툰하임 reason=fixed_full_name_2plus highlight=- top=0 def=440 def_terms=5 def_boss=5 slot_exact=10 slot_boss=10 slot_match=5 slot_strong=5 slot_full=5 exact_boss=16 boss=16 grid=8 empty=0 base=14:43:42 diag=ok=1 err=- img=1446373 src=1758x933 ocr=1758x933 lines=40 words=80 text=285
  slot 1 파르바 [TIMED] [words_compact]=11시간 7분 ; segments=0 | 11시간 | 7분 | 남음 -> compact='011시간7분남음' ; prefix_noise='11시간7분' -> '11시간 7분' (repair_noisy_hour_minute) / direct_parse='11시간 7분' => 01:50 파르바 / 현재=14:43:42 / 남은시간=11시간 7분 / 계산=01:50 / warnings=-
  slot 2 흐니르 [TIMED] [words_compact]=9시간 0분 ; segments=0 | 9시간 | 0분 | 남음 -> compact='09시간0분남음' ; prefix_noise='9시간0분' -> '9시간 0분' (repair_noisy_hour_minute) / direct_parse='9시간 0분' => 23:43 흐니르 / 현재=14:43:42 / 남은시간=9시간 0분 / 계산=23:43 / warnings=-
  slot 3 바우티 [TIMED] [card_words_group_merge]=10시간 28분 ; card_segments=10시간 | 28 | = | - | 남음 | 0 | 9시간 -> merged_spaced='10시간 28 = - 남음 0 9시간' ; prefix_noise='10시간 28 = - 0 9시간' -> '10시간 28분' (repair_noisy_hour_minute) / direct_parse='10시간 28분' => 01:11 바우티 / 현재=14:43:42 / 남은시간=10시간 28분 / 계산=01:11 / warnings=-
  slot 4 야른 [TIMED] [words_compact]=9시간 21분 ; segments=9시간 | 21분 | 남음 -> compact='9시간21분남음' ; prefix_noise='9시간21분' -> '9시간 21분' (repair_noisy_hour_minute) / direct_parse='9시간 21분' => 00:04 야른 / 현재=14:43:42 / 남은시간=9시간 21분 / 계산=00:04 / warnings=-
  slot 5 셀로비아 [TIMED] [words]=10시간 56분 ; segments=0 | 10시간 | 56 | 분 | 남음 -> spaced='0 10시간 56 분 남음' ; prefix_noise='10시간 56 분' -> '10시간 56분' (repair_noisy_hour_minute) / direct_parse='10시간 56분' => 01:39 셀로비아 / 현재=14:43:42 / 남은시간=10시간 56분 / 계산=01:39 / warnings=-
  slot 6 페티 [TIMED] [words_split_digits]=8시간 28분 ; segments=0 | 8 | 시간 | 28 | = | 남음 -> merged_digits='08 시간 28 = 남음' ; prefix_noise='8시간 28 =' -> '8시간 28분' (repair_noisy_hour_minute) / direct_parse='8시간 28분' => 23:11 페티 / 현재=14:43:42 / 남은시간=8시간 28분 / 계산=23:11 / warnings=-
  slot 7 니드호그 [TIMED] [card_words_group_merge]=10시간 0분 ; card_segments=10 | 시간 | 0 | = | “ | 남음 | 0 | 8시간 -> merged_spaced='10 시간 0 = “ 남음 0 8시간' ; prefix_noise='10 시간 0 = “ 0 8시간' -> '10시간 0분' (repair_noisy_hour_minute) / direct_parse='10시간 0분' => 00:43 니드호그 / 현재=14:43:42 / 남은시간=10시간 0분 / 계산=00:43 / warnings=-
  slot 8 티르 [TIMED] [words_compact]=8시간 27분 ; segments=8시간 | 27분 | 남음 -> compact='8시간27분남음' ; prefix_noise='8시간27분' -> '8시간 27분' (repair_noisy_hour_minute) / direct_parse='8시간 27분' => 23:10 티르 / 현재=14:43:42 / 남은시간=8시간 27분 / 계산=23:10 / warnings=-
[이미지 2] area=니다벨리르 base=14:43:45
  ocr window=0,155,1758,842 area=니다벨리르 best=니다벨리르 reason=fixed_definition_overlap highlight=- top=0 def=131 def_terms=2 def_boss=2 slot_exact=2 slot_boss=2 slot_match=1 slot_strong=1 slot_full=1 exact_boss=4 boss=4 grid=8 empty=0 base=14:43:45 diag=ok=1 err=- img=1411190 src=1758x933 ocr=1758x933 lines=33 words=63 text=238
  slot 1 라이노르 [TIMED] [card_words]=10시간 54분 ; card_segments=0 | 10시간 | 54분 -> spaced='0 10시간 54분' ; direct_parse='10시간 54분' => 01:37 라이노르 / 현재=14:43:45 / 남은시간=10시간 54분 / 계산=01:37 / warnings=-
  slot 2 헤르모드 [TIMED] [card_line]=7시간 18분 ; card_line='0 7시간 18분 남음' ; direct_parse='7시간 18분' => 22:01 헤르모드 / 현재=14:43:45 / 남은시간=7시간 18분 / 계산=22:01 / warnings=-
  slot 3 브륀힐드 [TIMED] [card_words_group_merge_compact]=7시간 18분 ; card_segments=7시간 | 18분 | 남음 | 0 | 7시간 -> merged_compact='7시간18분남음07시간' ; prefix_noise='7시간18분7시간' -> '7시간 18분' (repair_noisy_hour_minute) / direct_parse='7시간 18분' => 22:01 브륀힐드 / 현재=14:43:45 / 남은시간=7시간 18분 / 계산=22:01 / warnings=-
  slot 4 수드리 [UNKNOWN] [slot]=수드리 확인 필요 => 수드리 확인 필요 / 현재=14:43:45 / 남은시간=확인 필요 / 계산=- / warnings=시간 해석 실패, TIMER_NOT_FOUND, 기존 스케쥴 파서 재검증 실패
  slot 5 비요른 [TIMED] [card_words_split_digits]=7시간 18분 ; card_segments=0 | 7 | 시간 | 18 | = | 남음 -> merged_digits='07 시간 18 = 남음' ; prefix_noise='7시간 18 =' -> '7시간 18분' (repair_noisy_hour_minute) / direct_parse='7시간 18분' => 22:01 비요른 / 현재=14:43:45 / 남은시간=7시간 18분 / 계산=22:01 / warnings=-
  slot 6 스칼라니르 [TIMED] [card_words]=10시간 36분 ; card_segments=0 | 10시간 | 36 | 분 | 남음 -> spaced='0 10시간 36 분 남음' ; prefix_noise='10시간 36 분' -> '10시간 36분' (repair_noisy_hour_minute) / direct_parse='10시간 36분' => 01:19 스칼라니르 / 현재=14:43:45 / 남은시간=10시간 36분 / 계산=01:19 / warnings=-
  slot 7 라타토스크 [TIMED] [card_words_group_merge_compact]=9시간 9분 ; card_segments=9시간 | 9분 | 남음 | 0 | 2일 -> merged_compact='9시간9분남음02일' ; prefix_noise='9시간9분2일' -> '9시간 9분' (repair_noisy_hour_minute) / direct_parse='9시간 9분' => 23:52 라타토스크 / 현재=14:43:45 / 남은시간=9시간 9분 / 계산=23:52 / warnings=-
  slot 8 토르 [UNKNOWN] [slot]=토르 확인 필요 => 토르 확인 필요 / 현재=14:43:45 / 남은시간=확인 필요 / 계산=- / warnings=시간 해석 실패, TIMER_NOT_FOUND, 기존 스케쥴 파서 재검증 실패
[이미지 3] area=알브하임 base=14:43:46
  ocr window=0,175,1758,752 area=알브하임 best=알브하임 reason=fixed_full_name_2plus highlight=- top=0 def=337 def_terms=4 def_boss=4 slot_exact=6 slot_boss=6 slot_match=3 slot_strong=3 slot_full=3 exact_boss=12 boss=12 grid=6 empty=0 base=14:43:46 diag=ok=1 err=- img=1212180 src=1758x933 ocr=1758x933 lines=38 words=67 text=250
  slot 1 스바르트 [TIMED] [words_compact]=21시간 31분 ; segments=021시간31분 | 남음 -> compact='021시간31분남음' ; prefix_noise='21시간31분' -> '21시간 31분' (repair_noisy_hour_minute) / direct_parse='21시간 31분' => 12:14 스바르트 / 현재=14:43:46 / 남은시간=21시간 31분 / 계산=12:14 / warnings=-
  slot 2 모네가름 [TIMED] [words_compact]=2시간 19분 ; segments=0 | 2시간 | 19분 | 남음 -> compact='02시간19분남음' ; prefix_noise='2시간19분' -> '2시간 19분' (repair_noisy_hour_minute) / direct_parse='2시간 19분' => 17:02 모네가름 / 현재=14:43:46 / 남은시간=2시간 19분 / 계산=17:02 / warnings=-
  slot 3 굴베이그 [TIMED] [words_compact]=2시간 38분 ; segments=2시간 | 38분 | 남음 -> compact='2시간38분남음' ; prefix_noise='2시간38분' -> '2시간 38분' (repair_noisy_hour_minute) / direct_parse='2시간 38분' => 17:21 굴베이그 / 현재=14:43:46 / 남은시간=2시간 38분 / 계산=17:21 / warnings=-
  slot 4 두라스로르 [TIMED] [words]=21시간 46분 ; segments=0 | 21 | 시간 | 46 | = | 남음 -> spaced='0 21 시간 46 = 남음' ; prefix_noise='21 시간 46 =' -> '21시간 46분' (repair_noisy_hour_minute) / direct_parse='21시간 46분' => 12:29 두라스로르 / 현재=14:43:46 / 남은시간=21시간 46분 / 계산=12:29 / warnings=-
  slot 5 드라우그 [TIMED] [words_compact]=19시간 39분 ; segments=0 | 19시간 | 39분 | 남음 -> compact='019시간39분남음' ; prefix_noise='19시간39분' -> '19시간 39분' (repair_noisy_hour_minute) / direct_parse='19시간 39분' => 10:22 드라우그 / 현재=14:43:46 / 남은시간=19시간 39분 / 계산=10:22 / warnings=-
  slot 6 오딘 [TIMED] [words_compact]=6시간 19분 ; segments=6시간 | 19 | = | 남음 -> compact='6시간19=남음' ; prefix_noise='6시간19=' -> '6시간 19분' (repair_noisy_hour_minute) / direct_parse='6시간 19분' => 21:02 오딘 / 현재=14:43:46 / 남은시간=6시간 19분 / 계산=21:02 / warnings=-
[이미지 4] area=무스펠하임 base=14:43:47
  ocr window=0,175,1758,753 area=무스펠하임 best=무스펠하임 reason=fixed_full_name_2plus highlight=- top=0 def=337 def_terms=4 def_boss=4 slot_exact=6 slot_boss=6 slot_match=3 slot_strong=3 slot_full=3 exact_boss=12 boss=14 grid=7 empty=0 base=14:43:47 diag=ok=1 err=- img=1284606 src=1758x933 ocr=1758x933 lines=35 words=67 text=251
  slot 1 메기르 [TIMED] [words_compact]=1일 11시간 ; segments=0 | 1일 | 11시간 | 남음 -> compact='01일11시간남음' ; unit_inferred=1일 11시간 / direct_parse='1일 11시간' => 메기르 1일 11시간 / 현재=14:43:47 / 남은시간=1일 11시간 / 계산=01:43 / warnings=-
  slot 2 헤르가름 [TIMED] [words_compact]=1일 9시간 ; segments=0 | 1일 | 9시간 | 남음 -> compact='01일9시간남음' ; unit_inferred=1일 9시간 / direct_parse='1일 9시간' => 헤르가름 1일 9시간 / 현재=14:43:47 / 남은시간=1일 9시간 / 계산=23:43 / warnings=-
  slot 3 엘드룬 [TIMED] [card_words_group_merge_compact]=4시간 40분 ; card_segments=4시간 | 40분 | 남음 | 0 | 2일 -> merged_compact='4시간40분남음02일' ; prefix_noise='4시간40분2일' -> '4시간 40분' (repair_noisy_hour_minute) / direct_parse='4시간 40분' => 19:23 엘드룬 / 현재=14:43:47 / 남은시간=4시간 40분 / 계산=19:23 / warnings=-
  slot 4 수르트 [UNKNOWN] [words]=19시간 ; segments=19시간 | 남음 -> spaced='19시간 남음' ; parse_failed='19시간' => 수르트 19시간 | 남음 / 현재=14:43:47 / 남은시간=19시간 | 남음 / 계산=- / warnings=시간 해석 실패, 허용되지 않는 시간 구조, 잘못된 단위 꼬리 제거 필요 ('19시간'), 기존 스케쥴 파서 재검증 실패
  slot 5 신마라 [TIMED] [words_compact]=5시간 4분 ; segments=0 | 5시간 | 4분 | 남음 -> compact='05시간4분남음' ; prefix_noise='5시간4분' -> '5시간 4분' (repair_noisy_hour_minute) / direct_parse='5시간 4분' => 19:47 신마라 / 현재=14:43:47 / 남은시간=5시간 4분 / 계산=19:47 / warnings=-
  slot 6 탕그 [TIMED] [words_compact]=4시간 40분 ; segments=0 | 4시간 | 40분 | 남음 -> compact='04시간40분남음' ; prefix_noise='4시간40분' -> '4시간 40분' (repair_noisy_hour_minute) / direct_parse='4시간 40분' => 19:23 탕그 / 현재=14:43:47 / 남은시간=4시간 40분 / 계산=19:23 / warnings=-
  slot 7 우로보로스 [TIMED] [words_compact]=1일 10시간 ; segments=1일 | 10시간 | 남음 -> compact='1일10시간남음' ; unit_inferred=1일 10시간 / direct_parse='1일 10시간' => 우로보로스 1일 10시간 / 현재=14:43:47 / 남은시간=1일 10시간 / 계산=00:43 / warnings=-
[이미지 5] area=아스가르드 base=14:43:49
  ocr window=0,156,1758,838 area=아스가르드 best=아스가르드 reason=fixed_full_name_2plus highlight=- top=0 def=337 def_terms=4 def_boss=4 slot_exact=6 slot_boss=6 slot_match=3 slot_strong=3 slot_full=3 exact_boss=8 boss=8 grid=6 empty=0 base=14:43:49 diag=ok=1 err=- img=1182624 src=1758x933 ocr=1758x933 lines=31 words=57 text=214
  slot 1 발리 [TIMED] [card_line]=1일 6시간 ; card_line='0 1일 6시간 남음' ; direct_parse='1일 6시간' => 발리 1일 6시간 / 현재=14:43:49 / 남은시간=1일 6시간 / 계산=20:43 / warnings=-
  slot 2 샤무크 [TIMED] [card_line]=1일 15시간 ; card_line='0 1일 15시간 남음' ; direct_parse='1일 15시간' => 샤무크 1일 15시간 / 현재=14:43:49 / 남은시간=1일 15시간 / 계산=05:43 / warnings=-
  slot 3 그로아 [TIMED] [card_words]=1일 8시간 ; card_segments=1일 | 8시간 | 남음 -> spaced='1일 8시간 남음' ; direct_parse='1일 8시간' => 그로아 1일 8시간 / 현재=14:43:49 / 남은시간=1일 8시간 / 계산=22:43 / warnings=-
  slot 4 노트 [TIMED] [card_line]=1일 12시간 ; card_line='0 1일 12시간남음' ; direct_parse='1일 12시간' => 노트 1일 12시간 / 현재=14:43:49 / 남은시간=1일 12시간 / 계산=02:43 / warnings=-
  slot 5 스칼드메르 [TIMED] [card_line]=1일 9시간 ; card_line='0 1일 9시간 남음' ; direct_parse='1일 9시간' => 스칼드메르 1일 9시간 / 현재=14:43:49 / 남은시간=1일 9시간 / 계산=23:43 / warnings=-
  slot 6 미미르 [TIMED] [card_words]=2일 22시간 ; card_segments=2일 | 22시간 | 남음 -> spaced='2일 22시간 남음' ; direct_parse='2일 22시간' => 미미르 2일 22시간 / 현재=14:43:49 / 남은시간=2일 22시간 / 계산=12:43 / warnings=-
[이미지 6] area=니플하임 base=14:43:50
  ocr window=0,156,1758,838 area=니플하임 best=니플하임 reason=fixed_full_name_2plus highlight=- top=0 def=234 def_terms=3 def_boss=3 slot_exact=4 slot_boss=4 slot_match=2 slot_strong=2 slot_full=2 exact_boss=8 boss=8 grid=5 empty=0 base=14:43:50 diag=ok=1 err=- img=1066499 src=1758x933 ocr=1758x933 lines=30 words=50 text=194
  slot 1 히로킨 [TIMED] [card_line]=2일 10시간 ; card_line='0 2일 10시간 남음' ; direct_parse='2일 10시간' => 히로킨 2일 10시간 / 현재=14:43:50 / 남은시간=2일 10시간 / 계산=00:43 / warnings=-
  slot 2 헤이드 [TIMED] [card_line]=2일 11시간 ; card_line='0 2일 11시간 남음' ; direct_parse='2일 11시간' => 헤이드 2일 11시간 / 현재=14:43:50 / 남은시간=2일 11시간 / 계산=01:43 / warnings=-
  slot 3 이미르 [TIMED] [card_words]=4일 11시간 ; card_segments=4일 | 11시간 | 남음 -> spaced='4일 11시간 남음' ; direct_parse='4일 11시간' => 이미르 4일 11시간 / 현재=14:43:50 / 남은시간=4일 11시간 / 계산=01:43 / warnings=-
  slot 4 호드 [TIMED] [card_line]=4시간 49분 ; card_line='0 4시간 49분 남음' ; direct_parse='4시간 49분' => 19:32 호드 / 현재=14:43:50 / 남은시간=4시간 49분 / 계산=19:32 / warnings=-
  slot 5 프레이 [ACTIVE] [card_line]=출현 중 ; card_line='0 출현 중' ; presence_detected => 프레이 출현 중 / 현재=14:43:50 / 남은시간=출현 중 / 계산=- / warnings=-
[이미지 7] area=바나하임 base=14:43:51
  ocr window=0,155,1758,842 area=바나하임 best=바나하임 reason=grid_shape highlight=- top=0 def=28 def_terms=1 def_boss=1 slot_exact=2 slot_boss=2 slot_match=1 slot_strong=1 slot_full=1 exact_boss=0 boss=0 grid=5 empty=0 base=14:43:51 diag=ok=1 err=- img=1094511 src=1758x933 ocr=1758x933 lines=28 words=44 text=167
  slot 1 엘디르 [ACTIVE] [card_line]=출현 중 ; card_line='0 출현 중' ; presence_detected => 엘디르 출현 중 / 현재=14:43:51 / 남은시간=출현 중 / 계산=- / warnings=-
  slot 2 스쿨드 [ACTIVE] [card_line]=출현 중 ; card_line='0 출현 중' ; presence_detected => 스쿨드 출현 중 / 현재=14:43:51 / 남은시간=출현 중 / 계산=- / warnings=-
  slot 3 에기르 [ACTIVE] [card_words]=출현 중 ; card_segments=출현 | 중 -> spaced='출현 중' ; presence_detected => 에기르 출현 중 / 현재=14:43:51 / 남은시간=출현 중 / 계산=- / warnings=-
  slot 4 안나 [ACTIVE] [card_line]=출현 중 ; card_line='0 출현 중' ; presence_detected => 안나 출현 중 / 현재=14:43:51 / 남은시간=출현 중 / 계산=- / warnings=-
  slot 5 스카디 [ACTIVE] [card_line]=출현 중 ; card_line='0 출현 중' ; presence_detected => 스카디 출현 중 / 현재=14:43:51 / 남은시간=출현 중 / 계산=- / warnings=-

[2026-05-09 14:45:11] mode=ocr2
[이미지 1] area=던전 base=14:45:02
  ocr2 fixed=1600x900 window=176,190,1410,709 area=던전 best=던전 final=던전 reason=fixed_full_name_2plus highlight=- fixed_tab=- def=646 def_boss=7 slot_match=5 slot_strong=3 slot_full=5 base=14:45:02 diag=ok=1 err=- img=1093638 src=1600x900 ocr=1600x900 lines=39 words=75 text=295
  slot 1 최하층굴베 [TIMED] [words_compact]=1시간 19분 ; segments=0 | 1시간 | 19분 | 남음 -> compact='01시간19분남음' ; prefix_noise='1시간19분' -> '1시간 19분' (repair_noisy_hour_minute) / direct_parse='1시간 19분' => 16:04 최하층굴베 / 현재=14:45:02 / 남은시간=1시간 19분 / 계산=16:04 / warnings=-
  slot 2 최하층스네르 [TIMED] [words]=12시간 41분 ; segments=0 | 12시간 | 41 | 분 | 남음 -> spaced='0 12시간 41 분 남음' ; prefix_noise='12시간 41 분' -> '12시간 41분' (repair_noisy_hour_minute) / direct_parse='12시간 41분' => 03:26 최하층스네르 / 현재=14:45:02 / 남은시간=12시간 41분 / 계산=03:26 / warnings=-
  slot 3 7층 [TIMED] [words_compact]=29분 18초 ; segments=0 | 29분 | 18초 | 남음 -> compact='029분18초남음' ; unit_inferred=29분 18초 / direct_parse='29분 18초' => 15:14:20 7층 / 현재=14:45:02 / 남은시간=29분 18초 / 계산=15:14:20 / warnings=-
  slot 4 최하층강글 [TIMED] [words_compact]=11시간 48분 ; segments=0 | 11시간 | 48분 | 남음 -> compact='011시간48분남음' ; prefix_noise='11시간48분' -> '11시간 48분' (repair_noisy_hour_minute) / direct_parse='11시간 48분' => 02:33 최하층강글 / 현재=14:45:02 / 남은시간=11시간 48분 / 계산=02:33 / warnings=-
  slot 5 4층 [TIMED] [words_split_digits]=7시간 18분 ; segments=0 | 7 | 시간 | 18 | = | 남음 -> merged_digits='07 시간 18 = 남음' ; prefix_noise='7시간 18 =' -> '7시간 18분' (repair_noisy_hour_minute) / direct_parse='7시간 18분' => 22:03 4층 / 현재=14:45:02 / 남은시간=7시간 18분 / 계산=22:03 / warnings=-
  slot 6 10층 [TIMED] [words_compact]=10시간 34분 ; segments=0 | 10시간 | 34분 | 남음 -> compact='010시간34분남음' ; prefix_noise='10시간34분' -> '10시간 34분' (repair_noisy_hour_minute) / direct_parse='10시간 34분' => 01:19 10층 / 현재=14:45:02 / 남은시간=10시간 34분 / 계산=01:19 / warnings=-

[2026-05-09 14:47:13] mode=ocr2
[이미지 1] area=던전 base=14:47:10
  ocr2 fixed=1600x900 window=176,190,1410,709 area=던전 best=던전 final=던전 reason=fixed_full_name_2plus highlight=- fixed_tab=- def=646 def_boss=7 slot_match=5 slot_strong=3 slot_full=5 base=14:47:10 diag=ok=1 err=- img=1119413 src=1600x900 ocr=1600x900 lines=39 words=79 text=302
  slot 1 최하층굴베 [TIMED] [words_compact]=1시간 17분 ; segments=0 | 1시간 | 17분 | 남음 -> compact='01시간17분남음' ; prefix_noise='1시간17분' -> '1시간 17분' (repair_noisy_hour_minute) / direct_parse='1시간 17분' => 16:04 최하층굴베 / 현재=14:47:10 / 남은시간=1시간 17분 / 계산=16:04 / warnings=-
  slot 2 최하층스네르 [TIMED] [words]=12시간 39분 ; segments=0 | 12시간 | 39 | = | “ | 남음 -> spaced='0 12시간 39 = “ 남음' ; prefix_noise='12시간 39 = “' -> '12시간 39분' (repair_noisy_hour_minute) / direct_parse='12시간 39분' => 03:26 최하층스네르 / 현재=14:47:10 / 남은시간=12시간 39분 / 계산=03:26 / warnings=-
  slot 3 7층 [TIMED] [words_compact]=27분 10초 ; segments=0 | 27분 | 10초 | 남음 -> compact='027분10초남음' ; unit_inferred=27분 10초 / direct_parse='27분 10초' => 15:14:20 7층 / 현재=14:47:10 / 남은시간=27분 10초 / 계산=15:14:20 / warnings=-
  slot 4 최하층강글 [TIMED] [words]=11시간 46분 ; segments=0 | 1 | 1 | 시간 | 46분 | 남음 -> spaced='0 1 1 시간 46분 남음' ; prefix_noise='0 1 1 시간 46분' -> '11시간 46분' (drop_leading_zero, merge_split_hour_digits_explicit, repair_noisy_hour_minute) / direct_parse='11시간 46분' => 02:33 최하층강글 / 현재=14:47:10 / 남은시간=11시간 46분 / 계산=02:33 / warnings=-
  slot 5 4층 [TIMED] [words_split_digits]=7시간 16분 ; segments=0 | 7 | 시간 | 16 | 분 | 남음 -> merged_digits='07 시간 16 분 남음' ; prefix_noise='7시간 16 분' -> '7시간 16분' (repair_noisy_hour_minute) / direct_parse='7시간 16분' => 22:03 4층 / 현재=14:47:10 / 남은시간=7시간 16분 / 계산=22:03 / warnings=-
  slot 6 10층 [TIMED] [words_compact]=10시간 31분 ; segments=0 | 10시간 | 31분 | 남음 -> compact='010시간31분남음' ; prefix_noise='10시간31분' -> '10시간 31분' (repair_noisy_hour_minute) / direct_parse='10시간 31분' => 01:18 10층 / 현재=14:47:10 / 남은시간=10시간 31분 / 계산=01:18 / warnings=-

[2026-05-09 14:49:23] mode=ocr2
[이미지 1] area=니플하임 base=14:49:20
  ocr2 fixed=1600x900 window=176,190,1410,709 area=니플하임 best=니플하임 final=니플하임 reason=fixed_definition_overlap highlight=- fixed_tab=- def=131 def_boss=2 slot_match=1 slot_strong=1 slot_full=1 base=14:49:20 diag=ok=1 err=- img=1175181 src=1600x900 ocr=1600x900 lines=26 words=48 text=187
  slot 1 히로킨 [TIMED] [words_compact]=2일 10시간 ; segments=0 | 2일 | 10시간 | 남음 -> compact='02일10시간남음' ; unit_inferred=2일 10시간 / direct_parse='2일 10시간' => 히로킨 2일 10시간 / 현재=14:49:20 / 남은시간=2일 10시간 / 계산=00:49 / warnings=-
  slot 2 헤이드 [TIMED] [words_compact]=2일 11시간 ; segments=0 | 2일 | 11시간 | 남음 -> compact='02일11시간남음' ; unit_inferred=2일 11시간 / direct_parse='2일 11시간' => 헤이드 2일 11시간 / 현재=14:49:20 / 남은시간=2일 11시간 / 계산=01:49 / warnings=-
  slot 3 이미르 [TIMED] [words_compact]=4일 11시간 ; segments=0 | 4일 | 11시간 | 남음 -> compact='04일11시간남음' ; unit_inferred=4일 11시간 / direct_parse='4일 11시간' => 이미르 4일 11시간 / 현재=14:49:20 / 남은시간=4일 11시간 / 계산=01:49 / warnings=-
  slot 4 호드 [TIMED] [words_compact]=4시간 44분 ; segments=0 | 4시간 | 44분 | 남음 -> compact='04시간44분남음' ; prefix_noise='4시간44분' -> '4시간 44분' (repair_noisy_hour_minute) / direct_parse='4시간 44분' => 19:33 호드 / 현재=14:49:20 / 남은시간=4시간 44분 / 계산=19:33 / warnings=-
  slot 5 프레이 [ACTIVE] [line]=출현 중 ; line='0 출현 중' ; presence_detected => 프레이 출현 중 / 현재=14:49:20 / 남은시간=출현 중 / 계산=- / warnings=-

[2026-05-09 16:47:05] mode=ocr2
[이미지 1] area=알브하임 base=16:47:03
  ocr2 fixed=1600x900 window=176,190,1410,709 area=알브하임 best=알브하임 final=알브하임 reason=fixed_full_name_2plus highlight=- fixed_tab=- def=440 def_boss=5 slot_match=5 slot_strong=5 slot_full=5 base=16:47:03 diag=ok=1 err=- img=1140706 src=1600x900 ocr=1600x900 lines=37 words=58 text=217
  slot 1 스바르트 [TIMED] [words]=19시간 28분 ; segments=0 | 19시간 | 28 | = | “ | 남음 -> spaced='0 19시간 28 = “ 남음' ; prefix_noise='19시간 28 = “' -> '19시간 28분' (repair_noisy_hour_minute) / direct_parse='19시간 28분' => 12:15 스바르트 / 현재=16:47:03 / 남은시간=19시간 28분 / 계산=12:15 / warnings=-
  slot 2 모네가름 [TIMED] [words_compact]=15분 57초 ; segments=015= | 부 | 57초 | 남음 -> compact='015=부57초남음' ; prefix_noise='015부57초' -> '15분 57초' (repair_minute_glyph, repair_zero_prefixed_minute_second_explicit) / direct_parse='15분 57초' => 17:03:00 모네가름 / 현재=16:47:03 / 남은시간=15분 57초 / 계산=17:03:00 / warnings=-
  slot 3 굴베이그 [TIMED] [words_compact]=35분 29초 ; segments=035= | 부 | 29초 | 남음 -> compact='035=부29초남음' ; prefix_noise='035부29초' -> '35분 29초' (repair_minute_glyph, repair_zero_prefixed_minute_second_explicit) / direct_parse='35분 29초' => 17:22:32 굴베이그 / 현재=16:47:03 / 남은시간=35분 29초 / 계산=17:22:32 / warnings=-
  slot 4 두라스로르 [TIMED] [words]=19시간 43분 ; segments=0 | 19시간 | 43 | 분 | 남음 -> spaced='0 19시간 43 분 남음' ; prefix_noise='19시간 43 분' -> '19시간 43분' (repair_noisy_hour_minute) / direct_parse='19시간 43분' => 12:30 두라스로르 / 현재=16:47:03 / 남은시간=19시간 43분 / 계산=12:30 / warnings=-
  slot 5 드라우그 [TIMED] [words]=17시간 36분 ; segments=0 | 17시간 | 36 | 분 | 남음 -> spaced='0 17시간 36 분 남음' ; prefix_noise='17시간 36 분' -> '17시간 36분' (repair_noisy_hour_minute) / direct_parse='17시간 36분' => 10:23 드라우그 / 현재=16:47:03 / 남은시간=17시간 36분 / 계산=10:23 / warnings=-
  slot 6 오딘 [TIMED] [words]=4시간 16분 ; segments=0 | 4시간 | 16 | 분 | 남음 -> spaced='0 4시간 16 분 남음' ; prefix_noise='4시간 16 분' -> '4시간 16분' (repair_noisy_hour_minute) / direct_parse='4시간 16분' => 21:03 오딘 / 현재=16:47:03 / 남은시간=4시간 16분 / 계산=21:03 / warnings=-

[2026-05-10 15:04:27] mode=ocr2
[이미지 1] area=요툰하임 base=15:04:12
  ocr2 fixed=1600x900 window=176,190,1410,709 area=요툰하임 best=요툰하임 final=요툰하임 reason=fixed_full_name_2plus highlight=- fixed_tab=- def=337 def_boss=4 slot_match=3 slot_strong=3 slot_full=3 base=15:04:12 diag=ok=1 err=- img=1349837 src=1600x900 ocr=1600x900 lines=37 words=74 text=247
  slot 1 파르바 [TIMED] [words_split_digits]=8시간 25분 ; segments=0 | 8 | 시간 | 25 | 분 | 남음 -> merged_digits='08 시간 25 분 남음' ; prefix_noise='8시간 25 분' -> '8시간 25분' (repair_noisy_hour_minute) / direct_parse='8시간 25분' => 23:29 파르바 / 현재=15:04:12 / 남은시간=8시간 25분 / 계산=23:29 / warnings=-
  slot 2 흐니르 [TIMED] [words_split_digits]=7시간 37분 ; segments=0 | 7 | 시간 | 37 | = | - | 남음 -> merged_digits='07 시간 37 = - 남음' ; prefix_noise='7시간 37 = -' -> '7시간 37분' (repair_noisy_hour_minute) / direct_parse='7시간 37분' => 22:41 흐니르 / 현재=15:04:12 / 남은시간=7시간 37분 / 계산=22:41 / warnings=-
  slot 3 바우티 [TIMED] [words]=6시간 57분 ; segments=0 | 6시간 | 57 | = | - | 남음 -> spaced='0 6시간 57 = - 남음' ; prefix_noise='6시간 57 = -' -> '6시간 57분' (repair_noisy_hour_minute) / direct_parse='6시간 57분' => 22:01 바우티 / 현재=15:04:12 / 남은시간=6시간 57분 / 계산=22:01 / warnings=-
  slot 4 야른 [TIMED] [words_compact]=8시간 24분 ; segments=0 | 8시간 | 24분 | 남음 -> compact='08시간24분남음' ; prefix_noise='8시간24분' -> '8시간 24분' (repair_noisy_hour_minute) / direct_parse='8시간 24분' => 23:28 야른 / 현재=15:04:12 / 남은시간=8시간 24분 / 계산=23:28 / warnings=-
  slot 5 셀로비아 [TIMED] [words]=6시간 57분 ; segments=0 | 6시간 | 57 | = | “ | 남음 -> spaced='0 6시간 57 = “ 남음' ; prefix_noise='6시간 57 = “' -> '6시간 57분' (repair_noisy_hour_minute) / direct_parse='6시간 57분' => 22:01 셀로비아 / 현재=15:04:12 / 남은시간=6시간 57분 / 계산=22:01 / warnings=-
  slot 6 페티 [TIMED] [words]=10시간 2분 ; segments=0 | 10시간 | 2 | = | “ | 남음 -> spaced='0 10시간 2 = “ 남음' ; prefix_noise='10시간 2 = “' -> '10시간 2분' (repair_noisy_hour_minute) / direct_parse='10시간 2분' => 01:06 페티 / 현재=15:04:12 / 남은시간=10시간 2분 / 계산=01:06 / warnings=-
  slot 7 니드호그 [TIMED] [words_compact]=8시간 6분 ; segments=0 | 8시간 | 6분 | 남음 -> compact='08시간6분남음' ; prefix_noise='8시간6분' -> '8시간 6분' (repair_noisy_hour_minute) / direct_parse='8시간 6분' => 23:10 니드호그 / 현재=15:04:12 / 남은시간=8시간 6분 / 계산=23:10 / warnings=-
  slot 8 티르 [TIMED] [words_compact]=1일 1시간 ; segments=0 | 1일 | 1시간 | 남음 -> compact='01일1시간남음' ; unit_inferred=1일 1시간 / direct_parse='1일 1시간' => 티르 1일 1시간 / 현재=15:04:12 / 남은시간=1일 1시간 / 계산=16:04 / warnings=-
[이미지 2] area=니다벨리르 base=15:04:13
  ocr2 fixed=1600x900 window=176,190,1410,709 area=니다벨리르 best=니다벨리르 final=니다벨리르 reason=fixed_full_name_2plus highlight=- fixed_tab=- def=337 def_boss=4 slot_match=4 slot_strong=4 slot_full=4 base=15:04:13 diag=ok=1 err=- img=1328267 src=1600x900 ocr=1600x900 lines=41 words=79 text=267
  slot 1 라이노르 [TIMED] [words_split_digits]=7시간 59분 ; segments=0 | 7 | 시간 | 59 | = | - | 남음 -> merged_digits='07 시간 59 = - 남음' ; prefix_noise='7시간 59 = -' -> '7시간 59분' (repair_noisy_hour_minute) / direct_parse='7시간 59분' => 23:03 라이노르 / 현재=15:04:13 / 남은시간=7시간 59분 / 계산=23:03 / warnings=-
  slot 2 헤르모드 [TIMED] [words]=10시간 21분 ; segments=0 | 10시간 | 21 | 분 | 남음 -> spaced='0 10시간 21 분 남음' ; prefix_noise='10시간 21 분' -> '10시간 21분' (repair_noisy_hour_minute) / direct_parse='10시간 21분' => 01:25 헤르모드 / 현재=15:04:13 / 남은시간=10시간 21분 / 계산=01:25 / warnings=-
  slot 3 브륀힐드 [TIMED] [words_split_digits]=7시간 38분 ; segments=0 | 7 | 시간 | 38 | = | 남음 -> merged_digits='07 시간 38 = 남음' ; prefix_noise='7시간 38 =' -> '7시간 38분' (repair_noisy_hour_minute) / direct_parse='7시간 38분' => 22:42 브륀힐드 / 현재=15:04:13 / 남은시간=7시간 38분 / 계산=22:42 / warnings=-
  slot 4 수드리 [TIMED] [words_compact]=9시간 5분 ; segments=0 | 9시간 | 5분 | 남음 -> compact='09시간5분남음' ; prefix_noise='9시간5분' -> '9시간 5분' (repair_noisy_hour_minute) / direct_parse='9시간 5분' => 00:09 수드리 / 현재=15:04:13 / 남은시간=9시간 5분 / 계산=00:09 / warnings=-
  slot 5 비요른 [TIMED] [words_compact]=9시간 48분 ; segments=0 | 9시간 | 48분 | 남음 -> compact='09시간48분남음' ; prefix_noise='9시간48분' -> '9시간 48분' (repair_noisy_hour_minute) / direct_parse='9시간 48분' => 00:52 비요른 / 현재=15:04:13 / 남은시간=9시간 48분 / 계산=00:52 / warnings=-
  slot 6 스칼라니르 [TIMED] [words]=10시간 7분 ; segments=0 | 10시간 | 7 | = | “ | 남음 -> spaced='0 10시간 7 = “ 남음' ; prefix_noise='10시간 7 = “' -> '10시간 7분' (repair_noisy_hour_minute) / direct_parse='10시간 7분' => 01:11 스칼라니르 / 현재=15:04:13 / 남은시간=10시간 7분 / 계산=01:11 / warnings=-
  slot 7 라타토스크 [TIMED] [words_split_digits]=7시간 37분 ; segments=0 | 7 | 시간 | 37 | = | “ | 남음 -> merged_digits='07 시간 37 = “ 남음' ; prefix_noise='7시간 37 = “' -> '7시간 37분' (repair_noisy_hour_minute) / direct_parse='7시간 37분' => 22:41 라타토스크 / 현재=15:04:13 / 남은시간=7시간 37분 / 계산=22:41 / warnings=-
  slot 8 토르 [TIMED] [words_compact]=2일 3시간 ; segments=0 | 2일 | 3시간 | 남음 -> compact='02일3시간남음' ; unit_inferred=2일 3시간 / direct_parse='2일 3시간' => 토르 2일 3시간 / 현재=15:04:13 / 남은시간=2일 3시간 / 계산=18:04 / warnings=-
[이미지 3] area=알브하임 base=15:04:14
  ocr2 fixed=1600x900 window=176,190,1410,709 area=알브하임 best=알브하임 final=알브하임 reason=fixed_full_name_2plus highlight=- fixed_tab=- def=440 def_boss=5 slot_match=5 slot_strong=5 slot_full=5 base=15:04:14 diag=ok=1 err=- img=1167350 src=1600x900 ocr=1600x900 lines=38 words=69 text=241
  slot 1 스바르트 [TIMED] [words]=18시간 58분 ; segments=0 | 18 | 시간 | 58 | = | - | 남음 -> spaced='0 18 시간 58 = - 남음' ; prefix_noise='18 시간 58 = -' -> '18시간 58분' (repair_noisy_hour_minute) / direct_parse='18시간 58분' => 10:02 스바르트 / 현재=15:04:14 / 남은시간=18시간 58분 / 계산=10:02 / warnings=-
  slot 2 모네가름 [TIMED] [words]=4시간 19분 ; segments=0 | 4시간 | 19 | = | - | 남음 -> spaced='0 4시간 19 = - 남음' ; prefix_noise='4시간 19 = -' -> '4시간 19분' (repair_noisy_hour_minute) / direct_parse='4시간 19분' => 19:23 모네가름 / 현재=15:04:14 / 남은시간=4시간 19분 / 계산=19:23 / warnings=-
  slot 3 굴베이그 [TIMED] [words]=4시간 58분 ; segments=0 | 4시간 | 58 | = | 남음 -> spaced='0 4시간 58 = 남음' ; prefix_noise='4시간 58 =' -> '4시간 58분' (repair_noisy_hour_minute) / direct_parse='4시간 58분' => 20:02 굴베이그 / 현재=15:04:14 / 남은시간=4시간 58분 / 계산=20:02 / warnings=-
  slot 4 두라스로르 [TIMED] [words]=21시간 36분 ; segments=0 | 21 | 시간 | 36 | 분 | 남음 -> spaced='0 21 시간 36 분 남음' ; prefix_noise='21 시간 36 분' -> '21시간 36분' (repair_noisy_hour_minute) / direct_parse='21시간 36분' => 12:40 두라스로르 / 현재=15:04:14 / 남은시간=21시간 36분 / 계산=12:40 / warnings=-
  slot 5 드라우그 [TIMED] [words]=18시간 58분 ; segments=0 | 18 | 시간 | 58 | = | - | 남음 -> spaced='0 18 시간 58 = - 남음' ; prefix_noise='18 시간 58 = -' -> '18시간 58분' (repair_noisy_hour_minute) / direct_parse='18시간 58분' => 10:02 드라우그 / 현재=15:04:14 / 남은시간=18시간 58분 / 계산=10:02 / warnings=-
  slot 6 오딘 [TIMED] [words_compact]=1일 20시간 ; segments=0 | 1일 | 20시간 | 남음 -> compact='01일20시간남음' ; unit_inferred=1일 20시간 / direct_parse='1일 20시간' => 오딘 1일 20시간 / 현재=15:04:14 / 남은시간=1일 20시간 / 계산=11:04 / warnings=-
[이미지 4] area=무스펠하임 base=15:04:15
  ocr2 fixed=1600x900 window=176,190,1410,709 area=무스펠하임 best=무스펠하임 final=무스펠하임 reason=fixed_full_name_2plus highlight=- fixed_tab=- def=440 def_boss=5 slot_match=5 slot_strong=5 slot_full=5 base=15:04:15 diag=ok=1 err=- img=1250643 src=1600x900 ocr=1600x900 lines=38 words=77 text=280
  slot 1 메기르 [TIMED] [words_compact]=8시간 44분 ; segments=0 | 8시간 | 44분 | 남음 -> compact='08시간44분남음' ; prefix_noise='8시간44분' -> '8시간 44분' (repair_noisy_hour_minute) / direct_parse='8시간 44분' => 23:48 메기르 / 현재=15:04:15 / 남은시간=8시간 44분 / 계산=23:48 / warnings=-
  slot 2 헤르가름 [TIMED] [words_compact]=9시간 29분 ; segments=0 | 9시간 | 29분 | 남음 -> compact='09시간29분남음' ; prefix_noise='9시간29분' -> '9시간 29분' (repair_noisy_hour_minute) / direct_parse='9시간 29분' => 00:33 헤르가름 / 현재=15:04:15 / 남은시간=9시간 29분 / 계산=00:33 / warnings=-
  slot 3 엘드룬 [TIMED] [words]=11시간 39분 ; segments=0 | 1 | 1 | 시간 | 39曰 | = | 남음 -> spaced='0 1 1 시간 39曰 = 남음' ; prefix_noise='0 1 1 시간 39曰 =' -> '11시간 39분' (repair_minute_glyph, drop_leading_zero, repair_noisy_split_hour_minute, repair_noisy_hour_minute) / direct_parse='11시간 39분' => 02:43 엘드룬 / 현재=15:04:15 / 남은시간=11시간 39분 / 계산=02:43 / warnings=-
  slot 4 수르트 [TIMED] [words_compact]=1일 20시간 ; segments=0 | 1일 | 20시간 | 남음 -> compact='01일20시간남음' ; unit_inferred=1일 20시간 / direct_parse='1일 20시간' => 수르트 1일 20시간 / 현재=15:04:15 / 남은시간=1일 20시간 / 계산=11:04 / warnings=-
  slot 5 신마라 [TIMED] [words]=6시간 57분 ; segments=0 | 6시간 | 57 | = | - | 남음 -> spaced='0 6시간 57 = - 남음' ; prefix_noise='6시간 57 = -' -> '6시간 57분' (repair_noisy_hour_minute) / direct_parse='6시간 57분' => 22:01 신마라 / 현재=15:04:15 / 남은시간=6시간 57분 / 계산=22:01 / warnings=-
  slot 6 탕그 [TIMED] [words]=6시간 58분 ; segments=0 | 6시간 | 58 | = | 남음 -> spaced='0 6시간 58 = 남음' ; prefix_noise='6시간 58 =' -> '6시간 58분' (repair_noisy_hour_minute) / direct_parse='6시간 58분' => 22:02 탕그 / 현재=15:04:15 / 남은시간=6시간 58분 / 계산=22:02 / warnings=-
  slot 7 우로보로스 [TIMED] [words]=11시간 57분 ; segments=0 | 1 | 1 | 시간 | 57曰 | = | 남음 -> spaced='0 1 1 시간 57曰 = 남음' ; prefix_noise='0 1 1 시간 57曰 =' -> '11시간 57분' (repair_minute_glyph, drop_leading_zero, repair_noisy_split_hour_minute, repair_noisy_hour_minute) / direct_parse='11시간 57분' => 03:01 우로보로스 / 현재=15:04:15 / 남은시간=11시간 57분 / 계산=03:01 / warnings=-
[이미지 5] area=아스가르드 base=15:04:16
  ocr2 fixed=1600x900 window=176,190,1410,709 area=아스가르드 best=아스가르드 final=아스가르드 reason=fixed_full_name_2plus highlight=- fixed_tab=- def=440 def_boss=5 slot_match=5 slot_strong=5 slot_full=5 base=15:04:16 diag=ok=1 err=- img=1185916 src=1600x900 ocr=1600x900 lines=34 words=66 text=231
  slot 1 발리 [TIMED] [words_compact]=1일 22시간 ; segments=0 | 1일 | 22시간 | 남음 -> compact='01일22시간남음' ; unit_inferred=1일 22시간 / direct_parse='1일 22시간' => 발리 1일 22시간 / 현재=15:04:16 / 남은시간=1일 22시간 / 계산=13:04 / warnings=-
  slot 2 샤무크 [TIMED] [words_compact]=1일 19시간 ; segments=0 | 1일 | 19시간 | 남음 -> compact='01일19시간남음' ; unit_inferred=1일 19시간 / direct_parse='1일 19시간' => 샤무크 1일 19시간 / 현재=15:04:16 / 남은시간=1일 19시간 / 계산=10:04 / warnings=-
  slot 3 그로아 [TIMED] [words_compact]=16시간 34분 ; segments=0 | 16시간 | 34분 | 남음 -> compact='016시간34분남음' ; prefix_noise='16시간34분' -> '16시간 34분' (repair_noisy_hour_minute) / direct_parse='16시간 34분' => 07:38 그로아 / 현재=15:04:16 / 남은시간=16시간 34분 / 계산=07:38 / warnings=-
  slot 4 노트 [TIMED] [words_compact]=1일 19시간 ; segments=0 | 1일 | 19시간 | 남음 -> compact='01일19시간남음' ; unit_inferred=1일 19시간 / direct_parse='1일 19시간' => 노트 1일 19시간 / 현재=15:04:16 / 남은시간=1일 19시간 / 계산=10:04 / warnings=-
  slot 5 스칼드메르 [TIMED] [words_split_digits]=3시간 30분 ; segments=0 | 3 | 시간 | 30 | = | - | 남음 -> merged_digits='03 시간 30 = - 남음' ; prefix_noise='3시간 30 = -' -> '3시간 30분' (repair_noisy_hour_minute) / direct_parse='3시간 30분' => 18:34 스칼드메르 / 현재=15:04:16 / 남은시간=3시간 30분 / 계산=18:34 / warnings=-
  slot 6 미미르 [TIMED] [words_compact]=2일 16시간 ; segments=0 | 2일 | 16시간 | 남음 -> compact='02일16시간남음' ; unit_inferred=2일 16시간 / direct_parse='2일 16시간' => 미미르 2일 16시간 / 현재=15:04:16 / 남은시간=2일 16시간 / 계산=07:04 / warnings=-
[이미지 6] area=니플하임 base=15:04:18
  ocr2 fixed=1600x900 window=176,190,1410,709 area=니플하임 best=니플하임 final=니플하임 reason=fixed_full_name_2plus highlight=- fixed_tab=- def=131 def_boss=2 slot_match=3 slot_strong=3 slot_full=3 base=15:04:18 diag=ok=1 err=- img=1119506 src=1600x900 ocr=1600x900 lines=28 words=50 text=189
  slot 1 히로킨 [TIMED] [words_compact]=1일 21시간 ; segments=0 | 1일 | 21시간 | 남음 -> compact='01일21시간남음' ; unit_inferred=1일 21시간 / direct_parse='1일 21시간' => 히로킨 1일 21시간 / 현재=15:04:18 / 남은시간=1일 21시간 / 계산=12:04 / warnings=-
  slot 2 헤이드 [TIMED] [words_compact]=1일 21시간 ; segments=0 | 1일 | 21시간 | 남음 -> compact='01일21시간남음' ; unit_inferred=1일 21시간 / direct_parse='1일 21시간' => 헤이드 1일 21시간 / 현재=15:04:18 / 남은시간=1일 21시간 / 계산=12:04 / warnings=-
  slot 3 이미르 [TIMED] [words]=22시간 23분 ; segments=0 | 22시간 | 23 | 분 | 남음 -> spaced='0 22시간 23 분 남음' ; prefix_noise='22시간 23 분' -> '22시간 23분' (repair_noisy_hour_minute) / direct_parse='22시간 23분' => 13:27 이미르 / 현재=15:04:18 / 남은시간=22시간 23분 / 계산=13:27 / warnings=-
  slot 4 호드 [TIMED] [words_compact]=1일 21시간 ; segments=0 | 1일 | 21시간 | 남음 -> compact='01일21시간남음' ; unit_inferred=1일 21시간 / direct_parse='1일 21시간' => 호드 1일 21시간 / 현재=15:04:18 / 남은시간=1일 21시간 / 계산=12:04 / warnings=-
  slot 5 프레이 [TIMED] [words_compact]=1일 21시간 ; segments=0 | 1일 | 21시간 | 남음 -> compact='01일21시간남음' ; unit_inferred=1일 21시간 / direct_parse='1일 21시간' => 프레이 1일 21시간 / 현재=15:04:18 / 남은시간=1일 21시간 / 계산=12:04 / warnings=-
[이미지 7] area=던전 base=15:04:19
  ocr2 fixed=1600x900 window=176,190,1410,709 area=던전 best=던전 final=던전 reason=fixed_full_name_2plus highlight=- fixed_tab=- def=640 def_boss=7 slot_match=5 slot_strong=3 slot_full=5 base=15:04:19 diag=ok=1 err=- img=1202342 src=1600x900 ocr=1600x900 lines=38 words=76 text=297
  slot 1 최하층굴베 [TIMED] [words_compact]=17시간 27분 ; segments=0 | 17시간 | 27분 | 남음 -> compact='017시간27분남음' ; prefix_noise='17시간27분' -> '17시간 27분' (repair_noisy_hour_minute) / direct_parse='17시간 27분' => 08:31 최하층굴베 / 현재=15:04:19 / 남은시간=17시간 27분 / 계산=08:31 / warnings=-
  slot 2 최하층스네르 [TIMED] [words_compact]=2일 20시간 ; segments=0 | 2일 | 20시간 | 남음 -> compact='02일20시간남음' ; unit_inferred=2일 20시간 / direct_parse='2일 20시간' => 최하층스네르 2일 20시간 / 현재=15:04:19 / 남은시간=2일 20시간 / 계산=11:04 / warnings=-
  slot 3 7층 [TIMED] [words_compact]=4시간 0분 ; segments=0 | 4시간 | 0분 | 남음 -> compact='04시간0분남음' ; prefix_noise='4시간0분' -> '4시간 0분' (repair_noisy_hour_minute) / direct_parse='4시간 0분' => 19:04 7층 / 현재=15:04:19 / 남은시간=4시간 0분 / 계산=19:04 / warnings=-
  slot 4 최하층강글 [TIMED] [words_compact]=15시간 54분 ; segments=0 | 15시간 | 54분 | 남음 -> compact='015시간54분남음' ; prefix_noise='15시간54분' -> '15시간 54분' (repair_noisy_hour_minute) / direct_parse='15시간 54분' => 06:58 최하층강글 / 현재=15:04:19 / 남은시간=15시간 54분 / 계산=06:58 / warnings=-
  slot 5 4층 [TIMED] [words]=11시간 20분 ; segments=0 | 1 | 1 | 시간 | 20曰 | = | 남음 -> spaced='0 1 1 시간 20曰 = 남음' ; prefix_noise='0 1 1 시간 20曰 =' -> '11시간 20분' (repair_minute_glyph, drop_leading_zero, repair_noisy_split_hour_minute, repair_noisy_hour_minute) / direct_parse='11시간 20분' => 02:24 4층 / 현재=15:04:19 / 남은시간=11시간 20분 / 계산=02:24 / warnings=-
  slot 6 10층 [TIMED] [words_compact]=15시간 13분 ; segments=0 | 15시간 | 13분 | 남음 -> compact='015시간13분남음' ; prefix_noise='15시간13분' -> '15시간 13분' (repair_noisy_hour_minute) / direct_parse='15시간 13분' => 06:17 10층 / 현재=15:04:19 / 남은시간=15시간 13분 / 계산=06:17 / warnings=-

[2026-05-10 15:04:42] mode=ocr
[이미지 1] area=요툰하임 base=15:04:12
  ocr window=0,164,1600,730 area=요툰하임 best=요툰하임 reason=fixed_full_name_2plus highlight=- top=0 def=337 def_terms=4 def_boss=4 slot_exact=6 slot_boss=6 slot_match=3 slot_strong=3 slot_full=3 exact_boss=8 boss=10 grid=8 empty=0 base=15:04:12 diag=ok=1 err=- img=1349837 src=1600x900 ocr=1600x900 lines=37 words=74 text=247
  slot 1 파르바 [TIMED] [words_split_digits]=8시간 25분 ; segments=0 | 8 | 시간 | 25 | 분 | 남음 -> merged_digits='08 시간 25 분 남음' ; prefix_noise='8시간 25 분' -> '8시간 25분' (repair_noisy_hour_minute) / direct_parse='8시간 25분' => 23:29 파르바 / 현재=15:04:12 / 남은시간=8시간 25분 / 계산=23:29 / warnings=-
  slot 2 흐니르 [TIMED] [words_split_digits]=7시간 37분 ; segments=0 | 7 | 시간 | 37 | = | - | 남음 -> merged_digits='07 시간 37 = - 남음' ; prefix_noise='7시간 37 = -' -> '7시간 37분' (repair_noisy_hour_minute) / direct_parse='7시간 37분' => 22:41 흐니르 / 현재=15:04:12 / 남은시간=7시간 37분 / 계산=22:41 / warnings=-
  slot 3 바우티 [TIMED] [card_words_group_merge]=6시간 57분 ; card_segments=6시간 | 57 | = | - | 남음 | 0 -> merged_spaced='6시간 57 = - 남음 0' ; prefix_noise='6시간 57 = - 0' -> '6시간 57분' (repair_noisy_hour_minute) / direct_parse='6시간 57분' => 22:01 바우티 / 현재=15:04:12 / 남은시간=6시간 57분 / 계산=22:01 / warnings=-
  slot 4 야른 [TIMED] [words_compact]=8시간 24분 ; segments=8시간 | 24분 | 남음 -> compact='8시간24분남음' ; prefix_noise='8시간24분' -> '8시간 24분' (repair_noisy_hour_minute) / direct_parse='8시간 24분' => 23:28 야른 / 현재=15:04:12 / 남은시간=8시간 24분 / 계산=23:28 / warnings=-
  slot 5 셀로비아 [TIMED] [words]=6시간 57분 ; segments=0 | 6시간 | 57 | = | 남음 -> spaced='0 6시간 57 = 남음' ; prefix_noise='6시간 57 =' -> '6시간 57분' (repair_noisy_hour_minute) / direct_parse='6시간 57분' => 22:01 셀로비아 / 현재=15:04:12 / 남은시간=6시간 57분 / 계산=22:01 / warnings=-
  slot 6 페티 [TIMED] [words]=10시간 2분 ; segments=0 | 10시간 | 2 | = | 남음 -> spaced='0 10시간 2 = 남음' ; prefix_noise='10시간 2 =' -> '10시간 2분' (repair_noisy_hour_minute) / direct_parse='10시간 2분' => 01:06 페티 / 현재=15:04:12 / 남은시간=10시간 2분 / 계산=01:06 / warnings=-
  slot 7 니드호그 [TIMED] [card_words_group_merge]=8시간 6분 ; card_segments=0 | 8시간 | 6분 | 남음 | 0 -> merged_spaced='0 8시간 6분 남음 0' ; prefix_noise='8시간 6분 0' -> '8시간 6분' (repair_noisy_hour_minute) / direct_parse='8시간 6분' => 23:10 니드호그 / 현재=15:04:12 / 남은시간=8시간 6분 / 계산=23:10 / warnings=-
  slot 8 티르 [TIMED] [words_compact]=1일 1시간 ; segments=1일 | 1시간 | 남음 -> compact='1일1시간남음' ; unit_inferred=1일 1시간 / direct_parse='1일 1시간' => 티르 1일 1시간 / 현재=15:04:12 / 남은시간=1일 1시간 / 계산=16:04 / warnings=-
[이미지 2] area=니다벨리르 base=15:04:13
  ocr window=0,164,1600,730 area=니다벨리르 best=니다벨리르 reason=fixed_full_name_2plus highlight=- top=0 def=337 def_terms=4 def_boss=4 slot_exact=4 slot_boss=5 slot_match=3 slot_strong=3 slot_full=3 exact_boss=12 boss=12 grid=8 empty=0 base=15:04:13 diag=ok=1 err=- img=1328267 src=1600x900 ocr=1600x900 lines=41 words=79 text=267
  slot 1 라이노르 [TIMED] [words_split_digits]=7시간 59분 ; segments=0 | 7 | 시간 | 59 | = | - | 남음 -> merged_digits='07 시간 59 = - 남음' ; prefix_noise='7시간 59 = -' -> '7시간 59분' (repair_noisy_hour_minute) / direct_parse='7시간 59분' => 23:03 라이노르 / 현재=15:04:13 / 남은시간=7시간 59분 / 계산=23:03 / warnings=-
  slot 2 헤르모드 [TIMED] [words]=10시간 21분 ; segments=0 | 10시간 | 21 | 분 | 남음 -> spaced='0 10시간 21 분 남음' ; prefix_noise='10시간 21 분' -> '10시간 21분' (repair_noisy_hour_minute) / direct_parse='10시간 21분' => 01:25 헤르모드 / 현재=15:04:13 / 남은시간=10시간 21분 / 계산=01:25 / warnings=-
  slot 3 브륀힐드 [TIMED] [card_words_group_merge]=7시간 38분 ; card_segments=7 | 시간 | 38 | = | 남음 | 0 -> merged_spaced='7 시간 38 = 남음 0' ; prefix_noise='7 시간 38 = 0' -> '7시간 38분' (repair_noisy_hour_minute) / direct_parse='7시간 38분' => 22:42 브륀힐드 / 현재=15:04:13 / 남은시간=7시간 38분 / 계산=22:42 / warnings=-
  slot 4 수드리 [TIMED] [words_compact]=9시간 5분 ; segments=9시간 | 5분 | 남음 -> compact='9시간5분남음' ; prefix_noise='9시간5분' -> '9시간 5분' (repair_noisy_hour_minute) / direct_parse='9시간 5분' => 00:09 수드리 / 현재=15:04:13 / 남은시간=9시간 5분 / 계산=00:09 / warnings=-
  slot 5 비요른 [TIMED] [words_compact]=9시간 48분 ; segments=0 | 9시간 | 48분 | 남음 -> compact='09시간48분남음' ; prefix_noise='9시간48분' -> '9시간 48분' (repair_noisy_hour_minute) / direct_parse='9시간 48분' => 00:52 비요른 / 현재=15:04:13 / 남은시간=9시간 48분 / 계산=00:52 / warnings=-
  slot 6 스칼라니르 [TIMED] [words]=10시간 7분 ; segments=0 | 10시간 | 7 | = | 남음 -> spaced='0 10시간 7 = 남음' ; prefix_noise='10시간 7 =' -> '10시간 7분' (repair_noisy_hour_minute) / direct_parse='10시간 7분' => 01:11 스칼라니르 / 현재=15:04:13 / 남은시간=10시간 7분 / 계산=01:11 / warnings=-
  slot 7 라타토스크 [TIMED] [card_words_group_merge]=7시간 37분 ; card_segments=7 | 시간 | 37 | = | “ | 남음 | 0 -> merged_spaced='7 시간 37 = “ 남음 0' ; prefix_noise='7 시간 37 = “ 0' -> '7시간 37분' (repair_noisy_hour_minute) / direct_parse='7시간 37분' => 22:41 라타토스크 / 현재=15:04:13 / 남은시간=7시간 37분 / 계산=22:41 / warnings=-
  slot 8 토르 [TIMED] [words_compact]=2일 3시간 ; segments=2일 | 3시간 | 남음 -> compact='2일3시간남음' ; unit_inferred=2일 3시간 / direct_parse='2일 3시간' => 토르 2일 3시간 / 현재=15:04:13 / 남은시간=2일 3시간 / 계산=18:04 / warnings=-
[이미지 3] area=알브하임 base=15:04:14
  ocr window=0,164,1600,730 area=알브하임 best=알브하임 reason=fixed_full_name_2plus highlight=- top=0 def=440 def_terms=5 def_boss=5 slot_exact=8 slot_boss=8 slot_match=4 slot_strong=4 slot_full=4 exact_boss=12 boss=14 grid=6 empty=0 base=15:04:14 diag=ok=1 err=- img=1167350 src=1600x900 ocr=1600x900 lines=38 words=69 text=241
  slot 1 스바르트 [TIMED] [words]=18시간 58분 ; segments=0 | 18 | 시간 | 58 | = | - | 남음 -> spaced='0 18 시간 58 = - 남음' ; prefix_noise='18 시간 58 = -' -> '18시간 58분' (repair_noisy_hour_minute) / direct_parse='18시간 58분' => 10:02 스바르트 / 현재=15:04:14 / 남은시간=18시간 58분 / 계산=10:02 / warnings=-
  slot 2 모네가름 [TIMED] [words]=4시간 19분 ; segments=0 | 4시간 | 19 | = | - | 남음 -> spaced='0 4시간 19 = - 남음' ; prefix_noise='4시간 19 = -' -> '4시간 19분' (repair_noisy_hour_minute) / direct_parse='4시간 19분' => 19:23 모네가름 / 현재=15:04:14 / 남은시간=4시간 19분 / 계산=19:23 / warnings=-
  slot 3 굴베이그 [TIMED] [words_compact]=4시간 58분 ; segments=4시간 | 58 | = | 남음 -> compact='4시간58=남음' ; prefix_noise='4시간58=' -> '4시간 58분' (repair_noisy_hour_minute) / direct_parse='4시간 58분' => 20:02 굴베이그 / 현재=15:04:14 / 남은시간=4시간 58분 / 계산=20:02 / warnings=-
  slot 4 두라스로르 [TIMED] [words]=21시간 36분 ; segments=0 | 21 | 시간 | 36 | 분 | 남음 -> spaced='0 21 시간 36 분 남음' ; prefix_noise='21 시간 36 분' -> '21시간 36분' (repair_noisy_hour_minute) / direct_parse='21시간 36분' => 12:40 두라스로르 / 현재=15:04:14 / 남은시간=21시간 36분 / 계산=12:40 / warnings=-
  slot 5 드라우그 [TIMED] [words]=18시간 58분 ; segments=0 | 18 | 시간 | 58 | = | 남음 -> spaced='0 18 시간 58 = 남음' ; prefix_noise='18 시간 58 =' -> '18시간 58분' (repair_noisy_hour_minute) / direct_parse='18시간 58분' => 10:02 드라우그 / 현재=15:04:14 / 남은시간=18시간 58분 / 계산=10:02 / warnings=-
  slot 6 오딘 [TIMED] [words_compact]=1일 20시간 ; segments=1일 | 20시간 | 남음 -> compact='1일20시간남음' ; unit_inferred=1일 20시간 / direct_parse='1일 20시간' => 오딘 1일 20시간 / 현재=15:04:14 / 남은시간=1일 20시간 / 계산=11:04 / warnings=-
[이미지 4] area=무스펠하임 base=15:04:15
  ocr window=0,164,1600,730 area=무스펠하임 best=무스펠하임 reason=fixed_full_name_2plus highlight=- top=0 def=440 def_terms=5 def_boss=5 slot_exact=8 slot_boss=8 slot_match=4 slot_strong=4 slot_full=4 exact_boss=16 boss=16 grid=7 empty=0 base=15:04:15 diag=ok=1 err=- img=1250643 src=1600x900 ocr=1600x900 lines=38 words=77 text=280
  slot 1 메기르 [TIMED] [words_compact]=8시간 44분 ; segments=0 | 8시간 | 44분 | 남음 -> compact='08시간44분남음' ; prefix_noise='8시간44분' -> '8시간 44분' (repair_noisy_hour_minute) / direct_parse='8시간 44분' => 23:48 메기르 / 현재=15:04:15 / 남은시간=8시간 44분 / 계산=23:48 / warnings=-
  slot 2 헤르가름 [TIMED] [words_compact]=9시간 29분 ; segments=0 | 9시간 | 29분 | 남음 -> compact='09시간29분남음' ; prefix_noise='9시간29분' -> '9시간 29분' (repair_noisy_hour_minute) / direct_parse='9시간 29분' => 00:33 헤르가름 / 현재=15:04:15 / 남은시간=9시간 29분 / 계산=00:33 / warnings=-
  slot 3 엘드룬 [TIMED] [card_words_group_merge]=11시간 39분 ; card_segments=1 | 1 | 시간 | 39曰 | = | 남음 | 0 -> merged_spaced='1 1 시간 39曰 = 남음 0' ; prefix_noise='1 1 시간 39曰 0' -> '11시간 39분' (repair_minute_glyph, repair_noisy_split_hour_minute, repair_noisy_hour_minute) / direct_parse='11시간 39분' => 02:43 엘드룬 / 현재=15:04:15 / 남은시간=11시간 39분 / 계산=02:43 / warnings=-
  slot 4 수르트 [TIMED] [words_compact]=1일 20시간 ; segments=1일 | 20시간 | 남음 -> compact='1일20시간남음' ; unit_inferred=1일 20시간 / direct_parse='1일 20시간' => 수르트 1일 20시간 / 현재=15:04:15 / 남은시간=1일 20시간 / 계산=11:04 / warnings=-
  slot 5 신마라 [TIMED] [words]=6시간 57분 ; segments=0 | 6시간 | 57 | = | 남음 -> spaced='0 6시간 57 = 남음' ; prefix_noise='6시간 57 =' -> '6시간 57분' (repair_noisy_hour_minute) / direct_parse='6시간 57분' => 22:01 신마라 / 현재=15:04:15 / 남은시간=6시간 57분 / 계산=22:01 / warnings=-
  slot 6 탕그 [TIMED] [words]=6시간 58분 ; segments=0 | 6시간 | 58 | = | 남음 -> spaced='0 6시간 58 = 남음' ; prefix_noise='6시간 58 =' -> '6시간 58분' (repair_noisy_hour_minute) / direct_parse='6시간 58분' => 22:02 탕그 / 현재=15:04:15 / 남은시간=6시간 58분 / 계산=22:02 / warnings=-
  slot 7 우로보로스 [TIMED] [words_split_digits]=11시간 57분 ; segments=1 | 1 | 시간 | 57曰 | = | 남음 -> merged_digits='11 시간 57曰 = 남음' ; prefix_noise='11 시간 57曰 =' -> '11시간 57분' (repair_minute_glyph, repair_noisy_hour_minute) / direct_parse='11시간 57분' => 03:01 우로보로스 / 현재=15:04:15 / 남은시간=11시간 57분 / 계산=03:01 / warnings=-
[이미지 5] area=아스가르드 base=15:04:16
  ocr window=0,145,1600,815 area=아스가르드 best=아스가르드 reason=fixed_full_name_2plus highlight=- top=0 def=440 def_terms=5 def_boss=5 slot_exact=8 slot_boss=8 slot_match=4 slot_strong=4 slot_full=4 exact_boss=12 boss=12 grid=6 empty=0 base=15:04:16 diag=ok=1 err=- img=1185916 src=1600x900 ocr=1600x900 lines=34 words=66 text=231
  slot 1 발리 [TIMED] [card_line]=1일 22시간 ; card_line='0 1일 22시간 남음' ; direct_parse='1일 22시간' => 발리 1일 22시간 / 현재=15:04:16 / 남은시간=1일 22시간 / 계산=13:04 / warnings=-
  slot 2 샤무크 [TIMED] [card_line]=1일 19시간 ; card_line='0 1일 19시간 남음' ; direct_parse='1일 19시간' => 샤무크 1일 19시간 / 현재=15:04:16 / 남은시간=1일 19시간 / 계산=10:04 / warnings=-
  slot 3 그로아 [TIMED] [card_words]=16시간 34분 ; card_segments=16시간 | 34분 | 남음 -> spaced='16시간 34분 남음' ; direct_parse='16시간 34분' => 07:38 그로아 / 현재=15:04:16 / 남은시간=16시간 34분 / 계산=07:38 / warnings=-
  slot 4 노트 [TIMED] [card_line]=1일 19시간 ; card_line='0 1일 19시간 남음' ; direct_parse='1일 19시간' => 노트 1일 19시간 / 현재=15:04:16 / 남은시간=1일 19시간 / 계산=10:04 / warnings=-
  slot 5 스칼드메르 [TIMED] [card_words_split_digits]=3시간 30분 ; card_segments=0 | 3 | 시간 | 30 | = | - | 남음 -> merged_digits='03 시간 30 = - 남음' ; prefix_noise='3시간 30 = -' -> '3시간 30분' (repair_noisy_hour_minute) / direct_parse='3시간 30분' => 18:34 스칼드메르 / 현재=15:04:16 / 남은시간=3시간 30분 / 계산=18:34 / warnings=-
  slot 6 미미르 [TIMED] [card_words]=2일 16시간 ; card_segments=2일 | 16시간 | 남음 -> spaced='2일 16시간 남음' ; direct_parse='2일 16시간' => 미미르 2일 16시간 / 현재=15:04:16 / 남은시간=2일 16시간 / 계산=07:04 / warnings=-
[이미지 6] area=니플하임 base=15:04:18
  ocr window=0,149,1600,798 area=니플하임 best=니플하임 reason=fixed_full_name_2plus highlight=- top=0 def=131 def_terms=2 def_boss=2 slot_exact=4 slot_boss=4 slot_match=2 slot_strong=2 slot_full=2 exact_boss=0 boss=0 grid=5 empty=0 base=15:04:18 diag=ok=1 err=- img=1119506 src=1600x900 ocr=1600x900 lines=28 words=50 text=189
  slot 1 히로킨 [TIMED] [words_compact]=1일 21시간 ; segments=0 | 1일 | 21시간 | 남음 -> compact='01일21시간남음' ; unit_inferred=1일 21시간 / direct_parse='1일 21시간' => 히로킨 1일 21시간 / 현재=15:04:18 / 남은시간=1일 21시간 / 계산=12:04 / warnings=-
  slot 2 헤이드 [TIMED] [words_compact]=1일 21시간 ; segments=0 | 1일 | 21시간 | 남음 -> compact='01일21시간남음' ; unit_inferred=1일 21시간 / direct_parse='1일 21시간' => 헤이드 1일 21시간 / 현재=15:04:18 / 남은시간=1일 21시간 / 계산=12:04 / warnings=-
  slot 3 이미르 [TIMED] [card_words]=22시간 23분 ; card_segments=22시간 | 23 | 분 | 남음 -> spaced='22시간 23 분 남음' ; prefix_noise='22시간 23 분' -> '22시간 23분' (repair_noisy_hour_minute) / direct_parse='22시간 23분' => 13:27 이미르 / 현재=15:04:18 / 남은시간=22시간 23분 / 계산=13:27 / warnings=-
  slot 4 호드 [TIMED] [card_line]=1일 21시간 ; card_line='0 1일 21시간 남음' ; direct_parse='1일 21시간' => 호드 1일 21시간 / 현재=15:04:18 / 남은시간=1일 21시간 / 계산=12:04 / warnings=-
  slot 5 프레이 [TIMED] [card_line]=1일 21시간 ; card_line='0 1일 21시간 남음' ; direct_parse='1일 21시간' => 프레이 1일 21시간 / 현재=15:04:18 / 남은시간=1일 21시간 / 계산=12:04 / warnings=-
[이미지 7] area=던전 base=15:04:19
  ocr window=0,146,1600,812 area=던전 best=던전 reason=fixed_full_name_2plus highlight=- top=0 def=640 def_terms=5 def_boss=7 slot_exact=8 slot_boss=9 slot_match=5 slot_strong=3 slot_full=5 exact_boss=2 boss=2 grid=6 empty=0 base=15:04:19 diag=ok=1 err=- img=1202342 src=1600x900 ocr=1600x900 lines=38 words=76 text=297
  slot 1 최하층굴베 [TIMED] [card_line]=17시간 27분 ; card_line='0 17시간 27분 남음' ; direct_parse='17시간 27분' => 08:31 최하층굴베 / 현재=15:04:19 / 남은시간=17시간 27분 / 계산=08:31 / warnings=-
  slot 2 최하층스네르 [TIMED] [card_line]=2일 20시간 ; card_line='0 2일 20시간 남음' ; direct_parse='2일 20시간' => 최하층스네르 2일 20시간 / 현재=15:04:19 / 남은시간=2일 20시간 / 계산=11:04 / warnings=-
  slot 3 7층 [TIMED] [card_words]=4시간 0분 ; card_segments=4시간 | 0분 | 남음 -> spaced='4시간 0분 남음' ; direct_parse='4시간 0분' => 19:04 7층 / 현재=15:04:19 / 남은시간=4시간 0분 / 계산=19:04 / warnings=-
  slot 4 최하층강글 [TIMED] [card_line]=15시간 54분 ; card_line='0 15시간 54분 남음' ; direct_parse='15시간 54분' => 06:58 최하층강글 / 현재=15:04:19 / 남은시간=15시간 54분 / 계산=06:58 / warnings=-
  slot 5 4층 [TIMED] [card_words]=11시간 20분 ; card_segments=0 | 1 | 1 | 시간 | 20曰 | = | 남음 -> spaced='0 1 1 시간 20曰 = 남음' ; prefix_noise='0 1 1 시간 20曰 =' -> '11시간 20분' (repair_minute_glyph, drop_leading_zero, repair_noisy_split_hour_minute, repair_noisy_hour_minute) / direct_parse='11시간 20분' => 02:24 4층 / 현재=15:04:19 / 남은시간=11시간 20분 / 계산=02:24 / warnings=-
  slot 6 10층 [TIMED] [card_words]=15시간 13분 ; card_segments=15시간 | 13분 | 남음 -> spaced='15시간 13분 남음' ; direct_parse='15시간 13분' => 06:17 10층 / 현재=15:04:19 / 남은시간=15시간 13분 / 계산=06:17 / warnings=-

[2026-05-10 15:05:23] mode=ocr
[이미지 1] area=요툰하임 base=15:04:12
  ocr window=0,164,1600,730 area=요툰하임 best=요툰하임 reason=fixed_full_name_2plus highlight=- top=0 def=337 def_terms=4 def_boss=4 slot_exact=6 slot_boss=6 slot_match=3 slot_strong=3 slot_full=3 exact_boss=8 boss=10 grid=8 empty=0 base=15:04:12 diag=ok=1 err=- img=1349837 src=1600x900 ocr=1600x900 lines=37 words=74 text=247
  slot 1 파르바 [TIMED] [words_split_digits]=8시간 25분 ; segments=0 | 8 | 시간 | 25 | 분 | 남음 -> merged_digits='08 시간 25 분 남음' ; prefix_noise='8시간 25 분' -> '8시간 25분' (repair_noisy_hour_minute) / direct_parse='8시간 25분' => 23:29 파르바 / 현재=15:04:12 / 남은시간=8시간 25분 / 계산=23:29 / warnings=-
  slot 2 흐니르 [TIMED] [words_split_digits]=7시간 37분 ; segments=0 | 7 | 시간 | 37 | = | - | 남음 -> merged_digits='07 시간 37 = - 남음' ; prefix_noise='7시간 37 = -' -> '7시간 37분' (repair_noisy_hour_minute) / direct_parse='7시간 37분' => 22:41 흐니르 / 현재=15:04:12 / 남은시간=7시간 37분 / 계산=22:41 / warnings=-
  slot 3 바우티 [TIMED] [card_words_group_merge]=6시간 57분 ; card_segments=6시간 | 57 | = | - | 남음 | 0 -> merged_spaced='6시간 57 = - 남음 0' ; prefix_noise='6시간 57 = - 0' -> '6시간 57분' (repair_noisy_hour_minute) / direct_parse='6시간 57분' => 22:01 바우티 / 현재=15:04:12 / 남은시간=6시간 57분 / 계산=22:01 / warnings=-
  slot 4 야른 [TIMED] [words_compact]=8시간 24분 ; segments=8시간 | 24분 | 남음 -> compact='8시간24분남음' ; prefix_noise='8시간24분' -> '8시간 24분' (repair_noisy_hour_minute) / direct_parse='8시간 24분' => 23:28 야른 / 현재=15:04:12 / 남은시간=8시간 24분 / 계산=23:28 / warnings=-
  slot 5 셀로비아 [TIMED] [words]=6시간 57분 ; segments=0 | 6시간 | 57 | = | 남음 -> spaced='0 6시간 57 = 남음' ; prefix_noise='6시간 57 =' -> '6시간 57분' (repair_noisy_hour_minute) / direct_parse='6시간 57분' => 22:01 셀로비아 / 현재=15:04:12 / 남은시간=6시간 57분 / 계산=22:01 / warnings=-
  slot 6 페티 [TIMED] [words]=10시간 2분 ; segments=0 | 10시간 | 2 | = | 남음 -> spaced='0 10시간 2 = 남음' ; prefix_noise='10시간 2 =' -> '10시간 2분' (repair_noisy_hour_minute) / direct_parse='10시간 2분' => 01:06 페티 / 현재=15:04:12 / 남은시간=10시간 2분 / 계산=01:06 / warnings=-
  slot 7 니드호그 [TIMED] [card_words_group_merge]=8시간 6분 ; card_segments=0 | 8시간 | 6분 | 남음 | 0 -> merged_spaced='0 8시간 6분 남음 0' ; prefix_noise='8시간 6분 0' -> '8시간 6분' (repair_noisy_hour_minute) / direct_parse='8시간 6분' => 23:10 니드호그 / 현재=15:04:12 / 남은시간=8시간 6분 / 계산=23:10 / warnings=-
  slot 8 티르 [TIMED] [words_compact]=1일 1시간 ; segments=1일 | 1시간 | 남음 -> compact='1일1시간남음' ; unit_inferred=1일 1시간 / direct_parse='1일 1시간' => 티르 1일 1시간 / 현재=15:04:12 / 남은시간=1일 1시간 / 계산=16:04 / warnings=-
[이미지 2] area=니다벨리르 base=15:04:13
  ocr window=0,164,1600,730 area=니다벨리르 best=니다벨리르 reason=fixed_full_name_2plus highlight=- top=0 def=337 def_terms=4 def_boss=4 slot_exact=4 slot_boss=5 slot_match=3 slot_strong=3 slot_full=3 exact_boss=12 boss=12 grid=8 empty=0 base=15:04:13 diag=ok=1 err=- img=1328267 src=1600x900 ocr=1600x900 lines=41 words=79 text=267
  slot 1 라이노르 [TIMED] [words_split_digits]=7시간 59분 ; segments=0 | 7 | 시간 | 59 | = | - | 남음 -> merged_digits='07 시간 59 = - 남음' ; prefix_noise='7시간 59 = -' -> '7시간 59분' (repair_noisy_hour_minute) / direct_parse='7시간 59분' => 23:03 라이노르 / 현재=15:04:13 / 남은시간=7시간 59분 / 계산=23:03 / warnings=-
  slot 2 헤르모드 [TIMED] [words]=10시간 21분 ; segments=0 | 10시간 | 21 | 분 | 남음 -> spaced='0 10시간 21 분 남음' ; prefix_noise='10시간 21 분' -> '10시간 21분' (repair_noisy_hour_minute) / direct_parse='10시간 21분' => 01:25 헤르모드 / 현재=15:04:13 / 남은시간=10시간 21분 / 계산=01:25 / warnings=-
  slot 3 브륀힐드 [TIMED] [card_words_group_merge]=7시간 38분 ; card_segments=7 | 시간 | 38 | = | 남음 | 0 -> merged_spaced='7 시간 38 = 남음 0' ; prefix_noise='7 시간 38 = 0' -> '7시간 38분' (repair_noisy_hour_minute) / direct_parse='7시간 38분' => 22:42 브륀힐드 / 현재=15:04:13 / 남은시간=7시간 38분 / 계산=22:42 / warnings=-
  slot 4 수드리 [TIMED] [words_compact]=9시간 5분 ; segments=9시간 | 5분 | 남음 -> compact='9시간5분남음' ; prefix_noise='9시간5분' -> '9시간 5분' (repair_noisy_hour_minute) / direct_parse='9시간 5분' => 00:09 수드리 / 현재=15:04:13 / 남은시간=9시간 5분 / 계산=00:09 / warnings=-
  slot 5 비요른 [TIMED] [words_compact]=9시간 48분 ; segments=0 | 9시간 | 48분 | 남음 -> compact='09시간48분남음' ; prefix_noise='9시간48분' -> '9시간 48분' (repair_noisy_hour_minute) / direct_parse='9시간 48분' => 00:52 비요른 / 현재=15:04:13 / 남은시간=9시간 48분 / 계산=00:52 / warnings=-
  slot 6 스칼라니르 [TIMED] [words]=10시간 7분 ; segments=0 | 10시간 | 7 | = | 남음 -> spaced='0 10시간 7 = 남음' ; prefix_noise='10시간 7 =' -> '10시간 7분' (repair_noisy_hour_minute) / direct_parse='10시간 7분' => 01:11 스칼라니르 / 현재=15:04:13 / 남은시간=10시간 7분 / 계산=01:11 / warnings=-
  slot 7 라타토스크 [TIMED] [card_words_group_merge]=7시간 37분 ; card_segments=7 | 시간 | 37 | = | “ | 남음 | 0 -> merged_spaced='7 시간 37 = “ 남음 0' ; prefix_noise='7 시간 37 = “ 0' -> '7시간 37분' (repair_noisy_hour_minute) / direct_parse='7시간 37분' => 22:41 라타토스크 / 현재=15:04:13 / 남은시간=7시간 37분 / 계산=22:41 / warnings=-
  slot 8 토르 [TIMED] [words_compact]=2일 3시간 ; segments=2일 | 3시간 | 남음 -> compact='2일3시간남음' ; unit_inferred=2일 3시간 / direct_parse='2일 3시간' => 토르 2일 3시간 / 현재=15:04:13 / 남은시간=2일 3시간 / 계산=18:04 / warnings=-
[이미지 3] area=알브하임 base=15:04:14
  ocr window=0,164,1600,730 area=알브하임 best=알브하임 reason=fixed_full_name_2plus highlight=- top=0 def=440 def_terms=5 def_boss=5 slot_exact=8 slot_boss=8 slot_match=4 slot_strong=4 slot_full=4 exact_boss=12 boss=14 grid=6 empty=0 base=15:04:14 diag=ok=1 err=- img=1167350 src=1600x900 ocr=1600x900 lines=38 words=69 text=241
  slot 1 스바르트 [TIMED] [words]=18시간 58분 ; segments=0 | 18 | 시간 | 58 | = | - | 남음 -> spaced='0 18 시간 58 = - 남음' ; prefix_noise='18 시간 58 = -' -> '18시간 58분' (repair_noisy_hour_minute) / direct_parse='18시간 58분' => 10:02 스바르트 / 현재=15:04:14 / 남은시간=18시간 58분 / 계산=10:02 / warnings=-
  slot 2 모네가름 [TIMED] [words]=4시간 19분 ; segments=0 | 4시간 | 19 | = | - | 남음 -> spaced='0 4시간 19 = - 남음' ; prefix_noise='4시간 19 = -' -> '4시간 19분' (repair_noisy_hour_minute) / direct_parse='4시간 19분' => 19:23 모네가름 / 현재=15:04:14 / 남은시간=4시간 19분 / 계산=19:23 / warnings=-
  slot 3 굴베이그 [TIMED] [words_compact]=4시간 58분 ; segments=4시간 | 58 | = | 남음 -> compact='4시간58=남음' ; prefix_noise='4시간58=' -> '4시간 58분' (repair_noisy_hour_minute) / direct_parse='4시간 58분' => 20:02 굴베이그 / 현재=15:04:14 / 남은시간=4시간 58분 / 계산=20:02 / warnings=-
  slot 4 두라스로르 [TIMED] [words]=21시간 36분 ; segments=0 | 21 | 시간 | 36 | 분 | 남음 -> spaced='0 21 시간 36 분 남음' ; prefix_noise='21 시간 36 분' -> '21시간 36분' (repair_noisy_hour_minute) / direct_parse='21시간 36분' => 12:40 두라스로르 / 현재=15:04:14 / 남은시간=21시간 36분 / 계산=12:40 / warnings=-
  slot 5 드라우그 [TIMED] [words]=18시간 58분 ; segments=0 | 18 | 시간 | 58 | = | 남음 -> spaced='0 18 시간 58 = 남음' ; prefix_noise='18 시간 58 =' -> '18시간 58분' (repair_noisy_hour_minute) / direct_parse='18시간 58분' => 10:02 드라우그 / 현재=15:04:14 / 남은시간=18시간 58분 / 계산=10:02 / warnings=-
  slot 6 오딘 [TIMED] [words_compact]=1일 20시간 ; segments=1일 | 20시간 | 남음 -> compact='1일20시간남음' ; unit_inferred=1일 20시간 / direct_parse='1일 20시간' => 오딘 1일 20시간 / 현재=15:04:14 / 남은시간=1일 20시간 / 계산=11:04 / warnings=-
[이미지 4] area=무스펠하임 base=15:04:15
  ocr window=0,164,1600,730 area=무스펠하임 best=무스펠하임 reason=fixed_full_name_2plus highlight=- top=0 def=440 def_terms=5 def_boss=5 slot_exact=8 slot_boss=8 slot_match=4 slot_strong=4 slot_full=4 exact_boss=16 boss=16 grid=7 empty=0 base=15:04:15 diag=ok=1 err=- img=1250643 src=1600x900 ocr=1600x900 lines=38 words=77 text=280
  slot 1 메기르 [TIMED] [words_compact]=8시간 44분 ; segments=0 | 8시간 | 44분 | 남음 -> compact='08시간44분남음' ; prefix_noise='8시간44분' -> '8시간 44분' (repair_noisy_hour_minute) / direct_parse='8시간 44분' => 23:48 메기르 / 현재=15:04:15 / 남은시간=8시간 44분 / 계산=23:48 / warnings=-
  slot 2 헤르가름 [TIMED] [words_compact]=9시간 29분 ; segments=0 | 9시간 | 29분 | 남음 -> compact='09시간29분남음' ; prefix_noise='9시간29분' -> '9시간 29분' (repair_noisy_hour_minute) / direct_parse='9시간 29분' => 00:33 헤르가름 / 현재=15:04:15 / 남은시간=9시간 29분 / 계산=00:33 / warnings=-
  slot 3 엘드룬 [TIMED] [card_words_group_merge]=11시간 39분 ; card_segments=1 | 1 | 시간 | 39曰 | = | 남음 | 0 -> merged_spaced='1 1 시간 39曰 = 남음 0' ; prefix_noise='1 1 시간 39曰 0' -> '11시간 39분' (repair_minute_glyph, repair_noisy_split_hour_minute, repair_noisy_hour_minute) / direct_parse='11시간 39분' => 02:43 엘드룬 / 현재=15:04:15 / 남은시간=11시간 39분 / 계산=02:43 / warnings=-
  slot 4 수르트 [TIMED] [words_compact]=1일 20시간 ; segments=1일 | 20시간 | 남음 -> compact='1일20시간남음' ; unit_inferred=1일 20시간 / direct_parse='1일 20시간' => 수르트 1일 20시간 / 현재=15:04:15 / 남은시간=1일 20시간 / 계산=11:04 / warnings=-
  slot 5 신마라 [TIMED] [words]=6시간 57분 ; segments=0 | 6시간 | 57 | = | 남음 -> spaced='0 6시간 57 = 남음' ; prefix_noise='6시간 57 =' -> '6시간 57분' (repair_noisy_hour_minute) / direct_parse='6시간 57분' => 22:01 신마라 / 현재=15:04:15 / 남은시간=6시간 57분 / 계산=22:01 / warnings=-
  slot 6 탕그 [TIMED] [words]=6시간 58분 ; segments=0 | 6시간 | 58 | = | 남음 -> spaced='0 6시간 58 = 남음' ; prefix_noise='6시간 58 =' -> '6시간 58분' (repair_noisy_hour_minute) / direct_parse='6시간 58분' => 22:02 탕그 / 현재=15:04:15 / 남은시간=6시간 58분 / 계산=22:02 / warnings=-
  slot 7 우로보로스 [TIMED] [words_split_digits]=11시간 57분 ; segments=1 | 1 | 시간 | 57曰 | = | 남음 -> merged_digits='11 시간 57曰 = 남음' ; prefix_noise='11 시간 57曰 =' -> '11시간 57분' (repair_minute_glyph, repair_noisy_hour_minute) / direct_parse='11시간 57분' => 03:01 우로보로스 / 현재=15:04:15 / 남은시간=11시간 57분 / 계산=03:01 / warnings=-
[이미지 5] area=아스가르드 base=15:04:16
  ocr window=0,145,1600,815 area=아스가르드 best=아스가르드 reason=fixed_full_name_2plus highlight=- top=0 def=440 def_terms=5 def_boss=5 slot_exact=8 slot_boss=8 slot_match=4 slot_strong=4 slot_full=4 exact_boss=12 boss=12 grid=6 empty=0 base=15:04:16 diag=ok=1 err=- img=1185916 src=1600x900 ocr=1600x900 lines=34 words=66 text=231
  slot 1 발리 [TIMED] [card_line]=1일 22시간 ; card_line='0 1일 22시간 남음' ; direct_parse='1일 22시간' => 발리 1일 22시간 / 현재=15:04:16 / 남은시간=1일 22시간 / 계산=13:04 / warnings=-
  slot 2 샤무크 [TIMED] [card_line]=1일 19시간 ; card_line='0 1일 19시간 남음' ; direct_parse='1일 19시간' => 샤무크 1일 19시간 / 현재=15:04:16 / 남은시간=1일 19시간 / 계산=10:04 / warnings=-
  slot 3 그로아 [TIMED] [card_words]=16시간 34분 ; card_segments=16시간 | 34분 | 남음 -> spaced='16시간 34분 남음' ; direct_parse='16시간 34분' => 07:38 그로아 / 현재=15:04:16 / 남은시간=16시간 34분 / 계산=07:38 / warnings=-
  slot 4 노트 [TIMED] [card_line]=1일 19시간 ; card_line='0 1일 19시간 남음' ; direct_parse='1일 19시간' => 노트 1일 19시간 / 현재=15:04:16 / 남은시간=1일 19시간 / 계산=10:04 / warnings=-
  slot 5 스칼드메르 [TIMED] [card_words_split_digits]=3시간 30분 ; card_segments=0 | 3 | 시간 | 30 | = | - | 남음 -> merged_digits='03 시간 30 = - 남음' ; prefix_noise='3시간 30 = -' -> '3시간 30분' (repair_noisy_hour_minute) / direct_parse='3시간 30분' => 18:34 스칼드메르 / 현재=15:04:16 / 남은시간=3시간 30분 / 계산=18:34 / warnings=-
  slot 6 미미르 [TIMED] [card_words]=2일 16시간 ; card_segments=2일 | 16시간 | 남음 -> spaced='2일 16시간 남음' ; direct_parse='2일 16시간' => 미미르 2일 16시간 / 현재=15:04:16 / 남은시간=2일 16시간 / 계산=07:04 / warnings=-
[이미지 6] area=니플하임 base=15:04:18
  ocr window=0,149,1600,798 area=니플하임 best=니플하임 reason=fixed_full_name_2plus highlight=- top=0 def=131 def_terms=2 def_boss=2 slot_exact=4 slot_boss=4 slot_match=2 slot_strong=2 slot_full=2 exact_boss=0 boss=0 grid=5 empty=0 base=15:04:18 diag=ok=1 err=- img=1119506 src=1600x900 ocr=1600x900 lines=28 words=50 text=189
  slot 1 히로킨 [TIMED] [words_compact]=1일 21시간 ; segments=0 | 1일 | 21시간 | 남음 -> compact='01일21시간남음' ; unit_inferred=1일 21시간 / direct_parse='1일 21시간' => 히로킨 1일 21시간 / 현재=15:04:18 / 남은시간=1일 21시간 / 계산=12:04 / warnings=-
  slot 2 헤이드 [TIMED] [words_compact]=1일 21시간 ; segments=0 | 1일 | 21시간 | 남음 -> compact='01일21시간남음' ; unit_inferred=1일 21시간 / direct_parse='1일 21시간' => 헤이드 1일 21시간 / 현재=15:04:18 / 남은시간=1일 21시간 / 계산=12:04 / warnings=-
  slot 3 이미르 [TIMED] [card_words]=22시간 23분 ; card_segments=22시간 | 23 | 분 | 남음 -> spaced='22시간 23 분 남음' ; prefix_noise='22시간 23 분' -> '22시간 23분' (repair_noisy_hour_minute) / direct_parse='22시간 23분' => 13:27 이미르 / 현재=15:04:18 / 남은시간=22시간 23분 / 계산=13:27 / warnings=-
  slot 4 호드 [TIMED] [card_line]=1일 21시간 ; card_line='0 1일 21시간 남음' ; direct_parse='1일 21시간' => 호드 1일 21시간 / 현재=15:04:18 / 남은시간=1일 21시간 / 계산=12:04 / warnings=-
  slot 5 프레이 [TIMED] [card_line]=1일 21시간 ; card_line='0 1일 21시간 남음' ; direct_parse='1일 21시간' => 프레이 1일 21시간 / 현재=15:04:18 / 남은시간=1일 21시간 / 계산=12:04 / warnings=-
[이미지 7] area=던전 base=15:04:19
  ocr window=0,146,1600,812 area=던전 best=던전 reason=fixed_full_name_2plus highlight=- top=0 def=640 def_terms=5 def_boss=7 slot_exact=8 slot_boss=9 slot_match=5 slot_strong=3 slot_full=5 exact_boss=2 boss=2 grid=6 empty=0 base=15:04:19 diag=ok=1 err=- img=1202342 src=1600x900 ocr=1600x900 lines=38 words=76 text=297
  slot 1 최하층굴베 [TIMED] [card_line]=17시간 27분 ; card_line='0 17시간 27분 남음' ; direct_parse='17시간 27분' => 08:31 최하층굴베 / 현재=15:04:19 / 남은시간=17시간 27분 / 계산=08:31 / warnings=-
  slot 2 최하층스네르 [TIMED] [card_line]=2일 20시간 ; card_line='0 2일 20시간 남음' ; direct_parse='2일 20시간' => 최하층스네르 2일 20시간 / 현재=15:04:19 / 남은시간=2일 20시간 / 계산=11:04 / warnings=-
  slot 3 7층 [TIMED] [card_words]=4시간 0분 ; card_segments=4시간 | 0분 | 남음 -> spaced='4시간 0분 남음' ; direct_parse='4시간 0분' => 19:04 7층 / 현재=15:04:19 / 남은시간=4시간 0분 / 계산=19:04 / warnings=-
  slot 4 최하층강글 [TIMED] [card_line]=15시간 54분 ; card_line='0 15시간 54분 남음' ; direct_parse='15시간 54분' => 06:58 최하층강글 / 현재=15:04:19 / 남은시간=15시간 54분 / 계산=06:58 / warnings=-
  slot 5 4층 [TIMED] [card_words]=11시간 20분 ; card_segments=0 | 1 | 1 | 시간 | 20曰 | = | 남음 -> spaced='0 1 1 시간 20曰 = 남음' ; prefix_noise='0 1 1 시간 20曰 =' -> '11시간 20분' (repair_minute_glyph, drop_leading_zero, repair_noisy_split_hour_minute, repair_noisy_hour_minute) / direct_parse='11시간 20분' => 02:24 4층 / 현재=15:04:19 / 남은시간=11시간 20분 / 계산=02:24 / warnings=-
  slot 6 10층 [TIMED] [card_words]=15시간 13분 ; card_segments=15시간 | 13분 | 남음 -> spaced='15시간 13분 남음' ; direct_parse='15시간 13분' => 06:17 10층 / 현재=15:04:19 / 남은시간=15시간 13분 / 계산=06:17 / warnings=-

[2026-05-13 18:59:16] mode=ocr2
[이미지 1] area=요툰하임 base=18:58:51
  ocr2 fixed=1600x900 window=176,190,1410,709 area=요툰하임 best=요툰하임 final=요툰하임 reason=fixed_full_name_2plus highlight=775 fixed_tab=알브하임 def=337 def_boss=4 slot_match=3 slot_strong=3 slot_full=3 base=18:58:51 diag=ok=1 err=- img=1389186 src=1600x900 ocr=1600x900 lines=39 words=84 text=287
  slot 1 파르바 [TIMED] [words_split_digits]=7시간 19분 ; segments=0 | 7 | 시간 | 19 | = | - | 남음 -> merged_digits='07 시간 19 = - 남음' ; prefix_noise='7시간 19 = -' -> '7시간 19분' (repair_noisy_hour_minute) / direct_parse='7시간 19분' => 02:17 파르바 / 현재=18:58:51 / 남은시간=7시간 19분 / 계산=02:17 / warnings=-
  slot 2 흐니르 [TIMED] [words]=5시간 12분 ; segments=0 | 5시간 | 1 | 2 | = | - | 남음 -> spaced='0 5시간 1 2 = - 남음' ; prefix_noise='5시간 1 2 = -' -> '5시간 12분' (repair_split_minute_digits_after_hour, repair_noisy_hour_minute) / direct_parse='5시간 12분' => 00:10 흐니르 / 현재=18:58:51 / 남은시간=5시간 12분 / 계산=00:10 / warnings=-
  slot 3 바우티 [TIMED] [words]=5시간 11분 ; segments=0 | 5시간 | 1 | 1 | 분 | 남음 -> spaced='0 5시간 1 1 분 남음' ; prefix_noise='5시간 1 1 분' -> '5시간 11분' (merge_split_minute_digits_after_hour, repair_noisy_hour_minute) / direct_parse='5시간 11분' => 00:09 바우티 / 현재=18:58:51 / 남은시간=5시간 11분 / 계산=00:09 / warnings=-
  slot 4 야른 [TIMED] [words_compact]=4시간 2분 ; segments=0 | 4시간 | 2분 | 남음 -> compact='04시간2분남음' ; prefix_noise='4시간2분' -> '4시간 2분' (repair_noisy_hour_minute) / direct_parse='4시간 2분' => 23:00 야른 / 현재=18:58:51 / 남은시간=4시간 2분 / 계산=23:00 / warnings=-
  slot 5 셀로비아 [TIMED] [words]=4시간 51분 ; segments=0 | 4시간 | 51 | 분 | 남음 -> spaced='0 4시간 51 분 남음' ; prefix_noise='4시간 51 분' -> '4시간 51분' (repair_noisy_hour_minute) / direct_parse='4시간 51분' => 23:49 셀로비아 / 현재=18:58:51 / 남은시간=4시간 51분 / 계산=23:49 / warnings=-
  slot 6 페티 [TIMED] [words_compact]=4시간 2분 ; segments=0 | 4시간 | 2분 | 남음 -> compact='04시간2분남음' ; prefix_noise='4시간2분' -> '4시간 2분' (repair_noisy_hour_minute) / direct_parse='4시간 2분' => 23:00 페티 / 현재=18:58:51 / 남은시간=4시간 2분 / 계산=23:00 / warnings=-
  slot 7 니드호그 [TIMED] [words_compact]=4시간 3분 ; segments=0 | 4시간 | 3분 | 남음 -> compact='04시간3분남음' ; prefix_noise='4시간3분' -> '4시간 3분' (repair_noisy_hour_minute) / direct_parse='4시간 3분' => 23:01 니드호그 / 현재=18:58:51 / 남은시간=4시간 3분 / 계산=23:01 / warnings=-
  slot 8 티르 [TIMED] [words_compact]=2일 16시간 ; segments=0 | 2일 | 16시간 | 남음 -> compact='02일16시간남음' ; unit_inferred=2일 16시간 / direct_parse='2일 16시간' => 티르 2일 16시간 / 현재=18:58:51 / 남은시간=2일 16시간 / 계산=10:58 / warnings=-
[이미지 2] area=니다벨리르 base=18:58:53
  ocr2 fixed=1600x900 window=176,190,1410,709 area=니다벨리르 best=니다벨리르 final=니다벨리르 reason=fixed_full_name_2plus highlight=- fixed_tab=- def=337 def_boss=4 slot_match=4 slot_strong=4 slot_full=4 base=18:58:53 diag=ok=1 err=- img=1368176 src=1600x900 ocr=1600x900 lines=41 words=78 text=280
  slot 1 라이노르 [TIMED] [words]=5시간 36분 ; segments=0 | 5시간 | 36 | 분 | 남음 -> spaced='0 5시간 36 분 남음' ; prefix_noise='5시간 36 분' -> '5시간 36분' (repair_noisy_hour_minute) / direct_parse='5시간 36분' => 00:34 라이노르 / 현재=18:58:53 / 남은시간=5시간 36분 / 계산=00:34 / warnings=-
  slot 2 헤르모드 [TIMED] [words]=6시간 39분 ; segments=0 | 6시간 | 39 | = | - | 남음 -> spaced='0 6시간 39 = - 남음' ; prefix_noise='6시간 39 = -' -> '6시간 39분' (repair_noisy_hour_minute) / direct_parse='6시간 39분' => 01:37 헤르모드 / 현재=18:58:53 / 남은시간=6시간 39분 / 계산=01:37 / warnings=-
  slot 3 브륀힐드 [TIMED] [words_compact]=4시간 24분 ; segments=0 | 4시간 | 24분 | 남음 -> compact='04시간24분남음' ; prefix_noise='4시간24분' -> '4시간 24분' (repair_noisy_hour_minute) / direct_parse='4시간 24분' => 23:22 브륀힐드 / 현재=18:58:53 / 남은시간=4시간 24분 / 계산=23:22 / warnings=-
  slot 4 수드리 [TIMED] [words_compact]=4시간 2분 ; segments=0 | 4시간 | 2분 | 남음 -> compact='04시간2분남음' ; prefix_noise='4시간2분' -> '4시간 2분' (repair_noisy_hour_minute) / direct_parse='4시간 2분' => 23:00 수드리 / 현재=18:58:53 / 남은시간=4시간 2분 / 계산=23:00 / warnings=-
  slot 5 비요른 [TIMED] [words_compact]=4시간 2분 ; segments=0 | 4시간 | 2분 | 남음 -> compact='04시간2분남음' ; prefix_noise='4시간2분' -> '4시간 2분' (repair_noisy_hour_minute) / direct_parse='4시간 2분' => 23:00 비요른 / 현재=18:58:53 / 남은시간=4시간 2분 / 계산=23:00 / warnings=-
  slot 6 스칼라니르 [TIMED] [words_compact]=5시간 34분 ; segments=0 | 5시간 | 34분 | 남음 -> compact='05시간34분남음' ; prefix_noise='5시간34분' -> '5시간 34분' (repair_noisy_hour_minute) / direct_parse='5시간 34분' => 00:32 스칼라니르 / 현재=18:58:53 / 남은시간=5시간 34분 / 계산=00:32 / warnings=-
  slot 7 라타토스크 [TIMED] [words]=4시간 16분 ; segments=0 | 4시간 | 16 | 분 | 남음 -> spaced='0 4시간 16 분 남음' ; prefix_noise='4시간 16 분' -> '4시간 16분' (repair_noisy_hour_minute) / direct_parse='4시간 16분' => 23:14 라타토스크 / 현재=18:58:53 / 남은시간=4시간 16분 / 계산=23:14 / warnings=-
  slot 8 토르 [TIMED] [words_compact]=45분 45초 ; segments=045= | 부 | 45초 | 남음 -> compact='045=부45초남음' ; prefix_noise='045부45초' -> '45분 45초' (repair_minute_glyph, repair_zero_prefixed_minute_second_explicit) / direct_parse='45분 45초' => 19:44:38 토르 / 현재=18:58:53 / 남은시간=45분 45초 / 계산=19:44:38 / warnings=-
[이미지 3] area=알브하임 base=18:58:54
  ocr2 fixed=1600x900 window=176,190,1410,709 area=알브하임 best=알브하임 final=알브하임 reason=fixed_full_name_2plus highlight=- fixed_tab=- def=440 def_boss=5 slot_match=5 slot_strong=5 slot_full=5 base=18:58:54 diag=ok=1 err=- img=1223303 src=1600x900 ocr=1600x900 lines=37 words=70 text=256
  slot 1 스바르트 [TIMED] [words]=20시간 21분 ; segments=0 | 20시간 | 21 | 분 | 남음 -> spaced='0 20시간 21 분 남음' ; prefix_noise='20시간 21 분' -> '20시간 21분' (repair_noisy_hour_minute) / direct_parse='20시간 21분' => 15:19 스바르트 / 현재=18:58:54 / 남은시간=20시간 21분 / 계산=15:19 / warnings=-
  slot 2 모네가름 [TIMED] [words]=18시간 13분 ; segments=0 | 18 | 시간 | 13 | 분 | 남음 -> spaced='0 18 시간 13 분 남음' ; prefix_noise='18 시간 13 분' -> '18시간 13분' (repair_noisy_hour_minute) / direct_parse='18시간 13분' => 13:11 모네가름 / 현재=18:58:54 / 남은시간=18시간 13분 / 계산=13:11 / warnings=-
  slot 3 굴베이그 [TIMED] [words_compact]=14분 24초 ; segments=0 | 14분 | 24초 | 남음 -> compact='014분24초남음' ; unit_inferred=14분 24초 / direct_parse='14분 24초' => 19:13:18 굴베이그 / 현재=18:58:54 / 남은시간=14분 24초 / 계산=19:13:18 / warnings=-
  slot 4 두라스로르 [TIMED] [words_compact]=58분 7초 ; segments=0 | 58분 | 7초 | 남음 -> compact='058분7초남음' ; unit_inferred=58분 7초 / direct_parse='58분 7초' => 19:57:01 두라스로르 / 현재=18:58:54 / 남은시간=58분 7초 / 계산=19:57:01 / warnings=-
  slot 5 드라우그 [TIMED] [words]=21시간 53분 ; segments=0 | 21 | 시간 | 53 | 분 | 남음 -> spaced='0 21 시간 53 분 남음' ; prefix_noise='21 시간 53 분' -> '21시간 53분' (repair_noisy_hour_minute) / direct_parse='21시간 53분' => 16:51 드라우그 / 현재=18:58:54 / 남은시간=21시간 53분 / 계산=16:51 / warnings=-
  slot 6 오딘 [TIMED] [words_compact]=2일 23시간 ; segments=0 | 2일 | 23시간 | 남음 -> compact='02일23시간남음' ; unit_inferred=2일 23시간 / direct_parse='2일 23시간' => 오딘 2일 23시간 / 현재=18:58:54 / 남은시간=2일 23시간 / 계산=17:58 / warnings=-
[이미지 4] area=무스펠하임 base=18:58:56
  ocr2 fixed=1600x900 window=176,190,1410,709 area=무스펠하임 best=무스펠하임 final=무스펠하임 reason=fixed_full_name_2plus highlight=- fixed_tab=- def=440 def_boss=5 slot_match=5 slot_strong=5 slot_full=5 base=18:58:56 diag=ok=1 err=- img=1301440 src=1600x900 ocr=1600x900 lines=36 words=76 text=306
  slot 1 메기르 [TIMED] [words_compact]=1일 11시간 ; segments=0 | 1일 | 11시간남음 -> compact='01일11시간남음' ; unit_inferred=1일 11시간 / direct_parse='1일 11시간' => 메기르 1일 11시간 / 현재=18:58:56 / 남은시간=1일 11시간 / 계산=05:58 / warnings=-
  slot 2 헤르가름 [TIMED] [words_compact]=1일 10시간 ; segments=0 | 1일 | 10시간 | 남음 -> compact='01일10시간남음' ; unit_inferred=1일 10시간 / direct_parse='1일 10시간' => 헤르가름 1일 10시간 / 현재=18:58:56 / 남은시간=1일 10시간 / 계산=04:58 / warnings=-
  slot 3 엘드룬 [TIMED] [words_compact]=1일 10시간 ; segments=0 | 1일 | 10시간 | 남음 -> compact='01일10시간남음' ; unit_inferred=1일 10시간 / direct_parse='1일 10시간' => 엘드룬 1일 10시간 / 현재=18:58:56 / 남은시간=1일 10시간 / 계산=04:58 / warnings=-
  slot 4 수르트 [TIMED] [words_compact]=2일 19시간 ; segments=0 | 2일 | 19시간 | 남음 -> compact='02일19시간남음' ; unit_inferred=2일 19시간 / direct_parse='2일 19시간' => 수르트 2일 19시간 / 현재=18:58:56 / 남은시간=2일 19시간 / 계산=13:58 / warnings=-
  slot 5 신마라 [TIMED] [words_compact]=1일 4시간 ; segments=0 | 1일 | 4시간 | 남음 -> compact='01일4시간남음' ; unit_inferred=1일 4시간 / direct_parse='1일 4시간' => 신마라 1일 4시간 / 현재=18:58:56 / 남은시간=1일 4시간 / 계산=22:58 / warnings=-
  slot 6 탕그 [TIMED] [words_compact]=1일 5시간 ; segments=0 | 1일 | 5시간 | 남음 -> compact='01일5시간남음' ; unit_inferred=1일 5시간 / direct_parse='1일 5시간' => 탕그 1일 5시간 / 현재=18:58:56 / 남은시간=1일 5시간 / 계산=23:58 / warnings=-
  slot 7 우로보로스 [TIMED] [words_compact]=1일 11시간 ; segments=0 | 1일 | 11시간남음 -> compact='01일11시간남음' ; unit_inferred=1일 11시간 / direct_parse='1일 11시간' => 우로보로스 1일 11시간 / 현재=18:58:56 / 남은시간=1일 11시간 / 계산=05:58 / warnings=-
[이미지 5] area=아스가르드 base=18:58:58
  ocr2 fixed=1600x900 window=176,190,1410,709 area=아스가르드 best=아스가르드 final=아스가르드 reason=fixed_full_name_2plus highlight=- fixed_tab=- def=440 def_boss=5 slot_match=5 slot_strong=5 slot_full=5 base=18:58:58 diag=ok=1 err=- img=1218227 src=1600x900 ocr=1600x900 lines=36 words=71 text=251
  slot 1 발리 [TIMED] [words]=9시간 45분 ; segments=0 | 9시간 | 45 | 분 | 남음 -> spaced='0 9시간 45 분 남음' ; prefix_noise='9시간 45 분' -> '9시간 45분' (repair_noisy_hour_minute) / direct_parse='9시간 45분' => 04:43 발리 / 현재=18:58:58 / 남은시간=9시간 45분 / 계산=04:43 / warnings=-
  slot 2 샤무크 [TIMED] [words_compact]=4분 47초 ; segments=0 | 4분 | 47초 | 남음 -> compact='04분47초남음' ; unit_inferred=4분 47초 / direct_parse='4분 47초' => 19:03:45 샤무크 / 현재=18:58:58 / 남은시간=4분 47초 / 계산=19:03:45 / warnings=-
  slot 3 그로아 [TIMED] [words_compact]=5시간 24분 ; segments=0 | 5시간 | 24분 | 남음 -> compact='05시간24분남음' ; prefix_noise='5시간24분' -> '5시간 24분' (repair_noisy_hour_minute) / direct_parse='5시간 24분' => 00:22 그로아 / 현재=18:58:58 / 남은시간=5시간 24분 / 계산=00:22 / warnings=-
  slot 4 노트 [TIMED] [words_compact]=1일 23시간 ; segments=0 | 1일 | 23시간 | 남음 -> compact='01일23시간남음' ; unit_inferred=1일 23시간 / direct_parse='1일 23시간' => 노트 1일 23시간 / 현재=18:58:58 / 남은시간=1일 23시간 / 계산=17:58 / warnings=-
  slot 5 스칼드메르 [TIMED] [words_compact]=4시간 54분 ; segments=0 | 4시간 | 54분 | 남음 -> compact='04시간54분남음' ; prefix_noise='4시간54분' -> '4시간 54분' (repair_noisy_hour_minute) / direct_parse='4시간 54분' => 23:52 스칼드메르 / 현재=18:58:58 / 남은시간=4시간 54분 / 계산=23:52 / warnings=-
  slot 6 미미르 [TIMED] [words_compact]=7시간 50분 ; segments=0 | 7시간 | 50분 | 남음 -> compact='07시간50분남음' ; prefix_noise='7시간50분' -> '7시간 50분' (repair_noisy_hour_minute) / direct_parse='7시간 50분' => 02:48 미미르 / 현재=18:58:58 / 남은시간=7시간 50분 / 계산=02:48 / warnings=-
[이미지 6] area=니플하임 base=18:58:59
  ocr2 fixed=1600x900 window=176,190,1410,709 area=니플하임 best=니플하임 final=니플하임 reason=fixed_full_name_2plus highlight=- fixed_tab=- def=131 def_boss=2 slot_match=3 slot_strong=3 slot_full=3 base=18:58:59 diag=ok=1 err=- img=1123758 src=1600x900 ocr=1600x900 lines=30 words=59 text=212
  slot 1 히로킨 [TIMED] [words]=19시간 51분 ; segments=0 | 19시간 | 51 | 분 | 남음 -> spaced='0 19시간 51 분 남음' ; prefix_noise='19시간 51 분' -> '19시간 51분' (repair_noisy_hour_minute) / direct_parse='19시간 51분' => 14:49 히로킨 / 현재=18:58:59 / 남은시간=19시간 51분 / 계산=14:49 / warnings=-
  slot 2 헤이드 [ACTIVE] [line]=출현 중 ; line='0 출현 중' ; presence_detected => 헤이드 출현 중 / 현재=18:58:59 / 남은시간=출현 중 / 계산=- / warnings=-
  slot 3 이미르 [TIMED] [words_compact]=1일 0시간 ; segments=0 | 1일 | 0시간 | 남음 -> compact='01일0시간남음' ; unit_inferred=1일 0시간 / direct_parse='1일 0시간' => 이미르 1일 0시간 / 현재=18:58:59 / 남은시간=1일 0시간 / 계산=18:58 / warnings=-
  slot 4 호드 [TIMED] [words_split_digits]=1시간 2분 ; segments=0 | 1 | 시간 | 2분 | 남음 -> merged_digits='01 시간 2분 남음' ; direct_parse='1시간 2분' => 20:00 호드 / 현재=18:58:59 / 남은시간=1시간 2분 / 계산=20:00 / warnings=-
  slot 5 프레이 [TIMED] [words]=13시간 37분 ; segments=0 | 13 | 시간 | 37 | = | - | 남음 -> spaced='0 13 시간 37 = - 남음' ; prefix_noise='13 시간 37 = -' -> '13시간 37분' (repair_noisy_hour_minute) / direct_parse='13시간 37분' => 08:35 프레이 / 현재=18:58:59 / 남은시간=13시간 37분 / 계산=08:35 / warnings=-
[이미지 7] area=던전 base=18:59:04
  ocr2 fixed=1600x900 window=176,190,1410,709 area=던전 best=던전 final=던전 reason=fixed_full_name_2plus highlight=- fixed_tab=- def=640 def_boss=7 slot_match=5 slot_strong=3 slot_full=5 base=18:59:04 diag=ok=1 err=- img=1206490 src=1600x900 ocr=1600x900 lines=39 words=80 text=317
  slot 1 최하층굴베 [TIMED] [words_compact]=2시간 30분 ; segments=0 | 2시간 | 30분 | 남음 -> compact='02시간30분남음' ; prefix_noise='2시간30분' -> '2시간 30분' (repair_noisy_hour_minute) / direct_parse='2시간 30분' => 21:29 최하층굴베 / 현재=18:59:04 / 남은시간=2시간 30분 / 계산=21:29 / warnings=-
  slot 2 최하층스네르 [TIMED] [words_compact]=2일 16시간 ; segments=0 | 2일 | 16시간 | 남음 -> compact='02일16시간남음' ; unit_inferred=2일 16시간 / direct_parse='2일 16시간' => 최하층스네르 2일 16시간 / 현재=18:59:04 / 남은시간=2일 16시간 / 계산=10:59 / warnings=-
  slot 3 7층 [TIMED] [words_compact]=22시간 21분 ; segments=0 | 22시간 | 21분 | 남음 -> compact='022시간21분남음' ; prefix_noise='22시간21분' -> '22시간 21분' (repair_noisy_hour_minute) / direct_parse='22시간 21분' => 17:20 7층 / 현재=18:59:04 / 남은시간=22시간 21분 / 계산=17:20 / warnings=-
  slot 4 최하층강글 [TIMED] [words_compact]=3시간 22분 ; segments=0 | 3시간 | 22분 | 남음 -> compact='03시간22분남음' ; prefix_noise='3시간22분' -> '3시간 22분' (repair_noisy_hour_minute) / direct_parse='3시간 22분' => 22:21 최하층강글 / 현재=18:59:04 / 남은시간=3시간 22분 / 계산=22:21 / warnings=-
  slot 5 4층 [TIMED] [words_compact]=4시간 54분 ; segments=0 | 4시간 | 54분 | 남음 -> compact='04시간54분남음' ; prefix_noise='4시간54분' -> '4시간 54분' (repair_noisy_hour_minute) / direct_parse='4시간 54분' => 23:53 4층 / 현재=18:59:04 / 남은시간=4시간 54분 / 계산=23:53 / warnings=-
  slot 6 10층 [TIMED] [words_compact]=1일 11시간 ; segments=0 | 1일 | 11시간남음 -> compact='01일11시간남음' ; unit_inferred=1일 11시간 / direct_parse='1일 11시간' => 10층 1일 11시간 / 현재=18:59:04 / 남은시간=1일 11시간 / 계산=05:59 / warnings=-

[2026-05-13 19:25:20] mode=ocr2
[이미지 1] area=요툰하임 base=19:24:08
  ocr2 fixed=1600x900 window=176,190,1410,709 area=요툰하임 best=요툰하임 final=요툰하임 reason=fixed_full_name_2plus highlight=- fixed_tab=- def=337 def_boss=4 slot_match=3 slot_strong=3 slot_full=3 base=19:24:08 diag=ok=1 err=- img=1374759 src=1600x900 ocr=1600x900 lines=37 words=79 text=275
  slot 4 야른 [TIMED] [words_compact]=3시간 39분 ; segments=0 | 3시간 | 39분 | 남음 -> compact='03시간39분남음' ; prefix_noise='3시간39분' -> '3시간 39분' (repair_noisy_hour_minute) / direct_parse='3시간 39분' => 23:03 침공 야른 / 현재=19:24:08 / 남은시간=3시간 39분 / 계산=23:03 / warnings=-
  slot 7 니드호그 [TIMED] [words_split_digits]=3시간 39분 ; segments=0 | 3 | 시간 | 39 | = | - | 남음 -> merged_digits='03 시간 39 = - 남음' ; prefix_noise='3시간 39 = -' -> '3시간 39분' (repair_noisy_hour_minute) / direct_parse='3시간 39분' => 23:03 침공 니드호그 / 현재=19:24:08 / 남은시간=3시간 39분 / 계산=23:03 / warnings=-
[이미지 2] area=니다벨리르 base=19:24:09
  ocr2 fixed=1600x900 window=176,190,1410,709 area=니다벨리르 best=니다벨리르 final=니다벨리르 reason=fixed_full_name_2plus highlight=- fixed_tab=- def=234 def_boss=3 slot_match=4 slot_strong=4 slot_full=4 base=19:24:09 diag=ok=1 err=- img=1376223 src=1600x900 ocr=1600x900 lines=42 words=87 text=298
  slot 1 라이노르 [TIMED] [words_split_digits]=3시간 39분 ; segments=0 | 3 | 시간 | 39 | = | - | 남음 -> merged_digits='03 시간 39 = - 남음' ; prefix_noise='3시간 39 = -' -> '3시간 39분' (repair_noisy_hour_minute) / direct_parse='3시간 39분' => 23:03 침공 라이노르 / 현재=19:24:09 / 남은시간=3시간 39분 / 계산=23:03 / warnings=-
  slot 3 브륀힐드 [TIMED] [words_split_digits]=3시간 52분 ; segments=0 | 3 | 시간 | 52 | = | 남음 -> merged_digits='03 시간 52 = 남음' ; prefix_noise='3시간 52 =' -> '3시간 52분' (repair_noisy_hour_minute) / direct_parse='3시간 52분' => 23:16 침공 브륀힐드 / 현재=19:24:09 / 남은시간=3시간 52분 / 계산=23:16 / warnings=-
  slot 4 수드리 [TIMED] [words_compact]=4시간 35분 ; segments=0 | 4시간 | 35분 | 남음 -> compact='04시간35분남음' ; prefix_noise='4시간35분' -> '4시간 35분' (repair_noisy_hour_minute) / direct_parse='4시간 35분' => 23:59 침공 수드리 / 현재=19:24:09 / 남은시간=4시간 35분 / 계산=23:59 / warnings=-
  slot 5 비요른 [TIMED] [words_split_digits]=3시간 39분 ; segments=0 | 3 | 시간 | 39 | = | - | 남음 -> merged_digits='03 시간 39 = - 남음' ; prefix_noise='3시간 39 = -' -> '3시간 39분' (repair_noisy_hour_minute) / direct_parse='3시간 39분' => 23:03 침공 비요른 / 현재=19:24:09 / 남은시간=3시간 39분 / 계산=23:03 / warnings=-
  slot 7 라타토스크 [TIMED] [words_split_digits]=3시간 39분 ; segments=0 | 3 | 시간 | 39 | = | “ | 남음 -> merged_digits='03 시간 39 = “ 남음' ; prefix_noise='3시간 39 = “' -> '3시간 39분' (repair_noisy_hour_minute) / direct_parse='3시간 39분' => 23:03 침공 라타토스크 / 현재=19:24:09 / 남은시간=3시간 39분 / 계산=23:03 / warnings=-
[이미지 3] area=알브하임 base=19:24:12
  ocr2 fixed=1600x900 window=176,190,1410,709 area=알브하임 best=알브하임 final=알브하임 reason=fixed_full_name_2plus highlight=- fixed_tab=- def=440 def_boss=5 slot_match=5 slot_strong=5 slot_full=5 base=19:24:12 diag=ok=1 err=- img=1231890 src=1600x900 ocr=1600x900 lines=38 words=75 text=276
  slot 2 모네가름 [TIMED] [words_compact]=33분 11초 ; segments=033= | 부 | 1 | 1초 | 남음 -> compact='033=부11초남음' ; prefix_noise='033부11초' -> '33분 11초' (repair_minute_glyph, repair_zero_prefixed_minute_second_explicit) / direct_parse='33분 11초' => 19:57:23 침공 모네가름 / 현재=19:24:12 / 남은시간=33분 11초 / 계산=19:57:23 / warnings=-
[이미지 4] area=무스펠하임 base=19:24:14
  ocr2 fixed=1600x900 window=176,190,1410,709 area=무스펠하임 best=무스펠하임 final=무스펠하임 reason=fixed_full_name_2plus highlight=- fixed_tab=- def=440 def_boss=5 slot_match=5 slot_strong=5 slot_full=5 base=19:24:14 diag=ok=1 err=- img=1285894 src=1600x900 ocr=1600x900 lines=36 words=75 text=293
  slot 5 신마라 [TIMED] [words_compact]=31분 26초 ; segments=031 | 분 | 26초 | 남음 -> compact='031분26초남음' ; unit_inferred=31분 26초 / direct_parse='31분 26초' => 19:55:40 침공 신마라 / 현재=19:24:14 / 남은시간=31분 26초 / 계산=19:55:40 / warnings=-
[이미지 5] area=니플하임 base=19:24:37
  ocr2 fixed=1600x900 window=176,190,1410,709 area=니플하임 best=니플하임 final=니플하임 reason=fixed_full_name_2plus highlight=- fixed_tab=- def=131 def_boss=2 slot_match=3 slot_strong=3 slot_full=3 base=19:24:37 diag=ok=1 err=- img=1128991 src=1600x900 ocr=1600x900 lines=32 words=64 text=232
  slot 2 헤이드 [TIMED] [words_split_digits]=3시간 13분 ; segments=0 | 3 | 시간 | 13 | 분 | 남음 -> merged_digits='03 시간 13 분 남음' ; prefix_noise='3시간 13 분' -> '3시간 13분' (repair_noisy_hour_minute) / direct_parse='3시간 13분' => 22:37 침공 헤이드 / 현재=19:24:37 / 남은시간=3시간 13분 / 계산=22:37 / warnings=-

